Date,Price,Open,High,Low,Volume
2000-09-05,275.8,275.8,275.8,275.8,2
2000-09-07,274.0,274.0,274.0,274.0,125
2000-09-27,278.4,278.4,278.4,278.4,3511
2000-09-28,275.6,277.5,277.5,275.1,631
2000-09-29,273.6,274.6,274.6,272.0,22
2000-10-02,273.1,272.8,273.5,272.5,161
2000-10-03,271.6,272.1,272.8,271.5,25
2000-10-04,270.3,270.5,271.0,270.1,11
2000-10-05,270.6,270.3,270.6,270.0,6
2000-10-06,269.3,269.8,270.2,269.3,2
2000-10-09,270.1,269.1,270.1,269.1,4
2000-10-10,272.4,272.4,272.4,272.4,13
2000-10-11,270.5,272.5,273.5,270.5,18
2000-10-12,276.4,274.0,276.4,274.0,3
2000-10-16,271.5,271.5,271.5,271.5,5
2000-10-19,270.1,270.1,270.1,270.1,1
2000-10-20,271.2,271.2,271.2,271.2,32
2000-10-23,270.1,271.7,271.7,270.1,1
2000-10-24,270.1,269.8,270.1,269.8,16
2000-10-25,266.2,266.2,267.1,266.0,20
2000-10-27,264.4,265.5,265.5,264.4,1
2000-10-30,264.3,264.3,264.3,264.3,2
2000-11-13,264.3,264.3,264.3,264.3,100
2000-11-16,265.8,265.8,265.8,265.8,3
2000-11-17,265.7,265.2,265.7,265.2,7
2000-11-28,269.8,269.8,269.8,269.8,28696
2000-11-29,266.4,269.6,270.1,265.8,2849
2000-11-30,270.1,266.4,270.2,266.2,810
2000-12-01,268.7,269.7,272.0,268.5,332
2000-12-04,270.7,271.0,272.0,270.0,137
2000-12-05,270.4,270.9,271.0,269.9,407
2000-12-06,274.3,271.0,274.3,270.6,81
2000-12-07,273.2,274.3,276.0,272.6,36
2000-12-08,272.2,272.7,273.0,272.2,120
2000-12-11,270.2,270.7,270.7,269.2,15
2000-12-12,270.3,270.3,270.3,269.5,62
2000-12-13,268.6,270.0,270.0,268.1,30
2000-12-14,269.0,268.6,269.0,268.0,31
2000-12-15,270.4,269.2,270.4,269.2,63
2000-12-18,269.7,270.0,270.0,269.7,17
2000-12-19,269.7,269.7,269.7,269.0,203
2000-12-20,272.5,272.5,272.5,272.0,5
2000-12-21,273.7,273.0,273.7,273.0,110
2000-12-22,273.7,273.7,274.0,273.7,13
2000-12-27,275.2,274.5,275.2,274.5,1
2000-12-28,271.7,273.2,273.2,271.7,1
2001-01-03,268.0,268.0,268.0,268.0,1
2001-01-04,267.3,267.3,267.3,267.3,1
2001-01-29,262.8,262.8,262.8,262.8,15489
2001-01-30,265.5,262.9,266.6,262.9,1754
2001-01-31,265.6,265.2,266.0,263.7,566
2001-02-01,268.5,266.3,268.9,266.3,410
2001-02-02,267.1,268.0,268.2,266.5,107
2001-02-05,265.2,265.1,265.8,265.1,192
2001-02-06,263.3,263.9,263.9,261.8,25
2001-02-07,262.8,262.8,263.5,262.4,166
2001-02-08,260.1,263.5,263.5,259.8,13
2001-02-12,260.7,262.5,262.5,260.1,17
2001-02-14,259.4,260.0,260.0,259.4,30
2001-02-15,255.1,259.5,259.5,255.1,23
2001-02-16,258.2,255.0,258.5,255.0,2
2001-02-20,256.1,256.1,256.1,255.0,24
2001-02-21,258.2,256.7,258.2,256.6,40
2001-02-22,258.5,258.5,258.5,257.5,16
2001-02-26,265.8,262.0,265.8,261.5,1
2001-03-05,262.5,262.5,262.5,262.5,11
2001-03-06,259.9,260.0,260.0,259.9,20
2001-03-12,271.6,271.6,271.6,271.6,8
2001-03-15,260.0,260.0,260.0,260.0,2
2001-03-22,261.1,261.1,261.1,261.1,1
2001-03-28,259.7,259.7,259.7,259.7,22994
2001-03-29,258.8,259.7,260.4,258.2,5646
2001-03-30,257.9,258.8,259.3,256.6,2479
2001-04-02,255.6,257.2,257.8,255.0,456
2001-04-03,256.8,255.5,258.6,255.5,326
2001-04-04,258.4,258.3,260.5,258.0,175
2001-04-05,258.1,259.1,259.1,257.7,150
2001-04-06,260.0,259.5,260.2,257.8,86
2001-04-09,258.3,260.5,260.5,258.0,28
2001-04-10,257.3,258.3,258.3,256.6,31
2001-04-11,258.7,257.7,260.0,256.5,95
2001-04-12,260.1,260.1,261.0,259.0,20
2001-04-16,263.3,260.5,263.8,260.3,71
2001-04-17,261.1,260.5,262.4,260.5,38
2001-04-19,265.3,263.0,265.3,262.3,101
2001-04-20,264.8,264.7,265.0,263.5,16
2001-04-23,263.7,263.6,263.7,262.6,69
2001-04-24,264.1,265.0,265.0,264.0,64
2001-04-26,264.4,264.4,264.4,263.5,1
2001-04-27,263.9,263.9,263.9,263.9,6
2001-05-23,283.6,283.6,283.6,283.6,6
2001-05-24,279.1,279.1,279.1,279.1,6
2001-05-29,273.8,273.8,273.8,273.8,28775
2001-05-30,265.7,274.4,275.0,264.2,2955
2001-05-31,265.3,265.1,268.1,264.8,1108
2001-06-01,266.4,264.7,266.9,264.5,251
2001-06-04,264.9,266.9,266.9,264.5,122
2001-06-05,265.7,265.0,265.9,264.5,126
2001-06-06,265.7,266.7,267.0,265.2,112
2001-06-07,266.0,266.3,266.5,265.0,119
2001-06-08,273.4,266.2,274.2,266.2,166
2001-06-11,267.9,271.1,271.2,266.5,131
2001-06-12,271.5,270.0,271.5,269.0,91
2001-06-13,272.0,271.9,272.5,270.0,38
2001-06-14,275.3,272.0,276.0,272.0,76
2001-06-15,271.2,274.3,274.7,271.2,20
2001-06-18,272.4,272.0,272.5,271.3,31
2001-06-19,273.4,273.0,273.4,273.0,21
2001-06-20,272.4,272.7,272.7,271.0,26
2001-06-21,272.6,271.8,272.6,271.8,12
2001-06-25,273.7,275.0,275.0,273.7,8
2001-07-03,267.6,267.6,267.6,267.6,1
2001-07-05,265.1,265.1,265.1,263.7,1
2001-07-06,265.9,265.9,265.9,265.9,70
2001-07-10,266.2,266.2,266.2,266.2,5
2001-07-17,268.1,268.1,268.1,268.1,5
2001-07-19,269.4,269.4,269.4,269.4,5
2001-07-27,267.4,267.4,267.4,267.4,17975
2001-07-30,264.6,267.3,267.5,264.1,1912
2001-07-31,266.2,264.8,266.5,264.4,348
2001-08-01,267.4,266.2,268.1,265.8,284
2001-08-02,267.4,267.0,268.0,266.1,136
2001-08-03,267.9,267.0,268.5,266.5,234
2001-08-06,267.1,267.8,267.8,267.0,156
2001-08-07,267.2,267.0,267.2,265.9,291
2001-08-08,267.9,266.1,268.0,265.9,436
2001-08-09,273.4,268.0,274.0,268.0,107
2001-08-10,273.9,273.4,275.8,273.0,3
2001-08-13,275.7,275.2,275.7,275.2,8
2001-08-14,276.3,274.8,276.3,273.2,10
2001-08-15,275.7,275.0,276.0,275.0,2
2001-08-16,275.2,275.0,275.2,275.0,6
2001-08-17,279.3,277.6,279.3,277.2,26
2001-08-20,276.1,277.2,277.2,276.1,1
2001-08-21,275.0,275.0,275.0,275.0,2
2001-08-24,272.5,272.5,272.5,272.5,59
2001-08-27,272.6,272.5,272.6,272.4,56
2001-09-19,291.5,291.5,291.5,291.5,1
2001-09-20,289.0,289.5,289.5,289.0,1
2001-09-26,293.3,293.3,293.3,293.3,1010
2001-09-27,291.7,293.5,293.5,289.0,942
2001-09-28,292.4,290.7,294.0,290.7,1183
2001-10-01,292.2,291.8,292.9,290.5,91
2001-10-02,289.9,292.1,292.1,289.9,157
2001-10-03,290.5,291.0,291.2,290.1,84
2001-10-04,290.5,290.0,292.0,290.0,20
2001-10-05,291.4,291.5,292.5,291.4,10
2001-10-08,292.4,292.0,292.5,292.0,10
2001-10-09,288.9,292.7,292.7,288.9,17
2001-10-10,285.7,287.5,287.5,284.0,71
2001-10-11,281.8,283.5,283.5,280.5,140
2001-10-12,284.9,282.2,284.9,282.2,27
2001-10-15,282.1,282.7,282.7,282.1,51
2001-10-16,282.3,282.2,282.8,281.7,140
2001-10-17,283.4,282.2,283.4,282.2,7
2001-10-18,279.2,282.5,282.5,279.2,7
2001-10-19,280.1,279.5,280.1,279.0,4
2001-10-22,275.5,275.5,275.5,275.5,4
2001-10-23,276.1,277.0,277.0,276.1,42
2001-10-24,275.9,275.9,275.9,275.9,1
2001-10-25,277.8,277.8,277.8,277.8,1
2001-10-26,277.9,277.9,277.9,277.9,1
2001-10-29,279.1,278.5,279.1,278.5,6
2001-10-30,280.6,281.2,281.2,279.5,2
2001-11-06,279.7,279.7,279.7,279.7,90
2001-11-07,281.0,280.5,281.0,280.5,5
2001-11-08,276.8,278.0,278.0,276.8,1
2001-11-12,278.3,278.3,278.3,278.3,4
2001-11-28,274.1,274.1,274.1,274.1,22395
2001-11-29,273.5,274.1,275.4,273.0,4710
2001-11-30,273.9,273.2,275.5,272.6,744
2001-12-03,276.9,273.5,277.5,273.5,389
2001-12-04,275.4,276.9,277.2,275.0,214
2001-12-05,273.7,275.3,275.6,273.0,198
2001-12-06,274.2,274.2,274.3,273.1,73
2001-12-07,273.9,274.1,274.4,273.3,478
2001-12-10,272.2,272.5,273.2,271.2,357
2001-12-11,272.2,272.5,272.5,271.5,79
2001-12-12,273.8,272.7,273.8,272.5,57
2001-12-13,273.9,274.0,274.4,273.5,44
2001-12-14,278.0,275.0,278.5,275.0,51
2001-12-17,277.7,278.2,278.2,277.0,17
2001-12-18,280.4,280.4,281.3,278.3,119
2001-12-19,275.5,280.0,280.0,275.5,18
2001-12-20,276.0,276.5,276.5,276.0,18
2001-12-21,278.0,276.0,278.6,276.0,39
2001-12-27,277.4,278.0,278.5,277.2,2
2001-12-28,276.5,276.5,276.5,276.5,2
2001-12-31,278.7,276.8,278.7,276.8,2
2002-01-02,278.9,278.9,278.9,278.9,2
2002-01-03,278.2,278.2,278.2,278.2,2
2002-01-04,278.9,278.9,278.9,278.9,2
2002-01-07,278.6,278.6,279.0,278.6,1
2002-01-08,278.9,278.9,278.9,278.9,1
2002-01-09,283.4,283.4,283.4,283.4,1
2002-01-10,287.1,287.1,287.1,287.1,2
2002-01-11,287.4,287.4,287.4,287.4,2
2002-01-14,285.4,285.4,285.4,285.4,2
2002-01-15,284.4,284.4,284.4,284.4,2
2002-01-16,287.3,287.3,287.3,287.3,2
2002-01-17,284.4,284.4,284.4,284.4,2
2002-01-18,283.1,283.1,283.1,283.1,2
2002-01-22,281.5,281.5,281.5,281.5,2
2002-01-23,278.6,278.6,278.6,278.6,2
2002-01-24,278.1,278.1,278.1,278.1,2
2002-01-25,278.8,278.8,278.8,278.8,2
2002-01-28,278.3,278.3,278.3,278.3,2
2002-01-29,281.4,281.4,281.4,281.4,23818
2002-01-30,281.9,281.9,283.2,280.5,3680
2002-01-31,282.1,281.0,282.8,280.8,1082
2002-02-01,286.0,282.3,287.5,282.2,536
2002-02-04,289.3,286.0,290.0,285.4,336
2002-02-05,298.2,290.0,298.2,290.0,1043
2002-02-06,297.5,297.3,308.0,296.2,239
2002-02-07,299.7,297.2,301.5,296.2,264
2002-02-08,303.5,304.5,307.4,302.8,187
2002-02-11,300.1,303.5,303.5,297.5,362
2002-02-12,300.7,299.0,300.7,297.0,454
2002-02-13,299.4,300.5,300.7,296.7,229
2002-02-14,299.7,300.0,300.5,299.4,20
2002-02-15,298.4,300.5,301.6,298.4,62
2002-02-19,293.2,297.0,297.3,293.2,35
2002-02-20,292.3,294.1,294.2,290.8,24
2002-02-21,293.2,291.8,293.4,291.8,13
2002-02-22,293.2,293.2,293.2,292.5,151
2002-02-26,298.0,294.0,298.0,293.2,4
2002-02-27,296.3,295.3,296.3,295.3,5
2002-03-04,296.7,296.7,296.7,296.7,5
2002-03-07,290.1,290.1,290.1,290.1,76
2002-03-11,291.1,291.1,291.1,291.1,44
2002-03-20,292.1,292.1,292.1,292.1,6
2002-03-26,296.6,296.6,296.6,296.6,24896
2002-03-27,302.2,296.8,303.1,296.3,4104
2002-03-28,302.6,302.8,304.5,300.5,334
2002-04-01,303.2,302.6,303.2,300.7,436
2002-04-02,305.9,303.0,306.8,302.5,276
2002-04-03,302.6,306.0,306.0,302.0,251
2002-04-04,301.1,302.6,302.6,299.0,86
2002-04-05,300.1,300.7,302.5,298.7,97
2002-04-08,300.5,299.0,301.5,299.0,133
2002-04-09,298.8,300.0,300.0,298.5,66
2002-04-10,301.7,298.0,302.5,297.7,42
2002-04-11,302.2,301.7,303.2,301.5,108
2002-04-12,302.1,301.5,302.1,300.5,118
2002-04-15,300.0,303.3,303.3,299.9,132
2002-04-16,298.8,299.2,299.2,297.5,39
2002-04-17,302.1,298.8,303.3,298.8,11
2002-04-18,304.5,303.6,306.0,303.6,68
2002-04-19,302.3,302.5,302.5,301.9,30
2002-04-22,303.0,304.1,304.1,303.0,40
2002-04-23,304.0,302.9,304.0,302.8,120
2002-04-24,304.3,305.0,305.7,304.3,173
2002-05-08,308.2,308.2,308.2,308.2,2
2002-05-13,310.6,311.0,311.0,310.6,7
2002-05-29,325.4,325.4,325.4,325.4,22051
2002-05-30,325.5,325.4,326.7,323.5,6764
2002-05-31,326.5,325.0,329.0,324.2,919
2002-06-03,326.7,326.6,328.5,325.0,1866
2002-06-04,327.8,327.0,330.3,327.0,996
2002-06-05,321.2,327.3,327.3,320.1,190
2002-06-06,324.9,321.1,326.0,321.1,422
2002-06-07,324.6,325.5,327.5,323.9,237
2002-06-10,318.7,323.0,323.9,318.0,171
2002-06-11,319.7,319.3,319.7,316.0,602
2002-06-12,320.3,319.6,322.3,318.8,71
2002-06-13,317.7,320.1,320.1,317.0,67
2002-06-14,319.1,321.2,321.5,319.1,43
2002-06-17,317.4,318.0,318.8,317.3,329
2002-06-18,319.2,317.0,319.2,317.0,19
2002-06-19,319.8,320.2,320.6,319.8,116
2002-06-20,323.2,321.3,324.5,321.3,52
2002-06-21,324.6,322.9,325.2,322.2,329
2002-06-24,324.3,326.5,327.3,324.0,294
2002-06-26,320.5,322.1,324.0,320.5,13
2002-07-01,314.0,314.0,314.0,314.0,20
2002-07-03,310.9,311.0,311.0,310.9,2
2002-07-08,312.1,313.3,313.3,312.1,10
2002-07-12,315.6,315.6,315.6,315.6,2
2002-07-15,319.6,320.5,320.5,319.0,18
2002-07-17,317.4,317.4,317.4,317.4,24
2002-07-18,317.0,317.0,317.0,317.0,29
2002-07-19,323.9,323.9,323.9,323.9,403
2002-07-25,309.8,309.8,309.8,309.8,3
2002-07-29,302.5,302.5,302.5,300.8,23830
2002-07-30,303.7,301.5,305.2,301.5,3224
2002-07-31,303.2,303.7,305.3,301.8,965
2002-08-01,304.0,303.2,304.8,298.0,217
2002-08-02,307.0,303.6,307.9,303.6,392
2002-08-05,307.8,307.5,309.6,306.5,139
2002-08-06,305.5,307.5,307.5,304.8,52
2002-08-07,314.3,308.0,315.5,307.9,177
2002-08-08,310.4,314.6,314.6,310.3,86
2002-08-09,314.2,310.0,315.0,310.0,29
2002-08-12,314.1,313.8,318.0,313.8,8
2002-08-13,314.2,313.6,315.0,313.6,68
2002-08-14,311.8,317.0,317.0,311.0,152
2002-08-15,314.3,311.6,316.5,311.1,132
2002-08-16,313.7,313.1,315.0,312.2,725
2002-08-19,306.0,313.1,313.1,305.5,118
2002-08-20,308.7,307.4,308.7,306.2,219
2002-08-21,307.6,307.5,308.0,306.0,105
2002-08-22,306.6,305.8,306.6,304.9,378
2002-08-23,306.7,305.5,306.7,305.2,53
2002-08-26,309.4,310.5,310.5,309.4,153
2002-08-28,309.4,311.9,312.5,309.4,17
2002-08-30,312.4,312.4,312.4,312.4,36
2002-09-05,318.2,318.2,318.2,318.2,7
2002-09-20,321.9,321.9,321.9,321.9,7
2002-09-26,320.3,320.3,320.3,320.3,3485
2002-09-27,319.7,319.6,321.2,319.0,858
2002-09-30,323.9,320.7,324.2,320.4,43
2002-10-01,320.9,322.0,322.0,320.9,2837
2002-10-02,321.5,319.6,321.5,319.6,41
2002-10-03,321.1,321.0,322.9,321.0,9
2002-10-04,322.1,321.4,322.1,321.4,117
2002-10-07,321.9,322.0,322.2,321.9,12
2002-10-08,318.2,319.0,319.7,318.2,5
2002-10-09,319.6,318.2,319.6,318.2,35
2002-10-10,316.5,319.0,319.3,316.5,10
2002-10-11,316.3,316.7,317.0,316.3,18
2002-10-14,317.8,318.0,318.0,317.8,6
2002-10-15,312.6,315.5,315.5,312.6,31
2002-10-16,314.0,314.5,314.5,314.0,539
2002-10-17,311.6,314.0,314.0,311.5,17
2002-10-18,312.7,312.2,313.2,311.8,17
2002-10-21,310.9,310.9,313.0,310.9,12
2002-10-22,313.0,313.3,313.3,312.3,12
2002-10-23,312.0,313.3,313.3,312.0,80
2002-10-24,310.7,311.7,311.7,309.8,10
2002-10-25,313.4,314.0,314.0,312.8,26
2002-10-29,317.7,317.7,317.7,316.0,13
2002-10-30,316.5,316.5,316.5,316.0,2
2002-11-07,320.5,320.5,320.5,320.5,2
2002-11-12,324.5,324.5,324.5,324.5,4
2002-11-21,317.4,317.4,317.4,317.4,2
2002-11-22,320.7,317.4,320.7,317.2,4
2002-11-25,317.8,316.5,317.8,316.5,50896
2002-11-27,316.8,318.0,318.5,316.7,3643
2002-12-02,317.6,318.1,318.5,315.5,750
2002-12-03,320.2,317.4,321.2,317.1,628
2002-12-04,322.2,319.8,323.0,319.8,395
2002-12-05,324.8,321.7,324.8,321.0,859
2002-12-06,326.3,324.3,328.0,324.3,134
2002-12-09,325.8,325.7,326.6,324.8,124
2002-12-10,323.5,326.0,326.2,323.0,274
2002-12-11,324.8,323.2,325.0,323.2,224
2002-12-12,331.4,333.0,333.0,326.5,234
2002-12-13,333.2,331.0,336.0,330.3,64
2002-12-16,337.0,334.0,337.0,332.5,175
2002-12-17,337.4,337.5,342.0,336.5,27
2002-12-18,342.1,337.3,342.5,337.0,84
2002-12-19,345.9,344.4,349.2,342.5,48
2002-12-20,340.5,346.0,346.0,340.0,57
2002-12-23,345.1,344.5,345.1,342.0,227
2002-12-24,346.8,346.1,347.7,346.0,43
2002-12-27,349.2,348.8,350.5,347.2,95
2002-12-30,343.4,350.4,350.4,343.4,11
2003-01-02,346.1,346.1,346.1,346.1,3
2003-01-06,351.7,351.7,351.7,351.1,2
2003-01-07,347.3,349.3,349.3,347.3,4
2003-01-09,353.3,353.3,353.3,353.3,2
2003-01-10,354.5,354.2,354.5,354.2,1
2003-01-14,352.0,352.0,352.0,352.0,1
2003-01-21,357.3,357.3,357.3,356.2,20
2003-01-23,364.5,364.5,364.5,364.5,1
2003-01-24,368.2,368.2,368.2,367.0,44
2003-01-27,369.4,371.0,372.0,369.4,28
2003-01-29,366.3,366.3,366.3,366.3,834
2003-01-30,368.6,366.0,370.0,362.6,6537
2003-01-31,368.3,368.8,371.5,367.0,821
2003-02-03,370.8,368.0,372.0,368.0,1358
2003-02-04,379.0,371.4,379.5,371.2,833
2003-02-05,376.4,379.0,388.9,374.0,730
2003-02-06,370.1,370.0,377.0,368.4,179
2003-02-07,369.9,370.5,374.5,367.5,572
2003-02-10,363.7,370.4,372.0,363.7,611
2003-02-11,362.5,363.2,365.4,361.8,801
2003-02-12,352.6,363.8,364.6,352.6,221
2003-02-13,357.4,352.4,359.0,349.0,207
2003-02-14,351.9,354.9,357.6,349.9,518
2003-02-18,344.2,347.8,348.0,342.0,319
2003-02-19,349.9,344.0,350.0,344.0,160
2003-02-20,353.1,351.7,355.0,350.0,202
2003-02-21,351.8,352.5,353.8,351.8,83
2003-02-24,356.3,353.9,358.0,353.0,115
2003-02-26,354.0,353.0,356.0,351.5,3
2003-02-28,350.2,350.2,350.2,350.2,16
2003-03-12,346.5,346.5,346.5,346.5,1
2003-03-13,335.9,342.7,342.7,335.9,1
2003-03-14,336.5,336.5,336.5,336.5,4
2003-03-17,337.1,343.0,343.0,337.1,24
2003-03-18,337.6,336.0,340.1,336.0,5
2003-03-24,329.5,329.5,329.5,329.5,5
2003-03-25,328.4,328.4,328.4,328.4,13
2003-03-28,328.7,331.5,331.5,328.7,4021
2003-03-31,335.9,331.6,336.4,331.6,2026
2003-04-01,334.3,336.0,338.4,333.8,434
2003-04-02,329.6,334.4,335.7,327.5,293
2003-04-03,324.9,329.7,329.7,323.2,636
2003-04-04,325.3,324.7,325.5,323.0,154
2003-04-07,321.5,321.0,323.5,319.3,55
2003-04-08,322.2,322.3,323.9,321.5,860
2003-04-09,325.6,323.0,327.0,322.0,163
2003-04-10,326.7,327.0,327.3,324.4,45
2003-04-11,327.9,326.5,327.9,323.4,139
2003-04-14,324.2,325.6,326.0,324.2,25
2003-04-15,324.9,324.5,325.9,322.5,149
2003-04-17,327.2,326.0,328.3,326.0,16
2003-04-22,334.4,333.5,336.5,333.2,22
2003-04-23,331.5,334.3,334.7,331.5,77
2003-04-24,334.8,332.6,335.2,331.8,21
2003-04-28,334.5,335.0,335.0,334.5,1
2003-04-29,333.7,333.0,333.0,333.0,1
2003-04-30,339.1,337.0,337.0,337.0,6
2003-05-01,342.1,339.0,339.0,339.0,1
2003-05-02,341.0,342.1,342.2,342.2,1
2003-05-05,342.3,342.3,342.3,342.3,1
2003-05-06,342.5,342.5,342.5,342.5,5
2003-05-07,341.9,342.1,342.1,342.1,5
2003-05-08,348.4,344.6,344.6,344.6,6
2003-05-09,348.6,348.3,348.2,348.2,1
2003-05-12,351.6,351.6,351.6,351.6,1
2003-05-13,350.0,350.0,350.0,350.0,1
2003-05-14,352.3,350.1,350.1,350.1,1
2003-05-15,352.6,352.6,352.6,352.6,1
2003-05-16,354.7,352.6,352.7,352.7,1
2003-05-19,364.2,364.2,364.2,364.2,1
2003-05-20,366.3,366.3,366.3,366.3,1
2003-05-21,372.0,366.4,366.4,366.4,1
2003-05-22,368.1,368.1,368.1,368.1,1
2003-05-23,368.8,368.8,368.8,368.8,1
2003-05-27,367.8,367.8,367.8,367.8,68840
2003-05-28,365.2,367.0,367.3,358.6,57228
2003-05-29,369.6,365.1,370.0,360.2,33180
2003-05-30,364.5,368.6,369.6,360.5,4747
2003-06-02,366.0,360.0,367.0,360.0,1955
2003-06-03,365.2,365.0,366.9,363.0,987
2003-06-04,362.6,366.1,366.1,361.5,452
2003-06-05,368.6,361.8,370.0,360.9,1831
2003-06-06,363.7,368.1,368.1,362.0,942
2003-06-09,361.8,362.8,366.1,361.2,453
2003-06-10,352.2,359.5,362.3,351.5,1371
2003-06-11,355.5,352.2,356.1,352.2,558
2003-06-12,353.3,354.5,355.6,351.0,114
2003-06-13,356.6,353.7,357.0,352.3,82
2003-06-16,359.0,359.1,359.3,356.5,560
2003-06-17,363.2,359.9,365.0,359.9,146
2003-06-18,357.2,360.7,361.0,356.8,67
2003-06-19,361.3,356.0,363.0,356.0,29
2003-06-20,356.3,362.3,362.3,356.0,93
2003-06-23,353.0,355.9,357.3,351.5,178
2003-06-24,346.3,354.0,354.0,346.3,83
2003-06-25,349.3,348.1,349.9,347.7,514
2003-06-26,343.9,346.5,345.5,343.4,1
2003-06-27,345.2,345.2,345.2,345.2,3
2003-06-30,346.0,345.3,345.3,345.3,3
2003-07-01,351.4,351.4,351.4,351.4,3
2003-07-02,351.3,351.4,351.4,351.4,3
2003-07-03,351.0,351.0,351.0,351.0,3
2003-07-07,348.1,351.0,351.0,351.0,3
2003-07-08,344.1,344.1,344.1,344.1,3
2003-07-09,343.6,343.6,343.6,343.6,3
2003-07-10,344.3,343.6,343.6,343.6,3
2003-07-11,344.8,344.0,344.0,344.0,1
2003-07-14,347.7,344.5,346.9,346.9,120
2003-07-15,342.1,347.7,347.7,347.7,120
2003-07-16,343.1,342.1,342.1,342.1,100
2003-07-17,344.2,343.1,343.1,343.1,100
2003-07-18,347.2,343.5,344.3,344.3,100
2003-07-21,350.9,350.9,350.9,350.9,100
2003-07-22,350.6,350.9,350.9,350.9,100
2003-07-23,358.6,350.6,350.6,350.6,100
2003-07-24,362.2,358.6,358.7,358.7,100
2003-07-25,362.7,362.7,362.7,362.7,100
2003-07-28,364.8,362.7,362.7,362.7,100
2003-07-29,361.7,364.7,364.8,364.8,48032
2003-07-30,356.2,361.1,362.0,354.5,34582
2003-07-31,354.0,354.7,357.5,353.0,2554
2003-08-01,346.1,354.1,355.1,346.0,2275
2003-08-04,349.2,346.5,350.8,346.3,1783
2003-08-05,349.6,349.1,349.8,348.2,102
2003-08-06,350.8,352.0,352.2,349.0,384
2003-08-07,352.5,351.0,353.4,350.1,407
2003-08-08,356.3,354.0,357.5,352.0,151
2003-08-11,361.7,359.6,361.0,358.7,45
2003-08-12,358.5,359.6,359.6,358.1,25
2003-08-13,362.1,357.2,363.8,357.2,15
2003-08-14,366.0,363.8,366.0,363.0,15
2003-08-15,363.2,366.0,366.0,363.5,25
2003-08-18,358.4,360.0,360.0,358.0,21
2003-08-19,361.6,357.0,361.3,357.0,91
2003-08-20,365.6,361.1,367.0,361.1,86
2003-08-21,360.6,364.6,364.6,362.7,49
2003-08-22,363.1,362.0,363.5,362.0,37
2003-08-25,361.3,364.0,364.0,361.0,26
2003-08-26,365.8,361.5,366.5,361.0,187
2003-08-27,373.5,365.9,375.0,370.5,6
2003-08-28,370.5,369.0,369.0,369.0,7
2003-08-29,375.7,375.0,375.0,375.0,6
2003-09-02,373.2,375.0,375.0,375.0,8
2003-09-03,373.9,373.9,373.9,373.9,8
2003-09-04,372.9,372.9,372.9,372.9,8
2003-09-05,377.6,377.6,377.6,377.6,8
2003-09-08,375.1,375.1,375.1,375.1,8
2003-09-09,381.7,381.7,381.7,381.7,8
2003-09-10,380.0,380.0,380.0,380.0,8
2003-09-11,379.7,378.0,378.0,378.0,1
2003-09-12,375.8,375.8,375.8,375.8,1
2003-09-15,374.5,375.4,375.4,375.4,1
2003-09-16,373.5,373.5,373.5,373.5,1
2003-09-17,376.2,376.2,376.2,376.2,1
2003-09-18,376.6,376.6,376.6,376.6,1
2003-09-19,381.8,381.8,381.8,381.8,1
2003-09-22,387.2,387.2,387.2,387.2,1
2003-09-23,385.9,385.9,385.9,385.9,1
2003-09-24,387.5,387.5,387.5,387.5,1
2003-09-25,385.0,385.0,385.0,385.0,1
2003-09-26,380.8,380.8,380.8,380.8,7322
2003-09-29,382.4,381.0,385.0,380.1,5080
2003-09-30,385.4,382.3,388.7,382.3,3738
2003-10-01,384.3,385.5,386.3,383.0,83
2003-10-02,383.1,385.1,385.1,380.5,146
2003-10-03,369.4,383.0,384.5,368.0,708
2003-10-06,372.7,371.5,373.3,370.7,93
2003-10-07,377.2,374.6,376.8,374.6,89
2003-10-08,375.4,376.7,377.8,376.0,89
2003-10-09,369.2,373.5,373.5,369.0,1556
2003-10-10,373.6,370.8,370.8,370.8,96
2003-10-13,375.2,371.3,371.3,370.0,13
2003-10-14,375.7,373.5,375.8,373.5,35
2003-10-15,372.6,374.0,374.0,374.0,2
2003-10-16,372.7,372.7,372.7,372.7,18
2003-10-17,371.8,369.5,369.5,369.5,2
2003-10-20,374.0,373.5,374.5,373.0,9
2003-10-21,381.7,378.7,382.0,377.6,98
2003-10-22,386.5,376.5,386.6,385.0,178
2003-10-23,384.7,386.0,387.8,384.6,28
2003-10-24,388.9,384.7,394.0,384.1,62
2003-10-27,387.9,387.8,389.0,387.0,54
2003-10-28,383.2,385.0,385.5,383.0,229
2003-10-29,386.8,383.0,387.0,380.8,2
2003-10-30,384.3,387.1,387.1,387.1,2
2003-10-31,384.5,384.5,384.5,384.5,2
2003-11-03,377.0,382.8,383.0,382.8,3
2003-11-04,379.9,377.0,377.0,377.0,3
2003-11-05,382.6,382.6,382.6,382.6,3
2003-11-06,380.6,380.6,380.6,380.6,3
2003-11-07,383.3,383.3,383.3,383.3,3
2003-11-10,386.6,386.6,386.6,386.6,3
2003-11-11,388.1,388.7,388.7,388.7,3
2003-11-12,394.9,391.7,396.5,396.0,1
2003-11-13,394.1,396.0,396.0,396.0,101
2003-11-14,397.8,397.8,397.8,397.8,101
2003-11-17,391.5,397.6,398.0,398.0,101
2003-11-18,397.6,397.6,397.6,397.6,101
2003-11-19,394.9,397.7,397.7,397.7,101
2003-11-20,393.7,393.7,393.7,393.7,101
2003-11-21,396.0,394.0,395.8,394.0,2
2003-11-24,391.5,391.5,391.5,391.5,77377
2003-11-25,391.1,391.5,393.2,389.5,74334
2003-11-26,396.8,390.7,402.0,390.6,12662
2003-12-01,402.7,397.2,402.9,397.0,1664
2003-12-02,403.7,402.0,406.0,399.5,1519
2003-12-03,403.9,403.2,404.0,401.5,2672
2003-12-04,403.3,403.9,405.0,400.0,304
2003-12-05,406.4,402.5,406.8,400.0,655
2003-12-08,406.6,409.0,409.5,405.3,221
2003-12-09,408.2,407.0,409.1,406.5,1224
2003-12-10,406.2,406.9,412.0,405.8,842
2003-12-11,404.6,405.8,407.0,402.7,101
2003-12-12,409.4,406.1,409.9,406.1,171
2003-12-15,409.2,401.6,411.0,401.6,86
2003-12-16,407.7,410.0,410.0,407.0,39
2003-12-17,412.0,409.1,410.8,407.7,185
2003-12-18,410.4,413.2,413.2,408.0,85
2003-12-19,409.2,410.8,411.2,408.1,94
2003-12-22,410.6,409.6,411.5,409.6,52
2003-12-23,411.0,410.4,411.5,409.8,185
2003-12-24,412.3,411.5,413.2,410.5,165
2003-12-29,414.8,414.1,415.8,413.0,1
2003-12-30,416.9,416.9,416.9,416.9,1
2003-12-31,415.7,416.9,417.2,417.2,1
2004-01-05,424.4,415.7,422.5,422.5,20
2004-01-06,422.8,424.4,424.3,424.3,20
2004-01-07,421.9,423.0,423.0,423.0,20
2004-01-08,424.0,421.9,422.0,422.0,20
2004-01-09,426.4,424.0,423.9,423.9,20
2004-01-12,426.3,425.8,428.2,425.8,3
2004-01-13,423.7,425.4,425.9,423.0,12
2004-01-14,421.7,421.7,421.7,421.7,12
2004-01-15,408.4,421.8,422.0,422.0,12
2004-01-16,406.7,408.3,408.3,408.3,12
2004-01-20,412.7,406.7,406.7,406.7,12
2004-01-21,411.1,412.6,412.6,412.6,2
2004-01-22,410.0,411.3,411.3,411.3,2
2004-01-23,407.9,407.9,407.9,407.9,2
2004-01-26,406.6,406.6,406.6,406.6,2
2004-01-27,410.0,410.0,410.0,410.0,2
2004-01-28,414.5,414.5,414.5,414.5,76523
2004-01-29,398.5,412.0,412.0,396.5,42434
2004-01-30,402.2,398.0,402.6,398.0,13533
2004-02-02,398.7,403.0,403.3,394.0,2646
2004-02-03,399.2,398.5,403.0,398.5,490
2004-02-04,401.0,399.8,401.3,398.5,977
2004-02-05,398.1,399.4,400.3,397.5,131
2004-02-06,403.6,397.0,407.0,397.0,313
2004-02-09,406.8,403.8,407.5,403.8,101
2004-02-10,406.4,407.3,410.5,407.3,71
2004-02-11,410.2,407.8,412.0,406.0,134
2004-02-12,413.7,411.9,413.5,410.0,146
2004-02-13,410.3,412.7,416.0,408.0,146
2004-02-17,416.0,414.0,415.4,413.4,146
2004-02-18,412.3,414.8,415.3,412.0,146
2004-02-19,409.8,411.0,411.3,409.0,63
2004-02-20,397.5,409.0,409.0,395.0,109
2004-02-23,399.0,399.0,400.2,399.0,162
2004-02-24,404.5,401.6,403.2,399.0,77
2004-02-25,395.8,404.8,404.8,395.0,31
2004-02-26,395.8,395.1,395.1,395.1,40
2004-02-27,396.4,395.1,395.0,395.0,2
2004-03-01,399.3,396.4,396.4,396.4,2
2004-03-02,393.5,397.5,398.8,393.5,104
2004-03-03,392.4,391.1,391.3,391.1,4
2004-03-04,392.9,394.8,394.8,393.0,86
2004-03-05,401.3,401.0,401.0,401.0,1
2004-03-08,400.6,399.5,399.5,399.0,11
2004-03-09,404.2,401.7,402.4,401.2,5
2004-03-10,400.0,400.0,400.0,400.0,1
2004-03-11,400.7,399.2,399.1,399.1,5
2004-03-12,395.3,395.3,395.3,395.3,5
2004-03-15,399.4,399.4,399.4,399.4,5
2004-03-16,402.4,402.0,402.0,402.0,8
2004-03-17,406.9,402.5,404.0,404.0,8
2004-03-18,411.1,411.1,411.1,411.1,8
2004-03-19,412.5,412.0,412.0,412.0,16
2004-03-22,417.4,417.4,417.4,417.4,2
2004-03-23,419.8,417.4,417.4,417.4,2
2004-03-24,417.2,417.2,417.2,417.2,2
2004-03-25,416.7,416.0,417.0,416.0,8
2004-03-26,422.1,422.0,422.0,422.0,8
2004-03-29,417.1,422.1,422.1,422.1,64296
2004-03-30,421.7,416.5,424.4,416.5,36663
2004-03-31,427.3,421.0,428.0,420.6,4496
2004-04-01,427.8,427.2,432.0,424.5,1561
2004-04-02,421.6,426.6,429.0,417.5,1455
2004-04-05,415.4,421.6,421.6,414.0,572
2004-04-06,418.9,415.6,419.8,415.6,202
2004-04-07,422.8,418.9,423.6,417.8,381
2004-04-08,419.9,423.3,423.3,419.0,790
2004-04-12,420.1,421.1,422.1,418.0,39
2004-04-13,407.0,417.8,417.8,406.0,496
2004-04-14,399.8,407.3,407.9,399.0,161
2004-04-15,397.7,401.0,401.0,396.5,333
2004-04-16,401.0,399.6,402.2,398.5,177
2004-04-19,400.6,404.6,404.6,400.2,76
2004-04-20,397.7,400.3,400.3,396.8,49
2004-04-21,390.8,393.4,395.0,390.0,63
2004-04-22,393.3,390.5,393.5,390.5,50
2004-04-23,395.1,393.0,396.8,393.0,41
2004-04-26,396.0,396.5,396.7,396.3,45
2004-04-27,398.6,397.7,399.0,395.8,61
2004-04-28,385.4,395.5,396.0,384.1,19
2004-04-29,386.6,380.0,386.0,380.0,6
2004-04-30,387.0,389.0,389.0,389.0,2
2004-05-03,387.0,387.0,387.0,387.0,4
2004-05-04,391.4,392.0,392.0,392.0,2
2004-05-06,388.0,387.2,387.2,387.2,1
2004-05-07,378.7,388.1,377.0,377.0,3
2004-05-13,374.8,377.4,377.4,377.4,20
2004-05-14,377.0,377.0,377.0,377.0,5
2004-05-26,388.3,388.3,388.3,388.3,81917
2004-05-27,394.9,388.2,395.9,388.1,53047
2004-05-28,394.0,395.3,396.3,392.6,9836
2004-06-01,394.6,393.9,399.0,393.3,1864
2004-06-02,390.7,394.5,397.5,390.0,937
2004-06-03,388.1,390.7,393.0,387.4,601
2004-06-04,390.9,388.4,391.5,385.5,234
2004-06-07,393.8,392.6,394.0,392.0,130
2004-06-08,391.0,393.8,395.0,390.3,611
2004-06-09,384.5,391.6,391.6,383.0,543
2004-06-10,385.9,385.3,385.5,384.5,71
2004-06-14,383.6,383.6,385.3,383.0,209
2004-06-15,388.1,383.1,388.5,383.0,51
2004-06-16,384.6,386.5,386.5,383.5,102
2004-06-17,388.9,385.3,385.3,385.3,17
2004-06-18,395.1,392.0,396.4,393.0,108
2004-06-21,394.0,394.6,394.6,393.2,133
2004-06-22,395.0,394.0,396.5,394.0,56
2004-06-23,395.0,395.5,397.2,394.5,50
2004-06-24,403.1,394.6,403.7,394.6,148
2004-06-25,402.9,402.3,403.6,401.3,189
2004-06-28,401.0,403.0,405.0,401.3,2
2004-06-29,392.5,400.2,400.2,398.0,5
2004-06-30,392.6,395.4,395.4,394.3,146
2004-07-01,396.0,396.0,396.0,396.0,146
2004-07-02,398.3,396.0,397.2,397.2,20
2004-07-06,392.6,398.3,393.0,393.0,20
2004-07-07,402.3,397.8,397.8,397.8,6
2004-07-08,407.8,407.8,407.8,407.8,6
2004-07-09,407.5,407.7,407.9,407.9,15
2004-07-12,408.1,407.5,407.5,407.5,15
2004-07-13,402.0,408.1,408.1,408.1,15
2004-07-14,405.4,402.0,402.0,402.0,15
2004-07-15,404.2,404.2,404.2,404.2,15
2004-07-16,406.6,404.2,404.1,404.1,15
2004-07-19,405.6,406.6,406.6,406.6,15
2004-07-20,401.9,405.6,405.6,405.6,15
2004-07-21,397.1,401.8,401.9,401.9,15
2004-07-22,395.2,395.2,395.2,395.2,15
2004-07-23,390.5,395.2,391.0,391.0,4
2004-07-26,390.3,389.9,389.9,389.9,1
2004-07-28,389.0,387.0,387.0,387.0,69175
2004-07-29,387.0,389.0,391.0,385.0,42070
2004-07-30,391.0,388.2,392.0,387.0,4977
2004-08-02,391.7,394.0,394.5,391.0,1102
2004-08-03,394.0,392.0,394.8,388.8,2692
2004-08-04,392.2,393.6,393.6,390.5,149
2004-08-05,392.3,393.0,393.5,391.0,108
2004-08-06,399.8,392.5,401.5,391.0,132
2004-08-09,400.7,399.1,400.7,398.5,318
2004-08-10,400.0,399.3,401.3,398.5,92
2004-08-11,395.5,399.5,399.5,393.3,185
2004-08-12,394.3,395.7,396.0,393.5,69
2004-08-13,398.9,394.3,399.5,393.5,64
2004-08-16,402.9,399.0,403.0,399.0,288
2004-08-17,404.4,402.5,404.0,400.3,208
2004-08-18,404.3,403.0,404.5,402.7,61
2004-08-19,407.1,404.3,407.9,404.3,128
2004-08-20,413.2,407.0,412.8,407.0,254
2004-08-23,410.5,411.3,411.8,409.7,18
2004-08-24,403.0,410.5,407.0,404.0,33
2004-08-25,407.9,405.3,407.0,405.2,164
2004-08-26,407.4,409.0,409.0,406.2,28
2004-08-27,403.3,407.4,408.0,403.0,19
2004-08-30,407.8,407.0,407.9,404.7,114
2004-08-31,410.4,410.4,410.4,410.4,114
2004-09-02,406.0,407.5,406.4,406.4,34
2004-09-03,400.5,400.5,400.5,400.5,34
2004-09-07,397.4,398.0,398.0,398.0,60
2004-09-08,399.4,396.8,396.8,396.8,20
2004-09-09,398.5,398.9,398.9,398.9,20
2004-09-10,401.9,401.0,402.0,401.0,120
2004-09-13,404.1,404.1,404.1,404.1,120
2004-09-14,405.7,405.1,405.1,405.1,43
2004-09-15,405.0,407.0,404.0,404.0,24
2004-09-16,404.7,404.7,404.7,404.7,24
2004-09-17,405.8,405.8,405.8,405.8,24
2004-09-20,405.3,403.6,403.6,403.6,44
2004-09-21,408.3,408.3,408.3,408.3,44
2004-09-22,407.2,407.2,407.2,407.2,44
2004-09-23,410.9,410.9,410.9,410.9,44
2004-09-24,408.1,408.1,408.1,408.1,44
2004-09-27,409.1,409.1,409.1,409.1,44
2004-09-28,412.5,410.8,410.8,410.8,9143
2004-09-29,413.0,412.0,414.0,411.6,5052
2004-09-30,418.7,412.9,418.8,412.7,1162
2004-10-01,419.5,419.1,419.1,417.0,167
2004-10-04,414.0,419.0,415.0,411.5,327
2004-10-05,418.2,415.3,419.3,415.0,164
2004-10-06,418.4,417.5,419.0,417.0,186
2004-10-07,418.0,418.0,419.0,417.5,93
2004-10-08,423.1,418.7,425.0,418.0,75
2004-10-11,422.0,422.2,422.2,421.0,20
2004-10-12,415.1,419.1,419.1,413.5,299
2004-10-13,413.2,411.0,411.8,410.3,74
2004-10-14,418.1,416.0,418.8,415.2,101
2004-10-15,418.7,418.3,419.7,417.8,51
2004-10-18,416.2,419.0,419.0,417.1,6
2004-10-19,420.3,420.7,420.7,420.7,3
2004-10-20,423.5,420.3,425.1,420.3,7
2004-10-21,424.4,423.5,423.5,422.0,9
2004-10-22,424.6,424.6,424.6,424.6,193
2004-10-25,429.0,429.0,430.0,428.5,128
2004-10-26,426.8,429.1,429.1,425.4,55
2004-10-27,424.8,429.5,429.7,423.5,50
2004-10-28,425.1,425.1,425.1,425.1,319
2004-10-29,428.5,428.5,428.5,428.5,319
2004-11-01,427.3,427.3,427.3,427.3,319
2004-11-02,420.0,427.2,427.2,427.2,319
2004-11-03,424.6,424.6,424.6,424.6,319
2004-11-04,430.1,430.1,430.1,430.1,319
2004-11-05,433.6,433.6,433.6,433.6,319
2004-11-08,432.7,432.7,432.7,432.7,319
2004-11-09,435.7,434.0,434.0,434.0,2
2004-11-10,434.0,434.5,434.5,434.5,2
2004-11-11,434.9,434.9,434.9,434.9,2
2004-11-18,442.6,442.6,442.6,442.6,1
2004-11-24,449.3,449.3,449.3,449.3,110725
2004-11-29,453.7,450.8,454.8,449.3,56709
2004-11-30,451.3,453.8,454.1,448.3,14253
2004-12-01,454.0,451.6,456.0,450.5,2682
2004-12-02,450.4,454.0,456.5,447.0,1419
2004-12-03,456.0,450.4,455.5,448.5,1231
2004-12-06,454.2,454.4,456.1,451.5,674
2004-12-07,452.0,453.0,455.5,451.5,550
2004-12-08,437.2,449.0,450.0,434.0,2065
2004-12-09,435.8,437.5,440.6,432.6,1347
2004-12-10,433.9,436.5,437.1,432.6,209
2004-12-13,438.9,437.0,439.5,436.0,628
2004-12-14,435.9,438.9,438.9,435.4,199
2004-12-15,440.8,435.7,442.0,435.7,356
2004-12-16,436.9,440.8,442.6,437.0,232
2004-12-17,441.6,436.8,440.0,436.8,94
2004-12-20,442.4,442.5,444.0,442.0,461
2004-12-21,441.8,443.0,443.2,441.1,57
2004-12-22,440.3,442.1,442.7,439.0,70
2004-12-23,441.9,441.3,442.6,441.0,98
2004-12-27,445.2,444.0,445.9,443.0,348
2004-12-28,444.3,445.5,445.5,443.0,2
2004-12-29,436.0,440.5,440.5,440.5,3
2004-12-30,437.5,437.7,439.0,438.9,3
2005-01-03,428.7,431.0,431.0,431.0,4
2005-01-04,428.5,428.5,428.5,428.5,108
2005-01-05,426.6,425.7,425.7,425.7,2
2005-01-06,421.0,421.0,421.0,421.0,1
2005-01-07,418.9,423.7,423.7,418.7,1
2005-01-10,419.1,419.1,419.1,419.1,1
2005-01-11,421.9,421.9,421.9,421.9,1
2005-01-12,426.1,423.8,423.8,423.8,1
2005-01-13,424.5,424.7,424.7,424.7,1
2005-01-14,422.7,422.0,423.2,422.0,20
2005-01-18,423.2,423.2,423.2,423.2,20
2005-01-19,423.0,426.5,426.5,426.5,20
2005-01-20,422.4,421.8,421.8,421.8,20
2005-01-21,426.7,425.9,425.9,425.9,20
2005-01-24,426.9,426.9,426.9,426.9,20
2005-01-25,422.0,422.0,422.0,422.0,20
2005-01-26,426.9,426.9,426.9,426.9,20
2005-01-27,426.3,426.3,426.3,426.3,66923
2005-01-28,425.8,426.1,427.5,424.0,41282
2005-01-31,421.8,426.0,426.5,419.3,6857
2005-02-01,420.8,422.2,422.3,419.2,1461
2005-02-02,421.1,420.9,422.3,419.8,426
2005-02-03,416.6,421.3,421.3,414.7,574
2005-02-04,414.0,416.4,417.8,413.7,320
2005-02-07,413.6,414.1,416.0,412.5,534
2005-02-08,412.6,413.6,413.6,410.1,1432
2005-02-09,412.9,412.2,413.8,410.3,1300
2005-02-10,417.2,412.0,418.5,412.5,397
2005-02-11,420.5,416.8,422.0,417.6,801
2005-02-14,425.8,420.0,425.6,422.3,55
2005-02-15,425.9,425.9,426.2,424.0,113
2005-02-16,425.5,426.0,425.0,422.8,146
2005-02-17,427.3,425.5,428.0,425.3,712
2005-02-18,427.1,426.7,427.1,426.7,14
2005-02-22,434.5,426.5,435.0,426.5,53
2005-02-23,434.9,434.0,435.5,433.2,107
2005-02-24,434.5,436.0,436.0,432.5,6
2005-02-25,434.9,434.5,436.0,436.0,1
2005-02-28,436.5,435.5,435.5,435.5,16
2005-03-01,432.9,435.0,433.0,433.0,1
2005-03-02,432.8,433.4,433.4,433.4,1
2005-03-03,429.9,429.9,429.9,429.9,1
2005-03-10,442.8,442.8,442.8,442.8,1
2005-03-21,431.1,431.1,431.1,431.1,100
2005-03-22,431.3,431.3,431.3,431.3,16
2005-03-31,428.7,428.7,428.7,428.7,3051
2005-04-01,425.9,428.3,428.5,424.5,552
2005-04-04,423.9,426.0,426.3,422.7,486
2005-04-05,424.5,423.8,425.5,423.6,313
2005-04-06,427.1,424.9,427.7,424.1,62
2005-04-07,426.5,426.5,428.5,426.5,181
2005-04-08,426.9,425.2,427.3,424.8,49
2005-04-11,428.6,426.0,429.8,426.0,26
2005-04-12,427.6,428.1,430.2,426.5,148
2005-04-13,429.3,428.0,430.0,427.5,27
2005-04-14,424.0,429.5,429.5,423.5,116
2005-04-15,424.9,423.2,425.6,423.2,73
2005-04-18,427.5,423.6,427.5,423.6,29
2005-04-19,432.9,426.8,433.0,426.8,128
2005-04-20,435.3,433.6,435.8,432.4,42
2005-04-21,433.0,434.1,435.0,432.3,52
2005-04-22,434.3,433.5,435.8,433.5,88
2005-04-25,434.6,432.7,434.4,432.7,19
2005-04-26,437.9,438.0,438.2,435.9,169
2005-04-27,433.0,436.4,437.0,433.6,19
2005-05-04,429.0,429.0,429.0,429.0,17
2005-05-20,417.4,420.2,416.5,416.5,4
2005-05-23,416.6,416.6,416.6,416.6,4
2005-05-24,417.5,417.5,417.5,417.5,4
2005-05-25,418.8,418.8,418.8,418.8,4
2005-05-26,418.0,418.8,418.1,418.1,72619
2005-05-27,419.8,417.8,420.0,417.4,51363
2005-05-31,416.3,418.0,420.2,413.2,7494
2005-06-01,415.3,416.4,417.3,414.0,2816
2005-06-02,422.7,415.8,423.5,415.8,1984
2005-06-03,423.7,422.2,425.5,421.7,416
2005-06-06,426.5,423.6,427.8,422.6,558
2005-06-07,424.8,426.7,426.7,424.0,232
2005-06-08,424.7,425.6,425.9,424.5,171
2005-06-09,424.2,423.7,424.0,422.0,101
2005-06-10,427.4,423.8,428.5,422.0,65
2005-06-13,429.3,428.3,431.5,428.3,66
2005-06-14,427.5,428.2,428.2,426.5,73
2005-06-15,429.1,427.5,428.3,427.5,20
2005-06-16,436.2,429.5,436.8,429.5,157
2005-06-17,438.3,436.1,439.3,436.1,29
2005-06-20,438.4,440.0,440.4,438.0,18
2005-06-21,438.9,438.4,439.0,439.0,5
2005-06-22,438.1,438.8,438.5,437.5,169
2005-06-23,441.7,438.3,442.5,438.3,29
2005-06-24,440.5,441.5,441.5,438.5,31
2005-06-27,440.3,440.7,440.7,439.5,10
2005-07-06,423.5,423.5,423.8,423.5,16
2005-07-07,423.3,423.5,423.5,423.5,125
2005-07-13,423.9,423.9,423.9,423.9,70
2005-07-14,419.6,419.6,419.6,419.6,70
2005-07-25,425.7,425.7,425.7,425.7,2
2005-07-26,423.4,423.4,423.4,423.4,2
2005-07-27,424.7,424.7,424.7,424.7,2
2005-07-28,427.3,424.7,424.7,424.7,40680
2005-07-29,429.9,427.7,430.5,427.0,3607
2005-08-01,431.9,430.0,432.3,429.1,776
2005-08-02,431.9,431.7,433.0,430.7,206
2005-08-03,436.9,431.5,437.5,430.7,270
2005-08-04,437.9,436.5,439.0,436.1,91
2005-08-05,437.2,437.7,438.5,437.0,91
2005-08-08,434.7,437.0,437.0,434.0,51
2005-08-09,434.2,432.5,434.4,432.5,52
2005-08-10,436.5,434.9,437.0,434.9,187
2005-08-11,445.5,437.2,446.5,437.2,306
2005-08-12,445.9,445.8,449.5,444.5,169
2005-08-15,442.2,441.4,442.5,441.4,61
2005-08-16,446.1,441.7,442.5,441.7,234
2005-08-17,439.9,442.5,443.3,439.5,276
2005-08-18,439.5,440.4,440.4,438.5,46
2005-08-19,437.2,439.1,439.6,438.0,73
2005-08-22,438.1,437.0,439.0,437.0,12
2005-08-23,439.4,438.8,438.8,438.5,2
2005-08-24,437.3,439.7,439.7,437.0,29
2005-08-25,438.4,438.5,438.5,438.0,54
2005-08-26,437.4,438.4,439.0,438.4,52
2005-08-29,437.0,438.5,439.5,437.3,37
2005-08-31,433.8,431.2,431.2,431.2,10
2005-09-01,442.3,438.5,442.5,438.5,4
2005-09-02,444.2,444.2,444.2,444.2,4
2005-09-06,444.4,444.4,444.4,444.4,4
2005-09-07,444.9,444.7,444.7,444.7,1006
2005-09-08,446.7,446.7,446.7,446.7,6
2005-09-09,449.0,449.0,449.0,449.0,6
2005-09-12,449.7,449.7,449.7,449.7,6
2005-09-13,446.1,446.1,446.1,446.1,6
2005-09-14,449.8,449.8,449.8,449.8,6
2005-09-15,455.5,455.5,455.5,455.5,6
2005-09-16,459.5,459.5,459.5,459.5,6
2005-09-19,466.7,466.7,466.7,466.7,6
2005-09-20,466.2,466.2,466.2,466.2,2
2005-09-21,468.9,468.9,468.9,468.9,2
2005-09-22,466.6,467.5,467.5,467.5,2
2005-09-23,463.5,467.2,466.8,466.8,2
2005-09-26,465.9,463.9,463.9,463.9,2
2005-09-27,462.6,462.6,462.6,462.6,2
2005-09-28,469.7,469.7,469.7,469.7,2
2005-09-29,472.2,469.7,469.7,469.7,7799
2005-09-30,469.0,472.7,474.0,468.5,2926
2005-10-03,466.1,467.8,468.0,464.2,493
2005-10-04,466.1,466.8,468.8,465.3,210
2005-10-05,466.1,465.0,465.0,463.5,226
2005-10-06,471.9,465.6,471.6,465.6,243
2005-10-07,474.7,473.0,475.5,470.0,96
2005-10-10,475.1,474.8,477.3,473.6,248
2005-10-11,477.1,475.2,477.5,475.2,99
2005-10-12,473.9,478.5,478.5,473.3,49
2005-10-13,471.1,472.0,472.0,468.3,48
2005-10-14,469.2,469.3,469.3,467.0,113
2005-10-17,474.1,473.0,475.0,473.0,18
2005-10-18,472.1,472.0,472.5,472.0,13
2005-10-19,463.5,471.0,471.0,465.0,46
2005-10-20,461.0,465.0,465.0,460.5,9
2005-10-21,467.0,462.0,462.0,462.0,9
2005-10-24,465.0,465.5,465.5,465.5,2
2005-10-25,472.8,465.0,474.0,465.0,18
2005-10-26,471.2,472.5,473.5,471.5,159
2005-10-27,473.8,471.0,475.5,471.0,2
2005-10-28,473.0,473.5,473.5,471.6,4
2005-10-31,465.1,471.1,471.1,471.1,1
2005-11-01,458.8,463.0,463.0,460.0,5
2005-11-02,462.8,462.8,462.8,462.8,2
2005-11-03,460.1,460.1,460.1,460.1,2
2005-11-04,456.3,455.3,455.3,455.3,2
2005-11-08,460.9,458.5,458.5,458.5,10
2005-11-09,466.3,466.3,466.3,466.3,100
2005-11-10,466.6,466.6,466.6,466.6,100
2005-11-15,468.1,468.1,468.1,468.1,50
2005-11-17,486.2,476.0,486.0,486.0,38
2005-11-18,485.6,485.6,485.6,485.6,38
2005-11-21,489.0,485.6,485.6,485.6,38
2005-11-28,498.3,502.2,502.2,502.2,109050
2005-11-29,499.1,498.7,502.3,494.3,42519
2005-11-30,494.6,500.0,500.0,492.3,5688
2005-12-01,502.5,494.2,503.0,490.5,2665
2005-12-02,503.3,503.0,507.0,500.0,1610
2005-12-05,508.9,504.5,509.7,503.5,431
2005-12-06,510.2,509.2,511.2,504.5,720
2005-12-07,514.3,510.7,517.0,509.3,985
2005-12-08,519.3,514.6,520.0,512.0,337
2005-12-09,527.0,520.4,531.0,520.0,472
2005-12-12,528.4,526.5,538.5,526.5,995
2005-12-13,521.0,528.4,530.7,520.0,583
2005-12-14,506.5,521.0,521.0,506.0,712
2005-12-15,503.9,506.0,509.0,501.0,378
2005-12-16,503.4,503.9,508.0,495.2,276
2005-12-19,503.6,509.5,509.5,504.5,150
2005-12-20,494.6,506.9,506.9,496.0,120
2005-12-21,493.0,495.5,495.5,490.1,56
2005-12-22,502.7,494.0,503.0,494.0,1632
2005-12-23,503.0,502.3,505.7,502.3,37
2005-12-27,508.0,508.7,509.0,506.0,57
2005-12-28,514.2,506.9,517.3,516.9,20
2005-12-29,515.7,515.7,515.7,515.7,2
2005-12-30,517.1,515.7,515.7,515.7,2
2006-01-03,530.7,518.6,528.5,518.6,7
2006-01-04,533.9,533.6,533.6,533.5,8
2006-01-05,526.3,529.0,529.0,526.0,10
2006-01-06,539.7,539.7,539.7,539.7,10
2006-01-09,549.1,539.7,539.7,539.7,10
2006-01-10,544.3,544.3,544.3,544.3,2
2006-01-19,558.4,543.7,552.0,551.0,22
2006-01-20,553.5,558.4,558.4,558.4,22
2006-01-23,558.3,555.0,555.0,555.0,1
2006-01-24,557.7,555.0,555.0,555.0,2
2006-01-25,562.2,562.2,562.2,562.2,2
2006-01-26,559.7,559.7,559.7,559.7,2
2006-01-27,558.7,558.7,558.7,558.7,79958
2006-01-30,565.8,559.2,566.0,557.6,35179
2006-01-31,570.8,566.5,572.7,565.0,6749
2006-02-01,569.4,570.8,571.6,563.0,3768
2006-02-02,572.5,569.8,575.3,568.0,887
2006-02-03,567.4,571.5,574.2,565.0,686
2006-02-06,570.2,568.4,574.0,567.5,649
2006-02-07,551.0,569.5,571.0,550.6,1276
2006-02-08,550.1,551.0,553.3,545.5,762
2006-02-09,564.5,549.9,566.0,549.9,227
2006-02-10,550.2,561.9,561.9,548.0,222
2006-02-13,539.0,548.5,549.5,540.0,645
2006-02-14,545.9,538.0,546.0,535.5,142
2006-02-15,539.7,544.9,545.0,538.0,150
2006-02-16,546.0,539.0,546.0,537.2,96
2006-02-17,551.8,548.0,552.5,546.0,55
2006-02-21,553.9,550.5,556.5,550.5,86
2006-02-22,553.9,552.6,554.8,551.0,253
2006-02-23,548.4,554.5,555.5,548.5,174
2006-02-24,558.8,547.5,560.0,547.5,14
2006-02-27,554.7,556.1,556.1,552.5,24
2006-02-28,561.6,553.1,558.0,553.1,49
2006-03-01,563.5,562.5,564.5,562.5,1
2006-03-02,568.2,568.2,568.2,568.2,1
2006-03-03,566.0,569.8,569.8,568.7,2
2006-03-06,554.9,554.8,554.8,554.8,2
2006-03-07,552.7,554.5,554.5,554.0,3
2006-03-08,542.5,540.0,540.0,540.0,3
2006-03-09,545.5,545.0,545.2,544.3,25
2006-03-10,539.9,539.9,539.9,539.9,3
2006-03-13,546.1,541.0,542.5,541.0,4
2006-03-14,551.7,551.7,551.7,551.7,4
2006-03-15,553.1,553.1,553.1,553.1,4
2006-03-16,554.4,554.4,554.4,554.4,4
2006-03-17,554.1,554.1,554.1,554.1,4
2006-03-20,555.2,555.2,555.2,555.2,4
2006-03-21,552.4,552.4,552.4,552.4,4
2006-03-22,550.9,550.9,550.9,550.9,300
2006-03-23,550.1,550.1,550.1,550.1,547
2006-03-24,560.0,560.0,560.0,560.0,547
2006-03-27,567.0,567.0,567.0,567.0,547
2006-03-28,566.6,566.6,566.6,566.6,547
2006-03-29,573.0,573.0,573.0,573.0,64190
2006-03-30,586.7,572.6,587.4,571.3,25210
2006-03-31,581.8,586.0,589.6,579.0,2845
2006-04-03,589.4,582.0,592.0,582.0,729
2006-04-04,586.0,588.0,590.5,585.5,1293
2006-04-05,587.9,587.0,590.8,582.6,736
2006-04-06,595.2,588.0,595.6,588.0,855
2006-04-07,588.4,595.5,598.3,585.5,450
2006-04-10,597.6,589.0,599.0,589.0,316
2006-04-11,595.2,602.0,604.0,595.0,697
2006-04-12,597.5,597.3,600.0,597.3,38
2006-04-13,596.5,596.5,597.5,592.0,107
2006-04-17,615.4,605.0,616.5,605.0,1125
2006-04-18,620.0,614.6,620.5,614.6,502
2006-04-19,632.6,620.5,632.0,620.5,99
2006-04-20,619.8,640.0,642.0,611.0,537
2006-04-21,632.2,615.0,637.0,611.2,222
2006-04-24,620.6,634.0,634.0,620.0,288
2006-04-25,631.0,620.6,632.0,620.6,112
2006-04-26,638.8,635.0,639.5,635.0,3
2006-04-27,633.3,636.5,636.5,636.5,6
2006-04-28,651.8,651.8,651.8,651.8,6
2006-05-01,657.5,658.0,658.0,658.0,9
2006-05-02,664.7,666.0,666.0,666.0,2
2006-05-03,665.9,669.2,669.2,669.2,1
2006-05-04,674.2,674.2,674.2,674.2,1
2006-05-05,682.2,682.2,682.2,682.2,1
2006-05-08,677.8,679.0,679.0,679.0,2
2006-05-09,699.4,679.0,679.0,679.0,8
2006-05-10,703.7,695.5,695.5,695.5,4
2006-05-11,719.8,723.0,723.0,723.0,10
2006-05-12,710.3,714.0,714.0,706.0,32
2006-05-15,683.6,710.3,710.3,710.3,32
2006-05-26,650.9,648.4,648.4,648.4,80564
2006-05-30,653.9,650.7,664.5,648.2,51461
2006-05-31,642.5,651.0,658.5,638.0,5034
2006-06-01,627.6,642.8,645.1,620.0,1682
2006-06-02,635.5,628.0,637.5,622.6,1151
2006-06-05,643.2,635.5,645.0,635.5,613
2006-06-06,629.4,643.4,643.4,625.0,361
2006-06-07,627.4,629.2,629.8,617.5,793
2006-06-08,609.1,627.6,627.6,608.5,532
2006-06-09,608.2,610.0,615.8,606.9,73
2006-06-12,606.8,606.0,610.0,606.0,19
2006-06-13,562.5,571.2,605.6,568.0,207
2006-06-14,562.3,555.0,571.0,555.0,243
2006-06-15,566.5,557.3,577.0,557.3,135
2006-06-16,578.0,566.5,574.7,572.0,4
2006-06-19,568.8,568.8,568.8,568.8,6
2006-06-20,576.9,571.0,571.0,568.0,4
2006-06-21,587.5,572.0,585.0,572.0,60
2006-06-22,582.2,588.0,588.0,587.0,14
2006-06-23,584.8,583.9,584.0,574.0,19
2006-06-26,584.8,583.0,584.0,580.0,119
2006-06-27,581.6,589.0,589.0,589.0,39
2006-06-28,578.3,585.5,586.0,580.0,1
2006-06-29,586.5,586.5,586.5,586.5,104
2006-06-30,613.5,560.9,614.5,609.0,18
2006-07-05,627.3,631.0,631.0,631.0,94
2006-07-06,634.1,624.0,624.0,624.0,6
2006-07-07,632.8,634.3,634.3,634.3,6
2006-07-10,624.1,632.8,632.8,632.8,6
2006-07-11,641.2,632.8,632.8,632.8,6
2006-07-12,649.4,632.8,632.8,632.8,6
2006-07-13,652.9,652.9,652.9,652.9,6
2006-07-14,666.6,666.6,666.6,666.6,6
2006-07-17,650.6,675.1,677.0,675.1,40
2006-07-18,628.3,628.3,628.3,628.3,40
2006-07-19,641.6,641.6,641.6,641.6,40
2006-07-20,631.7,641.6,641.6,641.6,40
2006-07-21,619.6,631.7,631.7,631.7,600
2006-07-24,612.7,619.6,619.6,619.6,600
2006-07-25,617.6,612.7,612.7,612.7,600
2006-07-26,621.6,621.6,621.6,621.6,1
2006-07-27,632.4,632.4,632.4,632.4,66412
2006-07-28,634.8,632.5,636.6,625.0,27652
2006-07-31,634.2,634.5,646.5,627.0,3183
2006-08-01,646.3,635.4,646.5,629.5,1360
2006-08-02,651.6,645.8,656.0,644.7,414
2006-08-03,644.9,651.0,651.0,638.0,429
2006-08-04,644.0,646.0,653.5,643.0,97
2006-08-07,647.8,651.2,652.0,646.5,139
2006-08-08,645.7,646.8,646.8,640.0,43
2006-08-09,650.5,645.0,654.5,638.5,65
2006-08-10,634.9,650.2,651.3,634.0,127
2006-08-11,633.5,638.0,642.3,626.0,596
2006-08-14,628.5,629.9,629.9,620.0,147
2006-08-15,622.5,625.0,625.5,622.0,124
2006-08-16,628.7,631.0,631.0,627.0,206
2006-08-17,615.4,627.5,628.5,615.5,295
2006-08-18,612.1,614.2,617.0,609.0,102
2006-08-21,625.7,613.6,626.5,613.6,117
2006-08-22,624.6,626.0,628.0,623.5,19
2006-08-23,623.7,624.6,628.0,623.2,20
2006-08-24,619.5,621.6,624.5,618.0,35
2006-08-25,622.0,622.5,623.5,621.8,173
2006-08-28,615.3,621.7,621.7,614.0,46
2006-08-29,610.7,616.8,616.8,610.5,2
2006-08-30,617.7,615.6,618.0,611.8,26
2006-08-31,625.9,625.9,625.9,625.9,26
2006-09-01,624.4,624.4,624.4,624.4,26
2006-09-04,624.4,624.4,624.4,624.4,26
2006-09-05,638.5,638.5,638.5,638.5,23
2006-09-06,633.5,633.5,633.5,633.5,102
2006-09-07,617.0,617.0,617.0,617.0,102
2006-09-08,609.6,609.6,609.6,609.6,102
2006-09-12,586.9,591.0,591.0,591.0,10
2006-09-13,589.1,589.1,589.1,589.1,10
2006-09-20,580.0,584.0,584.0,584.0,2
2006-09-27,597.3,597.3,597.3,597.3,7818
2006-09-28,605.0,597.7,606.2,597.7,8709
2006-09-29,598.6,605.1,605.1,595.0,662
2006-10-02,597.7,598.9,604.0,598.0,109
2006-10-03,576.3,591.0,591.9,580.0,160
2006-10-04,562.0,573.9,577.0,561.0,4584
2006-10-05,571.0,565.9,575.0,565.9,22
2006-10-06,572.4,572.0,572.5,560.5,24
2006-10-09,578.4,578.0,578.0,578.0,93
2006-10-10,571.9,574.5,574.5,568.0,136
2006-10-11,572.3,578.0,578.0,578.0,1
2006-10-12,576.3,575.0,575.0,575.0,5
2006-10-13,588.8,585.5,585.5,585.5,8
2006-10-16,594.7,593.5,594.5,593.5,210
2006-10-17,589.7,598.5,598.5,588.5,14
2006-10-18,588.9,592.5,594.0,591.5,18
2006-10-19,599.0,588.9,588.9,588.7,103
2006-10-20,593.0,597.5,597.5,597.0,4
2006-10-23,579.7,579.7,579.7,579.7,4
2006-10-24,584.4,576.5,576.5,576.5,501
2006-10-25,587.6,587.6,587.6,587.6,199
2006-10-26,596.8,595.0,595.5,595.0,26
2006-10-27,598.2,598.2,598.2,598.2,5
2006-10-30,604.7,608.5,608.9,608.0,13
2006-11-01,616.6,612.5,612.5,612.5,6
2006-11-02,625.4,625.4,625.4,625.4,6
2006-11-09,635.0,617.0,617.0,617.0,2
2006-11-10,628.4,628.4,628.4,628.4,2
2006-11-13,624.2,629.0,629.0,629.0,1
2006-11-14,623.8,620.5,620.5,620.5,1
2006-11-17,621.5,617.5,617.5,617.5,10
2006-11-28,637.2,637.2,637.2,637.2,82649
2006-11-29,635.5,638.4,640.3,634.5,29111
2006-11-30,646.9,635.0,648.0,635.0,2327
2006-12-01,644.7,645.7,649.7,643.5,728
2006-12-04,645.2,647.1,648.0,640.5,562
2006-12-05,642.3,644.3,648.0,640.5,214
2006-12-06,630.5,640.5,640.5,631.0,247
2006-12-07,631.9,628.3,632.5,625.0,316
2006-12-08,626.1,633.3,636.5,626.0,104
2006-12-11,630.0,623.0,629.7,622.4,467
2006-12-12,627.0,630.3,630.5,627.5,222
2006-12-13,627.9,634.8,632.5,624.0,81
2006-12-14,626.6,628.0,628.5,627.5,43
2006-12-15,615.0,625.5,627.7,613.0,118
2006-12-18,614.0,614.0,616.5,612.0,57
2006-12-19,621.6,620.9,620.9,616.5,40
2006-12-20,620.6,621.4,622.7,619.7,385
2006-12-21,618.2,620.8,620.8,618.0,22
2006-12-22,619.1,619.0,619.0,618.7,122
2006-12-26,623.7,625.1,628.0,623.0,58
2006-12-27,627.2,627.2,627.2,627.2,3
2006-12-28,634.1,627.1,627.1,626.0,17
2006-12-29,635.2,635.2,635.2,635.2,17
2007-01-02,635.2,635.2,635.2,635.2,17
2007-01-03,627.1,640.4,640.4,628.5,38
2007-01-04,623.9,624.5,624.5,624.5,4
2007-01-05,604.9,623.7,623.7,617.3,531
2007-01-08,607.5,607.5,607.5,607.5,1000
2007-01-09,613.1,607.0,607.0,607.0,2
2007-01-10,611.6,611.6,611.6,611.6,2
2007-01-12,625.5,616.2,616.2,616.2,1
2007-01-16,624.6,623.6,623.6,623.6,2
2007-01-17,632.1,630.5,632.6,630.5,2
2007-01-18,627.1,627.1,627.1,627.1,2
2007-01-19,635.5,633.5,633.5,633.5,2
2007-01-22,633.3,633.3,633.3,633.3,2
2007-01-23,645.2,642.2,642.2,642.2,1
2007-01-24,647.6,640.3,640.3,640.3,1
2007-01-25,647.8,647.8,647.8,647.8,1
2007-01-26,644.5,644.5,644.5,644.5,2
2007-01-29,643.1,643.1,643.1,643.1,71048
2007-01-30,644.2,643.0,647.5,640.8,25819
2007-01-31,652.0,646.5,655.5,641.8,3048
2007-02-01,657.4,652.9,661.5,652.6,1198
2007-02-02,646.2,655.7,659.3,642.0,449
2007-02-05,650.9,649.0,651.0,647.0,196
2007-02-06,653.6,648.2,659.0,648.1,169
2007-02-07,652.3,654.8,655.5,650.4,156
2007-02-08,658.0,650.0,659.3,649.1,463
2007-02-09,667.5,659.1,669.5,658.0,127
2007-02-12,662.6,664.3,665.9,661.0,65
2007-02-13,663.9,664.3,669.0,663.8,41
2007-02-14,667.4,666.7,672.0,666.7,167
2007-02-15,667.3,668.5,668.5,663.0,93
2007-02-16,668.8,664.5,668.4,664.5,93
2007-02-20,657.1,671.0,671.0,658.3,26
2007-02-21,680.2,660.4,682.3,657.5,33
2007-02-22,679.4,676.5,679.3,676.5,344
2007-02-23,683.1,678.3,685.3,674.0,146
2007-02-26,686.5,684.6,687.6,683.8,34
2007-02-27,683.9,684.0,687.7,668.5,150
2007-02-28,669.4,665.6,674.5,662.0,6
2007-03-01,662.3,673.0,673.0,673.0,1
2007-03-02,641.5,641.5,641.5,641.5,24
2007-03-05,636.7,640.2,640.2,640.0,17
2007-03-06,643.8,643.7,644.5,641.3,15
2007-03-07,650.6,650.6,650.6,650.6,13
2007-03-08,653.4,653.4,653.4,653.4,13
2007-03-09,650.0,650.0,650.0,650.0,320
2007-03-12,648.4,648.0,648.0,648.0,8
2007-03-13,647.6,647.6,647.6,647.6,20
2007-03-14,640.9,640.9,640.9,640.9,8
2007-03-15,645.7,645.7,645.7,645.7,8
2007-03-16,652.6,652.9,652.9,652.7,15
2007-03-19,653.1,653.1,653.1,653.1,15
2007-03-22,663.4,663.4,663.4,663.4,27
2007-03-23,656.7,656.7,656.7,656.7,200
2007-03-28,666.5,666.5,666.5,666.5,10244
2007-03-29,661.5,665.9,666.2,654.6,37425
2007-03-30,663.0,661.2,667.7,659.1,4623
2007-04-02,665.7,665.5,665.5,656.1,1468
2007-04-03,664.0,663.1,667.3,662.2,291
2007-04-04,672.1,664.0,675.0,664.0,1718
2007-04-05,674.2,674.2,676.0,671.5,226
2007-04-09,671.9,671.1,677.5,671.1,35
2007-04-10,676.5,673.9,681.5,673.9,29
2007-04-11,676.8,678.3,680.3,674.8,31
2007-04-12,675.1,677.0,677.5,673.1,63
2007-04-13,685.4,680.2,683.6,680.2,25
2007-04-16,690.1,685.1,690.1,685.1,55
2007-04-17,688.2,689.0,689.4,687.2,29
2007-04-18,689.1,689.1,690.6,687.0,13
2007-04-19,684.3,681.9,685.7,681.9,58
2007-04-20,692.0,690.1,692.5,690.1,24
2007-04-23,690.6,689.0,689.0,688.0,16
2007-04-24,684.2,689.4,691.3,683.0,220
2007-04-25,684.1,686.5,686.5,683.8,17
2007-04-26,674.9,684.5,686.8,673.5,51
2007-04-27,678.7,673.0,678.3,673.0,55
2007-04-30,680.5,677.4,680.0,677.3,12
2007-05-01,674.4,673.7,673.7,673.0,6
2007-05-07,688.0,688.0,688.0,688.0,1
2007-05-08,685.1,685.1,685.1,685.1,1
2007-05-09,680.3,680.3,680.3,680.3,1
2007-05-21,662.9,660.7,661.4,660.0,6
2007-05-22,659.1,659.1,659.1,659.1,6
2007-05-23,661.9,661.9,661.9,661.9,6
2007-05-24,653.0,654.0,656.0,654.0,5
2007-05-25,655.1,655.9,655.9,655.7,5
2007-05-29,657.1,657.1,657.1,657.1,100718
2007-05-30,653.1,655.7,658.4,651.5,49921
2007-05-31,661.0,652.5,662.0,652.5,8065
2007-06-01,671.2,661.5,672.0,660.8,1496
2007-06-04,670.7,671.2,673.7,668.9,612
2007-06-05,669.6,672.1,674.0,669.3,242
2007-06-06,669.3,670.4,670.9,665.4,489
2007-06-07,660.1,671.4,671.4,658.3,282
2007-06-08,645.5,658.5,659.6,645.2,261
2007-06-11,654.3,649.2,654.4,649.2,91
2007-06-12,648.5,653.8,653.8,646.9,61
2007-06-13,648.2,646.6,651.5,644.3,82
2007-06-14,651.6,652.6,652.8,650.0,15
2007-06-15,654.5,651.0,655.2,650.7,28
2007-06-18,655.8,657.9,658.2,655.7,57
2007-06-19,660.7,656.2,660.2,653.0,36
2007-06-20,656.1,660.8,660.8,658.0,8
2007-06-21,650.6,648.6,648.6,648.6,6
2007-06-22,653.5,649.9,649.9,649.9,3
2007-06-25,651.3,650.0,650.5,650.0,21
2007-06-26,642.1,647.6,647.6,640.0,60
2007-06-27,641.7,640.4,643.5,640.4,43
2007-06-28,647.5,643.9,648.4,643.9,89
2007-06-29,648.1,647.5,649.2,647.5,45
2007-07-02,656.5,656.8,656.8,656.8,1
2007-07-03,652.9,655.7,655.7,655.7,1
2007-07-05,648.4,648.4,648.4,648.4,18
2007-07-06,652.7,652.7,652.7,652.7,18
2007-07-11,660.3,660.3,660.3,660.3,6
2007-07-12,666.7,665.0,665.0,665.0,2
2007-07-13,665.8,666.7,666.7,666.7,8
2007-07-16,665.0,667.1,667.1,667.1,1
2007-07-27,660.0,660.0,660.0,660.0,95749
2007-07-30,664.1,659.9,665.2,659.3,36526
2007-07-31,666.9,665.0,668.3,662.6,5769
2007-08-01,663.6,663.2,666.3,658.5,2026
2007-08-02,664.6,666.7,666.7,662.8,1062
2007-08-03,672.5,665.8,674.4,665.7,575
2007-08-06,671.5,672.1,672.1,668.8,212
2007-08-07,670.6,670.0,670.0,666.5,313
2007-08-08,674.5,674.7,676.2,674.0,136
2007-08-09,661.4,667.8,667.8,661.4,377
2007-08-10,670.3,659.5,673.4,659.5,1101
2007-08-13,669.7,669.9,671.0,668.6,52
2007-08-14,668.6,665.0,670.5,665.0,106
2007-08-15,668.9,665.0,669.7,662.5,845
2007-08-16,648.3,665.2,665.2,642.9,130
2007-08-17,656.9,648.4,657.7,648.4,219
2007-08-20,656.7,658.6,660.0,658.6,189
2007-08-21,656.7,657.9,658.4,657.5,9
2007-08-22,659.1,658.9,661.1,658.9,303
2007-08-23,658.9,663.6,663.7,663.2,135
2007-08-24,668.0,662.1,668.8,662.1,208
2007-08-27,666.8,667.9,668.0,666.0,77
2007-08-28,664.4,665.5,665.9,664.2,22
2007-08-29,666.3,667.0,667.7,667.0,78
2007-08-30,665.0,665.5,666.5,665.5,186
2007-08-31,673.0,672.5,672.8,672.5,186
2007-09-05,681.7,678.6,679.1,678.6,80
2007-09-06,695.6,692.2,692.4,692.2,2
2007-09-07,700.8,700.8,700.8,700.8,1
2007-09-10,703.3,704.5,705.0,702.0,43
2007-09-11,712.2,703.5,703.5,702.8,55
2007-09-12,711.9,713.9,713.9,712.5,6
2007-09-13,709.5,706.9,707.4,706.9,19
2007-09-14,709.6,717.2,717.2,714.9,33
2007-09-17,715.8,719.1,719.1,719.1,36
2007-09-18,715.8,715.8,715.8,715.8,104
2007-09-19,722.0,724.6,724.6,724.6,12
2007-09-20,732.4,732.4,732.4,732.4,12
2007-09-21,731.4,731.4,731.4,731.4,6
2007-09-24,732.1,732.1,732.1,732.1,150
2007-09-25,731.6,731.6,731.6,731.6,60
2007-09-26,728.3,728.3,728.3,728.3,12901
2007-09-27,732.7,728.2,735.5,727.4,11841
2007-09-28,742.8,733.7,745.7,733.7,2004
2007-10-01,747.2,745.1,747.4,741.8,644
2007-10-02,729.8,746.5,746.5,726.5,319
2007-10-03,729.3,727.6,732.5,726.7,61
2007-10-04,737.8,725.1,736.8,724.3,17
2007-10-05,741.3,731.0,741.7,731.0,6
2007-10-08,732.8,735.2,737.0,732.4,88
2007-10-09,737.4,736.1,736.5,735.5,44
2007-10-10,740.4,740.9,741.0,740.7,32
2007-10-11,751.3,747.4,749.7,746.0,180
2007-10-12,748.7,750.4,750.4,748.7,371
2007-10-15,757.1,758.0,759.6,757.9,344
2007-10-16,757.0,762.4,762.4,756.1,151
2007-10-17,757.5,760.0,760.0,757.0,45
2007-10-18,764.1,765.8,765.8,765.8,9
2007-10-19,764.0,765.2,765.2,762.7,7
2007-10-22,755.8,766.7,766.7,751.9,60
2007-10-23,759.0,755.7,756.0,756.0,7
2007-10-24,761.6,758.2,758.2,753.5,55
2007-10-25,767.3,767.9,767.9,767.9,10
2007-10-26,783.9,771.4,783.4,771.4,81
2007-10-29,789.1,793.8,793.8,787.3,9
2007-10-30,784.3,785.5,785.5,780.7,168
2007-10-31,792.0,789.3,795.4,789.3,12
2007-11-01,790.7,785.3,791.3,785.3,4
2007-11-02,805.7,794.1,806.5,794.1,4
2007-11-05,808.1,804.6,804.6,804.2,17
2007-11-06,820.8,821.9,825.3,821.9,4
2007-11-07,831.0,830.0,831.2,830.0,3
2007-11-08,835.2,829.8,841.3,829.8,8
2007-11-09,832.5,835.7,835.8,831.7,7
2007-11-12,805.8,803.9,803.9,798.7,3
2007-11-13,797.2,804.3,804.3,800.0,6
2007-11-14,813.0,816.7,817.0,816.7,11
2007-11-19,776.8,777.6,777.6,777.6,1
2007-11-20,790.3,792.9,802.5,792.9,5
2007-11-21,797.6,797.6,797.6,797.6,5
2007-11-23,824.0,824.0,824.0,824.0,6
2007-11-26,826.0,826.0,826.0,826.0,6
2007-11-27,813.7,823.2,824.8,812.5,32
2007-11-28,800.1,800.1,800.1,800.1,165342
2007-11-29,795.3,804.0,807.8,791.9,66669
2007-11-30,782.2,795.0,798.6,778.4,7212
2007-12-03,788.3,783.9,794.6,777.0,3728
2007-12-04,801.3,794.0,805.0,787.2,925
2007-12-05,797.5,802.2,803.9,791.7,389
2007-12-06,801.2,794.4,804.8,786.5,332
2007-12-07,794.4,800.7,801.2,792.0,218
2007-12-10,807.7,799.3,809.7,799.3,274
2007-12-11,811.4,808.1,812.0,796.0,347
2007-12-12,813.5,809.7,815.9,809.6,291
2007-12-13,799.0,810.3,810.3,792.7,200
2007-12-14,793.3,800.3,803.5,789.6,196
2007-12-17,794.8,793.5,794.5,788.4,115
2007-12-18,803.0,793.0,804.8,793.0,72
2007-12-19,801.1,799.2,804.0,799.1,68
2007-12-20,799.2,799.5,800.0,794.2,114
2007-12-21,811.6,800.0,812.5,800.0,64
2007-12-24,812.8,811.5,814.1,809.8,41
2007-12-26,826.0,815.7,826.9,815.7,36
2007-12-27,828.6,824.8,832.5,824.8,160
2007-12-28,839.6,826.6,840.2,826.6,107
2007-12-31,834.9,843.2,843.2,843.2,4
2008-01-02,857.0,848.7,857.8,846.4,130
2008-01-03,866.4,863.0,865.5,856.3,181
2008-01-04,863.1,861.4,865.5,860.2,28
2008-01-07,859.6,860.9,860.9,857.4,4
2008-01-08,878.0,861.6,879.4,861.6,21
2008-01-09,879.5,885.0,885.0,876.0,48
2008-01-10,891.7,882.0,891.4,881.2,6
2008-01-11,896.1,889.8,899.7,889.7,183
2008-01-14,901.6,907.3,907.3,905.0,89
2008-01-15,901.0,887.6,887.6,887.6,101
2008-01-16,880.6,880.5,885.8,880.5,102
2008-01-17,879.5,888.2,888.2,876.8,11
2008-01-18,880.8,871.8,886.8,871.0,30
2008-01-22,889.6,878.7,891.0,863.2,30
2008-01-23,882.5,885.0,895.7,880.0,49
2008-01-24,905.5,890.9,906.6,890.9,6
2008-01-25,910.5,910.5,910.5,910.5,6
2008-01-28,927.1,916.6,922.0,914.5,25
2008-01-29,925.1,925.0,925.0,925.0,157692
2008-01-30,920.6,924.4,936.3,915.3,68820
2008-01-31,922.7,928.2,928.6,918.3,4289
2008-02-01,908.7,924.8,936.2,903.7,2152
2008-02-04,904.9,903.7,912.0,892.5,1493
2008-02-05,885.9,905.1,905.2,884.7,476
2008-02-06,900.7,887.9,910.0,887.5,430
2008-02-07,906.1,900.6,909.3,896.4,463
2008-02-08,918.4,915.3,920.0,911.5,339
2008-02-11,922.9,920.7,926.9,917.5,181
2008-02-12,907.4,921.0,924.8,904.2,278
2008-02-13,906.5,903.0,909.4,897.2,89
2008-02-14,907.4,904.0,911.0,904.0,128
2008-02-15,902.8,910.1,913.6,898.7,128
2008-02-19,926.6,904.3,928.8,900.5,174
2008-02-20,934.6,926.5,945.0,919.6,73
2008-02-21,946.1,940.1,953.4,940.1,138
2008-02-22,944.7,944.9,948.5,942.5,79
2008-02-25,937.6,946.5,948.9,933.0,312
2008-02-26,946.1,931.3,949.0,931.3,224
2008-02-27,958.2,960.0,960.0,955.0,215
2008-02-28,964.5,957.4,972.1,954.4,238
2008-02-29,972.1,971.4,973.1,963.5,39
2008-03-03,981.5,984.2,986.9,979.7,26
2008-03-04,963.9,982.4,984.5,963.8,41
2008-03-05,986.2,965.0,992.7,963.9,45
2008-03-06,975.0,984.3,987.7,973.4,46
2008-03-07,972.2,982.8,984.9,972.4,96
2008-03-10,969.9,975.5,976.8,964.7,92
2008-03-11,974.2,975.7,976.7,971.5,12
2008-03-12,978.8,973.6,979.3,973.5,6
2008-03-13,992.3,983.7,998.5,983.7,10
2008-03-14,998.2,993.9,1004.6,993.0,27
2008-03-17,1001.4,1005.0,1014.6,996.4,82
2008-03-18,1003.2,1003.6,1010.0,978.2,30
2008-03-19,944.7,979.3,979.3,938.4,84
2008-03-20,919.6,939.9,943.2,917.7,34
2008-03-24,918.3,915.5,922.0,915.2,71
2008-03-25,934.6,931.5,933.9,927.2,102
2008-03-26,949.0,949.6,949.6,949.6,1
2008-03-27,948.8,947.4,951.7,945.7,145634
2008-03-28,930.6,947.5,951.1,921.8,64013
2008-03-31,916.2,931.0,940.1,912.0,5980
2008-04-01,882.9,915.0,919.8,871.8,3204
2008-04-02,895.2,884.0,906.5,881.2,2367
2008-04-03,905.0,901.2,907.5,889.6,984
2008-04-04,909.0,904.7,914.9,898.8,279
2008-04-07,922.7,915.3,927.2,912.3,2086
2008-04-08,914.0,924.2,925.3,909.3,405
2008-04-09,933.6,916.0,935.5,904.1,390
2008-04-10,928.3,931.3,939.2,922.4,409
2008-04-11,923.6,919.6,931.2,919.6,141
2008-04-14,925.4,917.0,929.4,915.6,153
2008-04-15,928.7,924.3,936.0,924.3,168
2008-04-16,945.1,927.2,948.7,927.2,161
2008-04-17,939.8,927.2,947.9,938.7,209
2008-04-18,912.2,936.0,936.0,907.2,145
2008-04-21,914.7,922.5,924.6,914.1,449
2008-04-22,922.3,920.6,922.8,916.2,625
2008-04-23,906.2,916.8,921.5,898.8,111
2008-04-24,886.8,902.4,904.8,885.1,80
2008-04-25,887.2,878.2,893.6,878.1,77
2008-04-28,892.9,887.0,893.8,887.0,339
2008-04-29,874.2,890.6,890.6,869.6,136
2008-04-30,862.8,868.7,875.2,863.0,88
2008-05-01,848.9,855.0,873.5,849.6,28
2008-05-02,856.1,853.3,857.7,853.3,6
2008-05-05,872.3,861.2,872.8,861.2,35
2008-05-06,876.0,872.3,881.4,872.3,47
2008-05-07,869.6,868.0,869.4,864.8,43
2008-05-08,880.6,871.0,883.3,867.1,71
2008-05-09,884.5,883.9,884.7,883.9,25
2008-05-12,883.7,879.2,886.5,879.2,56
2008-05-13,868.5,862.9,870.4,862.9,17
2008-05-14,865.4,862.8,868.6,862.8,41
2008-05-15,879.0,865.8,886.3,865.8,121
2008-05-16,899.0,892.0,904.2,892.0,85
2008-05-19,905.0,905.0,905.0,905.0,2
2008-05-20,919.5,919.5,919.5,919.5,2
2008-05-21,928.0,923.5,924.0,923.2,3
2008-05-22,917.9,917.6,917.6,917.6,1
2008-05-23,925.6,916.9,925.6,916.0,1
2008-05-27,907.7,912.0,912.0,906.5,25
2008-05-28,900.5,900.5,900.5,900.5,149889
2008-05-29,877.2,903.0,903.2,872.1,64624
2008-05-30,887.3,880.2,888.5,868.6,6671
2008-06-02,892.9,887.3,898.0,881.8,2132
2008-06-03,881.6,889.8,896.1,874.6,2079
2008-06-04,879.9,879.5,886.1,876.0,612
2008-06-05,871.8,876.1,878.8,865.4,340
2008-06-06,895.4,878.5,901.0,877.7,230
2008-06-09,894.7,900.7,908.9,890.5,1930
2008-06-10,867.9,886.6,886.6,866.0,457
2008-06-11,879.7,869.5,882.0,869.5,146
2008-06-12,869.2,873.6,873.6,858.2,135
2008-06-13,870.3,870.3,870.3,860.5,361
2008-06-16,883.6,872.5,893.0,871.3,70
2008-06-17,884.3,883.4,887.0,876.3,62
2008-06-18,890.9,888.0,891.9,885.1,135
2008-06-19,901.7,888.6,906.5,888.6,44
2008-06-20,901.3,903.8,907.3,901.0,21
2008-06-23,884.8,903.4,903.4,879.2,54
2008-06-24,889.2,889.6,891.2,885.5,64
2008-06-25,880.0,883.6,883.8,876.4,97
2008-06-26,913.1,909.6,912.6,909.6,182
2008-06-27,929.3,913.1,927.6,910.7,167
2008-06-30,926.2,927.7,933.7,922.3,144
2008-07-01,942.5,943.6,945.8,938.0,32
2008-07-02,944.8,938.8,944.8,933.1,58
2008-07-03,931.9,944.8,944.8,928.0,58
2008-07-07,927.3,931.4,931.4,915.4,141
2008-07-08,921.9,922.8,922.8,919.2,37
2008-07-09,927.3,919.8,928.2,919.8,31
2008-07-10,940.9,928.1,942.1,928.1,18
2008-07-11,959.5,948.2,965.7,948.2,58
2008-07-14,972.7,964.7,974.6,955.0,55
2008-07-15,977.7,983.5,986.2,976.0,12
2008-07-16,961.8,960.0,960.0,960.0,1
2008-07-17,970.0,957.3,976.2,957.3,37
2008-07-18,957.3,956.8,957.0,956.8,2
2008-07-21,963.1,964.5,964.5,963.5,2
2008-07-22,948.0,973.0,974.9,973.0,3
2008-07-23,922.4,935.0,935.0,924.2,203
2008-07-24,922.0,920.9,926.4,920.9,47
2008-07-25,926.6,928.4,929.2,921.2,35
2008-07-28,927.6,928.8,931.1,927.0,28
2008-07-29,916.4,916.2,917.7,916.2,147310
2008-07-30,902.9,917.9,919.1,893.3,93759
2008-07-31,913.9,906.9,925.6,906.1,8550
2008-08-01,909.0,904.9,916.1,902.1,1834
2008-08-04,900.1,912.7,915.3,894.4,2415
2008-08-05,878.6,895.4,895.4,873.3,790
2008-08-06,875.6,880.7,885.6,875.0,1330
2008-08-07,870.7,882.2,883.8,870.3,335
2008-08-08,857.8,868.8,869.5,851.1,303
2008-08-11,821.5,858.3,863.4,818.0,286
2008-08-12,808.2,826.4,826.4,803.6,99
2008-08-13,825.0,810.9,829.1,810.9,155
2008-08-14,808.2,831.4,831.9,805.0,67
2008-08-15,786.0,796.9,799.2,780.9,134
2008-08-18,799.7,792.0,801.7,792.0,22
2008-08-19,811.1,789.6,814.5,789.6,48
2008-08-20,810.3,814.9,814.9,804.7,87
2008-08-21,833.0,825.8,835.6,825.8,99
2008-08-22,827.4,832.3,836.6,823.1,21
2008-08-25,819.8,819.8,819.8,819.8,44
2008-08-26,822.2,826.0,826.0,826.0,142
2008-08-27,828.1,830.3,830.3,825.3,423
2008-08-28,830.9,828.0,842.6,824.5,503
2008-08-29,829.3,831.7,833.0,831.7,116
2008-09-02,805.0,829.9,840.7,790.8,185
2008-09-03,802.7,805.6,805.6,791.6,28
2008-09-04,797.9,801.4,809.1,794.9,76
2008-09-05,797.6,794.7,809.0,794.0,85
2008-09-08,797.5,811.0,813.2,796.4,88
2008-09-09,787.1,802.0,802.0,780.0,29
2008-09-10,757.9,776.6,781.0,752.8,56
2008-09-11,741.3,756.6,756.6,739.0,25
2008-09-12,760.3,750.5,756.0,750.5,12
2008-09-15,783.1,778.1,778.6,764.0,19
2008-09-16,776.5,777.7,777.7,777.0,2
2008-09-17,846.6,782.9,808.0,782.9,26
2008-09-18,892.7,869.9,910.9,836.0,59
2008-09-19,860.6,860.6,860.6,860.6,112
2008-09-22,903.9,888.8,908.1,888.8,20
2008-09-23,885.5,892.4,898.9,886.0,184
2008-09-24,889.0,879.5,891.3,879.5,185
2008-09-25,877.7,891.5,891.5,884.5,92
2008-09-26,882.9,884.2,890.2,884.2,13695
2008-09-29,888.2,871.3,919.0,866.4,2943
2008-09-30,874.2,904.8,912.5,855.0,879
2008-10-01,880.7,878.0,889.1,869.2,304
2008-10-02,839.0,870.4,870.4,829.3,462
2008-10-03,828.9,832.5,844.3,823.0,228
2008-10-06,862.7,828.8,868.8,826.0,510
2008-10-07,878.4,862.1,883.0,858.2,41
2008-10-08,903.1,879.7,915.5,877.7,310
2008-10-09,883.1,902.7,919.7,883.0,76
2008-10-10,855.4,925.7,925.7,843.0,104
2008-10-13,838.9,861.1,861.1,830.3,186
2008-10-14,836.3,848.1,848.1,833.5,48
2008-10-15,835.5,839.5,848.7,831.6,120
2008-10-16,801.5,846.0,846.0,790.0,34
2008-10-17,785.1,798.0,807.0,773.8,55
2008-10-20,787.6,803.8,803.8,787.5,19
2008-10-21,766.1,793.7,793.7,767.7,83
2008-10-22,733.3,771.7,771.7,721.0,244
2008-10-23,713.3,705.0,719.8,705.0,37
2008-10-24,729.1,715.3,734.2,681.0,99
2008-10-27,741.7,742.8,744.5,712.0,268
2008-10-28,739.3,731.0,748.8,730.6,6
2008-10-29,752.8,750.8,750.8,750.8,90
2008-10-30,737.2,760.5,774.0,739.1,24
2008-10-31,716.8,731.4,736.0,718.4,17
2008-11-03,725.4,728.8,731.5,728.7,16
2008-11-04,756.0,726.0,760.0,726.0,30
2008-11-05,741.3,757.4,757.4,739.0,22
2008-11-06,731.2,743.4,759.0,731.9,30
2008-11-07,733.2,731.5,743.0,727.2,17
2008-11-10,745.6,749.0,753.6,747.9,42
2008-11-11,732.0,734.2,735.6,729.8,39
2008-11-12,717.7,730.4,734.7,722.5,71
2008-11-13,704.9,714.3,715.5,707.0,922
2008-11-14,742.4,726.5,747.1,726.5,9
2008-11-17,741.9,741.9,741.9,741.9,9
2008-11-18,732.6,738.0,744.9,734.0,13
2008-11-19,735.9,736.0,758.8,735.0,55
2008-11-20,748.6,740.5,750.0,739.5,62
2008-11-21,791.7,771.3,784.1,771.2,20
2008-11-24,819.4,819.9,824.0,819.9,3
2008-11-25,818.4,818.4,818.4,818.4,158862
2008-11-26,808.5,819.1,822.0,806.8,158862
2008-11-28,816.2,811.1,819.0,808.2,6325
2008-12-01,774.6,817.2,817.3,766.0,2791
2008-12-02,781.3,765.3,786.0,759.7,1393
2008-12-03,768.8,780.0,781.9,762.9,439
2008-12-04,763.8,770.0,780.4,761.7,606
2008-12-05,750.5,764.5,769.6,740.0,888
2008-12-08,767.4,755.0,780.2,754.2,573
2008-12-09,772.4,775.0,776.5,762.3,101
2008-12-10,807.1,784.1,811.0,783.1,235
2008-12-11,824.9,803.4,832.1,801.0,260
2008-12-12,818.9,821.5,827.0,813.8,182
2008-12-15,835.4,828.0,842.0,824.0,470
2008-12-16,841.7,839.0,859.0,831.6,73
2008-12-17,867.5,854.4,880.8,849.3,122
2008-12-18,859.6,862.4,873.0,852.0,242
2008-12-19,836.4,846.6,852.1,833.3,106
2008-12-22,846.2,848.5,851.0,844.0,235
2008-12-23,837.2,848.0,848.0,835.0,176
2008-12-24,847.1,838.9,848.9,838.5,19
2008-12-26,870.4,847.0,872.4,845.8,88
2008-12-29,874.6,882.9,882.9,875.0,426
2008-12-30,869.3,878.1,878.1,866.5,139
2008-12-31,883.6,860.0,883.6,858.4,35
2009-01-02,878.8,881.5,881.5,868.9,46
2009-01-05,857.2,882.0,883.5,847.0,35
2009-01-06,865.4,855.1,867.6,840.0,113
2009-01-07,841.1,862.0,867.0,837.7,101
2009-01-08,853.9,837.9,861.0,837.9,255
2009-01-09,854.3,855.9,862.1,855.9,123
2009-01-12,820.3,844.4,844.4,815.4,72
2009-01-13,820.1,825.6,825.6,815.7,20
2009-01-14,808.2,825.9,827.1,814.0,5
2009-01-15,806.7,805.6,808.8,805.6,16
2009-01-16,839.3,834.0,842.5,834.0,64
2009-01-20,854.6,838.7,862.7,824.0,20
2009-01-21,849.6,850.5,852.6,843.8,37
2009-01-22,858.2,856.8,860.9,846.2,57
2009-01-23,895.3,875.0,899.1,875.0,52
2009-01-26,908.5,907.3,911.6,901.2,18
2009-01-27,899.2,902.8,903.0,895.2,48
2009-01-28,888.1,886.1,894.6,883.7,137271
2009-01-29,905.1,888.1,909.7,874.2,66607
2009-01-30,927.3,909.8,930.3,902.0,10460
2009-02-02,906.7,924.3,928.8,902.2,3220
2009-02-03,892.0,903.2,913.3,889.8,1451
2009-02-04,901.6,900.1,909.2,897.0,465
2009-02-05,913.6,906.3,924.4,904.4,770
2009-02-06,913.9,914.5,918.5,909.5,334
2009-02-09,892.4,910.0,911.0,891.8,984
2009-02-10,913.7,898.0,917.5,892.0,252
2009-02-11,943.8,913.7,947.2,912.2,892
2009-02-12,948.5,938.8,952.8,936.4,335
2009-02-13,941.5,947.3,947.3,934.2,137
2009-02-17,967.0,939.5,973.8,937.3,1639
2009-02-18,977.7,968.4,988.0,962.2,422
2009-02-19,976.1,982.7,986.2,972.0,202
2009-02-20,1001.8,974.0,1004.9,971.6,219
2009-02-23,994.6,995.6,996.5,980.0,215
2009-02-24,969.1,988.0,991.6,963.2,243
2009-02-25,965.7,963.3,977.5,953.1,1019
2009-02-26,941.8,953.0,956.0,933.0,687
2009-02-27,941.5,943.4,963.2,928.1,730
2009-03-02,939.0,945.0,963.2,924.5,474
2009-03-03,912.9,927.0,931.8,906.4,362
2009-03-04,906.0,914.9,923.2,900.1,155
2009-03-05,927.0,912.0,932.6,908.9,141
2009-03-06,942.1,933.5,944.5,931.8,308
2009-03-09,917.7,940.5,940.5,914.5,838
2009-03-10,895.6,921.6,921.8,892.1,120
2009-03-11,910.4,894.7,912.4,894.1,221
2009-03-12,923.7,909.2,927.5,908.0,118
2009-03-13,929.8,924.4,937.0,924.4,69
2009-03-16,921.6,926.4,929.6,916.7,139
2009-03-17,916.4,923.2,924.4,912.4,48
2009-03-18,888.7,915.4,944.0,885.0,120
2009-03-19,958.3,938.0,960.8,933.8,360
2009-03-20,955.8,960.6,960.6,954.0,23
2009-03-23,952.1,950.7,952.6,937.9,30
2009-03-24,923.3,923.3,923.3,923.3,1494
2009-03-25,935.4,921.2,936.5,920.8,97
2009-03-26,939.6,939.6,943.0,937.6,66
2009-03-27,923.0,923.0,923.0,923.0,106869
2009-03-30,915.5,924.6,932.5,908.6,58837
2009-03-31,922.6,918.0,924.5,911.6,7403
2009-04-01,926.1,918.6,932.5,916.9,3659
2009-04-02,907.4,926.9,930.3,894.9,3389
2009-04-03,895.6,904.6,910.3,891.3,1616
2009-04-06,871.5,895.0,895.0,865.1,1078
2009-04-07,882.2,872.2,884.7,872.2,395
2009-04-08,884.8,884.0,889.1,879.0,119
2009-04-09,882.2,882.4,886.1,874.7,360
2009-04-13,894.7,882.5,899.4,882.5,418
2009-04-14,890.9,896.1,897.8,887.4,362
2009-04-15,892.8,890.0,895.3,888.9,665
2009-04-16,879.3,890.9,893.4,872.8,632
2009-04-17,867.4,874.0,875.7,865.0,212
2009-04-20,887.0,868.8,889.0,866.1,655
2009-04-21,882.1,886.9,895.1,880.7,230
2009-04-22,891.8,883.1,893.0,883.0,330
2009-04-23,905.9,893.6,909.0,892.6,234
2009-04-24,913.6,911.2,913.6,906.7,438
2009-04-27,907.4,918.0,918.0,906.3,1179
2009-04-28,892.8,899.7,899.7,890.1,308
2009-04-29,899.8,890.1,902.5,887.8,809
2009-04-30,890.7,898.2,898.9,881.3,212
2009-05-01,887.6,884.0,889.2,881.5,506
2009-05-04,901.6,885.8,907.5,885.8,83
2009-05-05,903.7,903.5,912.3,902.0,69
2009-05-06,910.5,901.3,911.1,901.3,30
2009-05-07,915.0,922.4,924.0,910.4,64
2009-05-08,914.4,910.1,915.3,910.1,156
2009-05-11,913.0,913.1,914.4,913.1,2
2009-05-12,923.5,918.5,923.5,916.1,24
2009-05-13,925.5,922.0,929.7,921.2,71
2009-05-14,928.0,922.6,922.6,922.6,1
2009-05-15,930.9,925.2,931.6,925.2,45
2009-05-18,921.3,929.6,932.9,918.7,71
2009-05-19,926.3,926.3,926.3,926.3,71
2009-05-20,937.0,933.0,940.5,931.0,67
2009-05-21,950.8,939.1,943.9,937.4,71
2009-05-22,958.5,956.9,958.7,956.9,12
2009-05-26,953.1,953.0,953.5,944.0,20
2009-05-27,953.2,947.2,956.0,947.2,151332
2009-05-28,961.5,948.6,964.9,944.0,74257
2009-05-29,978.8,959.2,980.4,959.0,7607
2009-06-01,978.6,978.8,988.1,973.0,2883
2009-06-02,983.2,974.7,986.5,969.8,2345
2009-06-03,964.5,981.7,990.3,961.0,1187
2009-06-04,981.2,963.6,982.0,960.9,600
2009-06-05,961.7,981.4,983.0,954.0,714
2009-06-08,951.7,958.0,960.1,944.4,580
2009-06-09,954.0,953.5,963.7,948.4,684
2009-06-10,954.0,956.0,966.0,949.2,698
2009-06-11,961.3,954.3,961.9,943.1,583
2009-06-12,940.1,955.9,956.5,935.8,166
2009-06-15,926.9,938.5,938.5,926.9,258
2009-06-16,931.6,930.9,938.6,930.9,149
2009-06-17,935.4,931.5,937.8,930.4,29
2009-06-18,934.0,942.0,942.0,931.0,91
2009-06-19,935.6,932.0,936.5,932.0,73
2009-06-22,920.6,925.0,926.2,919.0,134
2009-06-23,923.9,921.9,926.5,917.3,181
2009-06-24,934.1,925.4,942.7,922.9,588
2009-06-25,939.1,932.3,939.1,932.3,72
2009-06-26,940.7,945.3,946.0,939.6,185
2009-06-29,940.4,940.2,942.5,934.8,445
2009-06-30,927.1,941.4,943.9,925.3,128
2009-07-01,941.0,929.3,944.2,928.0,88
2009-07-02,930.7,941.4,941.5,926.6,67
2009-07-06,924.0,933.5,933.5,920.2,108
2009-07-07,928.8,924.2,931.7,921.2,57
2009-07-08,909.0,919.6,919.6,905.6,41
2009-07-09,915.9,907.2,917.4,907.2,74
2009-07-10,912.2,910.7,913.5,908.5,40
2009-07-13,922.2,911.5,922.2,908.4,30
2009-07-14,922.5,920.2,926.2,920.2,64
2009-07-15,939.1,928.9,941.0,928.3,67
2009-07-16,935.1,938.4,938.4,934.8,63
2009-07-17,937.2,936.9,937.8,931.8,34
2009-07-20,948.5,954.1,954.5,950.9,5
2009-07-21,946.6,948.6,948.6,945.8,15
2009-07-22,953.0,949.2,953.0,946.4,71
2009-07-23,954.5,954.2,954.2,949.8,47
2009-07-24,952.8,950.3,952.8,950.3,77
2009-07-27,953.3,955.1,957.1,953.3,5
2009-07-28,939.0,949.5,949.5,937.5,10
2009-07-29,927.2,927.2,927.2,927.2,129090
2009-07-30,934.9,929.2,937.0,928.4,36620
2009-07-31,953.7,934.4,958.1,932.0,10747
2009-08-03,956.6,952.6,964.0,952.4,2602
2009-08-04,967.5,956.6,969.5,950.8,565
2009-08-05,964.2,967.6,968.1,959.8,742
2009-08-06,960.7,964.1,971.1,956.5,543
2009-08-07,957.3,964.3,964.3,954.6,641
2009-08-10,945.0,955.0,956.1,943.5,395
2009-08-11,945.8,947.2,949.7,943.1,106
2009-08-12,950.7,947.5,951.5,943.0,102
2009-08-13,954.7,952.6,960.1,952.3,104
2009-08-14,947.0,957.4,957.4,942.1,141
2009-08-17,934.3,947.4,947.4,931.5,128
2009-08-18,937.7,938.6,938.6,935.5,276
2009-08-19,943.3,941.8,944.9,933.4,194
2009-08-20,940.3,942.9,945.7,940.1,35
2009-08-21,953.2,957.0,957.6,952.6,53
2009-08-24,942.3,953.5,957.0,941.3,198
2009-08-25,944.5,946.3,954.5,943.5,143
2009-08-26,944.3,947.5,948.2,940.3,128
2009-08-27,945.5,944.2,949.4,942.9,193
2009-08-28,957.0,949.3,962.2,948.1,182
2009-08-31,951.7,959.5,959.5,944.8,21
2009-09-01,954.7,954.2,956.5,948.7,17
2009-09-02,976.6,954.0,978.8,954.0,65
2009-09-03,995.8,978.1,995.8,978.1,55
2009-09-04,994.9,992.6,995.0,985.5,75
2009-09-08,997.9,993.5,1006.9,993.2,90
2009-09-09,995.3,1002.0,1002.8,988.8,84
2009-09-10,995.4,996.2,997.2,987.3,51
2009-09-11,1004.9,999.7,1011.9,999.7,198
2009-09-14,999.9,1002.9,1003.8,998.5,91
2009-09-15,1005.0,998.0,1008.0,994.9,118
2009-09-16,1018.9,1014.7,1019.8,1014.7,92
2009-09-17,1012.3,1017.2,1019.5,1011.6,48
2009-09-18,1009.2,1013.9,1017.6,1009.2,26
2009-09-21,1003.7,1003.7,1003.7,998.0,26
2009-09-22,1014.2,1011.5,1019.4,1011.5,67
2009-09-23,1013.0,1014.4,1015.2,1008.2,212
2009-09-24,997.5,1015.0,1015.0,993.9,123
2009-09-25,990.2,997.3,997.4,986.7,70
2009-09-28,992.5,993.2,993.2,991.4,6999
2009-09-29,993.1,990.5,995.7,984.7,5742
2009-09-30,1008.0,992.5,1009.0,992.5,1393
2009-10-01,999.5,1007.4,1008.8,998.0,213
2009-10-02,1003.2,998.8,1007.3,986.8,247
2009-10-05,1016.7,1004.1,1017.6,1003.0,180
2009-10-06,1038.6,1019.5,1043.8,1018.3,180
2009-10-07,1043.3,1038.3,1048.2,1038.3,180
2009-10-08,1055.4,1045.8,1060.4,1045.1,160
2009-10-09,1047.8,1049.3,1051.5,1044.0,175
2009-10-12,1056.7,1049.0,1058.4,1049.0,209
2009-10-13,1064.2,1064.0,1068.4,1056.5,183
2009-10-14,1063.9,1064.0,1070.2,1057.6,140
2009-10-15,1049.8,1062.2,1062.2,1048.0,179
2009-10-16,1050.7,1051.5,1056.2,1043.7,76
2009-10-19,1057.3,1053.6,1061.2,1049.2,157
2009-10-20,1057.8,1065.5,1066.2,1054.0,231
2009-10-21,1063.7,1053.7,1064.0,1047.5,35
2009-10-22,1057.8,1061.2,1061.2,1051.5,173
2009-10-23,1055.6,1063.8,1065.9,1050.2,116
2009-10-26,1042.1,1055.6,1055.6,1039.9,76
2009-10-27,1034.7,1039.5,1042.1,1034.7,100
2009-10-28,1029.9,1042.1,1042.1,1028.0,307
2009-10-29,1046.4,1035.2,1047.3,1032.4,234
2009-10-30,1039.7,1045.5,1045.8,1035.6,148
2009-11-02,1053.4,1053.4,1061.8,1043.5,41
2009-11-03,1084.3,1084.3,1087.0,1056.8,196
2009-11-04,1086.7,1086.7,1097.4,1082.2,114
2009-11-05,1088.7,1088.7,1092.3,1086.0,63
2009-11-06,1095.1,1095.1,1100.0,1090.2,102
2009-11-09,1100.8,1098.6,1109.3,1098.6,102
2009-11-10,1101.9,1100.9,1108.6,1098.2,92
2009-11-11,1114.0,1114.0,1117.6,1106.3,104
2009-11-12,1106.0,1106.0,1121.3,1104.3,68
2009-11-13,1116.1,1116.1,1118.2,1105.0,56
2009-11-16,1138.6,1138.6,1140.5,1127.2,64
2009-11-17,1138.8,1138.8,1140.4,1131.3,67
2009-11-18,1140.7,1140.7,1149.4,1136.5,77
2009-11-19,1141.4,1141.4,1144.8,1135.5,20
2009-11-20,1146.4,1146.4,1147.9,1137.3,18
2009-11-23,1164.3,1164.3,1163.0,1164.3,3
2009-11-24,1165.5,1165.5,1169.8,1167.5,26
2009-11-25,1186.9,1186.9,1186.9,1186.9,205513
2009-11-27,1174.2,1190.8,1195.0,1130.1,112015
2009-11-30,1181.1,1179.9,1183.7,1163.7,14549
2009-12-01,1199.1,1181.0,1202.7,1176.0,3787
2009-12-02,1212.0,1196.4,1217.3,1196.3,2145
2009-12-03,1217.4,1218.0,1226.4,1204.6,1530
2009-12-04,1168.8,1207.8,1211.2,1147.0,4288
2009-12-07,1163.4,1157.6,1165.5,1136.3,3669
2009-12-08,1142.8,1159.5,1169.3,1125.3,784
2009-12-09,1120.4,1130.3,1147.0,1116.5,2256
2009-12-10,1125.7,1125.7,1134.8,1122.2,344
2009-12-11,1119.4,1132.7,1141.4,1110.8,912
2009-12-14,1123.3,1123.3,1127.5,1114.5,230
2009-12-15,1122.4,1127.9,1128.6,1111.9,242
2009-12-16,1135.5,1125.7,1140.0,1122.4,205
2009-12-17,1106.8,1141.5,1141.5,1095.7,422
2009-12-18,1110.8,1110.8,1115.2,1097.8,404
2009-12-21,1095.4,1095.4,1119.2,1090.8,248
2009-12-22,1086.0,1095.3,1097.4,1075.0,480
2009-12-23,1093.3,1093.3,1094.6,1080.0,168
2009-12-24,1104.1,1092.0,1105.3,1092.0,127
2009-12-28,1107.2,1107.2,1111.9,1102.8,350
2009-12-29,1097.0,1097.0,1105.2,1097.0,1038
2009-12-30,1091.5,1091.5,1097.1,1086.0,399
2009-12-31,1095.2,1095.2,1106.1,1094.0,149
2010-01-04,1117.7,1117.7,1122.3,1097.1,184
2010-01-05,1118.1,1118.1,1126.5,1115.0,53
2010-01-06,1135.9,1135.9,1139.2,1120.7,363
2010-01-07,1133.1,1133.1,1133.1,1129.2,56
2010-01-08,1138.2,1138.2,1138.2,1122.7,54
2010-01-11,1150.7,1150.7,1161.2,1143.0,177
2010-01-12,1128.9,1128.9,1157.2,1127.2,51
2010-01-13,1136.4,1136.4,1136.4,1121.0,58
2010-01-14,1142.6,1137.0,1145.9,1132.8,81
2010-01-15,1130.1,1132.8,1133.4,1127.2,50
2010-01-19,1139.7,1139.7,1139.7,1130.5,22
2010-01-20,1112.3,1123.3,1133.0,1109.8,28
2010-01-21,1102.7,1102.7,1107.5,1090.2,99
2010-01-22,1089.2,1089.2,1095.4,1083.0,58
2010-01-25,1095.2,1095.2,1095.2,1095.2,8
2010-01-26,1097.9,1097.9,1097.9,1097.9,4
2010-01-27,1084.4,1084.4,1084.4,1084.4,206694
2010-01-28,1083.6,1087.8,1095.7,1073.2,101168
2010-01-29,1083.0,1085.0,1090.8,1074.5,11456
2010-02-01,1104.3,1081.0,1107.3,1076.8,2452
2010-02-02,1117.4,1117.4,1118.5,1100.2,3326
2010-02-03,1111.4,1115.8,1124.9,1108.6,853
2010-02-04,1062.4,1110.0,1110.7,1059.0,1426
2010-02-05,1052.2,1052.2,1068.5,1045.2,1956
2010-02-08,1065.7,1065.7,1073.4,1061.6,549
2010-02-09,1076.7,1076.7,1082.0,1063.1,387
2010-02-10,1075.8,1075.8,1081.1,1063.3,640
2010-02-11,1094.2,1076.8,1097.1,1075.6,1491
2010-02-12,1089.5,1089.5,1092.0,1079.8,197
2010-02-16,1119.3,1119.3,1120.4,1092.4,928
2010-02-17,1119.5,1119.5,1127.0,1108.5,1083
2010-02-18,1118.0,1118.0,1123.7,1100.8,989
2010-02-19,1121.3,1121.3,1126.2,1099.7,137
2010-02-22,1112.6,1112.6,1127.4,1110.0,124
2010-02-23,1102.7,1116.4,1118.3,1102.6,152
2010-02-24,1096.5,1096.5,1096.5,1096.5,751
2010-02-25,1107.8,1107.8,1108.2,1088.7,386
2010-02-26,1118.3,1106.8,1118.3,1106.8,382
2010-03-01,1117.8,1119.3,1121.9,1113.6,184
2010-03-02,1136.9,1136.9,1137.4,1115.7,155
2010-03-03,1142.7,1142.7,1145.0,1133.7,170
2010-03-04,1132.6,1132.6,1139.0,1128.6,118
2010-03-05,1134.8,1134.8,1134.8,1134.8,129
2010-03-08,1123.6,1123.6,1123.6,1123.6,17
2010-03-09,1122.0,1122.0,1124.0,1113.1,27
2010-03-10,1107.8,1107.8,1127.1,1106.9,21
2010-03-11,1108.0,1108.0,1108.0,1108.0,46
2010-03-12,1101.5,1101.5,1117.4,1099.9,135
2010-03-15,1105.1,1105.1,1107.1,1101.4,21
2010-03-16,1122.2,1122.2,1127.0,1114.5,66
2010-03-17,1124.0,1124.0,1131.4,1118.0,29
2010-03-18,1127.4,1127.4,1127.8,1121.1,86
2010-03-19,1107.4,1107.4,1107.4,1107.4,54
2010-03-22,1099.3,1099.3,1099.3,1099.3,71
2010-03-23,1103.5,1103.5,1103.5,1103.5,16
2010-03-24,1088.6,1088.6,1092.4,1085.5,9
2010-03-25,1092.7,1092.7,1092.7,1086.7,8
2010-03-26,1104.2,1104.2,1104.2,1104.2,5
2010-03-29,1110.3,1110.3,1110.3,1110.3,158733
2010-03-30,1104.5,1109.7,1112.9,1101.1,56533
2010-03-31,1113.3,1103.1,1118.7,1102.0,5950
2010-04-01,1125.1,1125.1,1127.7,1111.3,2696
2010-04-05,1132.9,1122.3,1133.3,1119.9,567
2010-04-06,1135.1,1130.8,1138.5,1122.7,2490
2010-04-07,1152.3,1152.3,1153.0,1132.6,1342
2010-04-08,1152.2,1152.2,1152.3,1144.0,254
2010-04-09,1161.1,1161.1,1164.8,1150.5,505
2010-04-12,1161.6,1161.6,1169.0,1154.6,483
2010-04-13,1152.8,1152.8,1157.0,1145.0,278
2010-04-14,1159.0,1159.0,1160.6,1151.2,162
2010-04-15,1159.7,1157.5,1159.8,1151.0,179
2010-04-16,1136.3,1136.3,1160.0,1130.4,483
2010-04-19,1135.2,1135.2,1137.1,1124.0,145
2010-04-20,1138.6,1138.6,1145.8,1136.0,80
2010-04-21,1148.2,1148.2,1150.0,1138.4,68
2010-04-22,1142.3,1142.3,1144.0,1133.6,213
2010-04-23,1153.1,1153.1,1153.1,1153.1,40
2010-04-26,1153.5,1160.1,1160.1,1151.4,108
2010-04-27,1161.7,1152.8,1170.7,1148.6,213
2010-04-28,1171.3,1171.3,1171.3,1171.3,299
2010-04-29,1168.4,1168.4,1171.2,1164.0,166
2010-04-30,1180.1,1180.1,1181.3,1170.0,146
2010-05-03,1182.7,1178.6,1187.5,1177.3,90
2010-05-04,1168.6,1168.6,1191.8,1168.3,94
2010-05-05,1174.6,1174.6,1177.2,1159.2,98
2010-05-06,1196.9,1196.9,1210.6,1175.9,79
2010-05-07,1210.0,1210.0,1210.8,1194.6,112
2010-05-10,1200.4,1200.4,1203.8,1189.2,118
2010-05-11,1219.9,1219.9,1233.5,1201.5,201
2010-05-12,1242.7,1242.7,1246.5,1227.1,213
2010-05-13,1228.8,1235.3,1240.0,1228.7,37
2010-05-14,1227.4,1227.4,1227.4,1227.4,99
2010-05-17,1227.7,1233.3,1235.9,1225.2,49
2010-05-18,1214.3,1214.3,1216.1,1208.2,73
2010-05-19,1192.6,1192.6,1192.6,1192.6,75
2010-05-20,1187.8,1187.8,1191.8,1179.4,297
2010-05-21,1175.7,1175.7,1175.7,1175.7,177
2010-05-24,1193.8,1193.8,1193.8,1193.8,14
2010-05-25,1197.8,1197.8,1200.0,1195.6,9
2010-05-26,1213.3,1213.3,1213.3,1213.3,237497
2010-05-27,1211.9,1211.7,1218.5,1205.4,109434
2010-05-28,1212.2,1210.4,1214.8,1201.1,12895
2010-06-01,1224.8,1224.8,1228.2,1209.3,4547
2010-06-02,1220.6,1220.6,1225.8,1213.2,2799
2010-06-03,1208.3,1208.3,1224.0,1201.0,1552
2010-06-04,1216.2,1207.6,1220.4,1196.9,1070
2010-06-07,1239.3,1239.3,1244.7,1211.0,859
2010-06-08,1244.0,1241.5,1252.1,1234.1,763
2010-06-09,1228.5,1237.0,1238.2,1222.0,446
2010-06-10,1220.8,1232.8,1233.5,1215.1,488
2010-06-11,1228.9,1228.9,1229.6,1218.0,481
2010-06-14,1223.3,1223.2,1232.7,1217.7,989
2010-06-15,1233.2,1222.6,1236.0,1222.4,251
2010-06-16,1229.3,1229.3,1229.3,1229.3,318
2010-06-17,1247.5,1233.9,1251.1,1233.9,266
2010-06-18,1257.2,1247.7,1261.5,1242.9,130
2010-06-21,1239.7,1257.4,1264.8,1232.0,219
2010-06-22,1239.9,1239.9,1242.8,1232.1,172
2010-06-23,1234.1,1233.9,1245.1,1226.9,100
2010-06-24,1245.5,1236.4,1248.1,1230.7,253
2010-06-25,1255.8,1246.7,1256.9,1243.7,159
2010-06-28,1238.2,1238.2,1238.2,1238.2,351
2010-06-29,1242.0,1242.0,1245.0,1228.5,417
2010-06-30,1245.5,1245.5,1246.2,1236.7,73
2010-07-01,1206.3,1206.3,1242.4,1204.5,50
2010-07-02,1207.4,1201.4,1211.6,1200.8,169
2010-07-06,1194.8,1207.3,1211.8,1190.5,52
2010-07-07,1198.6,1198.6,1198.6,1198.6,18
2010-07-08,1195.8,1195.8,1203.3,1189.3,93
2010-07-09,1209.6,1209.6,1213.0,1195.0,22
2010-07-12,1198.5,1198.5,1198.5,1198.5,45
2010-07-13,1213.3,1213.3,1217.4,1205.2,53
2010-07-14,1206.8,1212.0,1213.8,1202.4,54
2010-07-15,1208.1,1208.1,1208.1,1208.1,32
2010-07-16,1188.0,1188.0,1188.0,1188.0,46
2010-07-19,1181.7,1181.7,1182.2,1180.0,4
2010-07-20,1191.5,1191.5,1191.5,1191.5,8
2010-07-21,1191.6,1191.6,1194.5,1184.1,24
2010-07-22,1195.5,1195.5,1196.0,1194.4,79
2010-07-23,1187.7,1187.7,1198.6,1187.7,32
2010-07-26,1183.0,1183.0,1183.0,1183.0,37
2010-07-27,1158.0,1158.0,1158.0,1158.0,29
2010-07-28,1160.4,1160.4,1160.4,1160.4,206828
2010-07-29,1168.4,1163.8,1169.2,1158.7,54384
2010-07-30,1181.7,1168.2,1183.1,1166.0,5466
2010-08-02,1183.4,1183.4,1191.8,1174.7,2504
2010-08-03,1185.2,1185.2,1190.5,1180.0,598
2010-08-04,1193.7,1186.3,1203.0,1186.3,1068
2010-08-05,1197.2,1197.2,1199.3,1190.0,214
2010-08-06,1203.4,1203.3,1211.0,1195.3,347
2010-08-09,1200.7,1205.8,1209.5,1199.8,658
2010-08-10,1196.2,1196.2,1206.5,1191.0,713
2010-08-11,1197.5,1197.5,1208.0,1193.0,351
2010-08-12,1214.8,1214.8,1215.5,1199.0,289
2010-08-13,1214.9,1214.9,1214.9,1214.9,138
2010-08-16,1224.5,1224.5,1225.4,1218.0,252
2010-08-17,1226.6,1226.6,1227.4,1224.0,84
2010-08-18,1229.7,1229.7,1231.6,1218.0,169
2010-08-19,1233.8,1233.8,1237.6,1228.8,46
2010-08-20,1227.2,1227.2,1232.8,1223.0,236
2010-08-23,1226.9,1226.9,1228.9,1222.9,56
2010-08-24,1231.8,1231.8,1234.0,1211.5,300
2010-08-25,1239.5,1239.5,1240.7,1230.7,298
2010-08-26,1235.4,1235.4,1243.3,1235.0,104
2010-08-27,1236.0,1236.0,1236.0,1236.0,573
2010-08-30,1237.1,1237.1,1237.9,1234.0,128
2010-08-31,1248.3,1248.3,1249.4,1233.0,124
2010-09-01,1246.3,1246.3,1254.3,1243.6,41
2010-09-02,1251.5,1251.5,1252.5,1246.9,100
2010-09-03,1249.2,1249.2,1249.2,1240.0,3
2010-09-07,1257.3,1257.3,1258.0,1255.5,7
2010-09-08,1255.6,1255.6,1260.2,1254.7,27
2010-09-09,1248.9,1248.9,1256.0,1244.1,9
2010-09-10,1244.5,1244.5,1244.5,1244.5,20
2010-09-13,1245.1,1245.1,1245.1,1245.1,18
2010-09-14,1269.7,1269.7,1272.4,1253.4,87
2010-09-15,1266.7,1266.6,1269.8,1263.5,34
2010-09-16,1271.9,1271.9,1275.2,1268.7,37
2010-09-17,1275.6,1275.6,1279.6,1273.8,54
2010-09-20,1279.0,1279.0,1282.0,1279.0,27
2010-09-21,1272.4,1272.4,1289.8,1271.8,56
2010-09-22,1290.2,1290.2,1290.2,1290.2,17
2010-09-23,1294.3,1294.3,1294.3,1289.4,45
2010-09-24,1296.0,1296.0,1297.4,1294.2,37
2010-09-27,1296.7,1296.7,1296.7,1296.7,67
2010-09-28,1306.6,1287.5,1308.6,1287.5,25190
2010-09-29,1308.5,1309.4,1312.5,1305.0,6745
2010-09-30,1307.8,1307.2,1315.2,1295.7,579
2010-10-01,1316.1,1309.0,1320.0,1309.0,153
2010-10-04,1315.4,1318.3,1319.1,1312.0,95
2010-10-05,1338.9,1312.9,1341.1,1312.9,197
2010-10-06,1346.4,1339.1,1349.0,1339.0,215
2010-10-07,1333.9,1347.9,1363.0,1325.7,261
2010-10-08,1344.2,1333.5,1348.4,1325.0,80
2010-10-11,1353.3,1346.7,1353.7,1344.0,79
2010-10-12,1345.7,1346.9,1352.2,1343.6,112
2010-10-13,1369.5,1356.4,1374.0,1355.1,251
2010-10-14,1376.7,1372.8,1383.9,1371.3,106
2010-10-15,1371.1,1379.2,1382.4,1364.7,170
2010-10-18,1371.2,1358.0,1372.6,1358.0,46
2010-10-19,1335.1,1366.8,1370.5,1328.5,301
2010-10-20,1343.3,1336.0,1345.8,1334.2,148
2010-10-21,1324.7,1344.2,1346.2,1317.5,102
2010-10-22,1324.4,1326.7,1328.1,1319.0,113
2010-10-25,1338.3,1333.6,1349.1,1333.1,194
2010-10-26,1338.0,1341.2,1341.2,1328.3,195
2010-10-27,1322.2,1341.0,1341.0,1321.1,106
2010-10-28,1342.1,1327.9,1343.6,1325.9,192
2010-10-29,1357.1,1340.2,1358.7,1336.8,74
2010-11-01,1350.2,1360.3,1360.3,1350.7,40
2010-11-02,1356.4,1356.8,1356.8,1355.5,17
2010-11-03,1337.1,1351.4,1359.2,1327.5,135
2010-11-04,1382.7,1368.6,1392.5,1368.6,109
2010-11-05,1397.3,1390.7,1398.0,1378.2,109
2010-11-08,1402.8,1390.5,1409.2,1387.1,112
2010-11-09,1409.8,1405.2,1423.2,1382.9,84
2010-11-10,1399.1,1395.2,1408.1,1384.0,29
2010-11-11,1403.1,1400.7,1413.5,1397.3,26
2010-11-12,1365.4,1407.9,1407.9,1360.1,182
2010-11-15,1368.4,1363.7,1372.6,1355.3,46
2010-11-16,1338.3,1356.5,1358.2,1329.5,67
2010-11-17,1336.8,1336.9,1341.8,1331.3,50
2010-11-18,1352.9,1349.5,1353.2,1347.7,17
2010-11-19,1352.2,1350.7,1352.0,1344.5,7
2010-11-22,1357.7,1357.7,1357.7,1357.7,7
2010-11-23,1377.5,1369.4,1377.5,1364.5,15
2010-11-24,1372.9,1377.8,1377.8,1377.8,3
2010-11-26,1362.3,1372.1,1372.1,1372.1,138416
2010-11-29,1366.0,1364.0,1369.3,1352.6,94486
2010-11-30,1385.0,1366.7,1390.1,1362.8,11370
2010-12-01,1387.3,1386.8,1396.6,1382.3,4759
2010-12-02,1388.5,1387.6,1398.6,1383.3,1550
2010-12-03,1405.4,1385.1,1415.1,1385.1,2341
2010-12-06,1415.3,1414.0,1428.4,1410.0,833
2010-12-07,1408.3,1424.5,1431.1,1398.0,866
2010-12-08,1382.5,1402.5,1403.8,1372.0,1675
2010-12-09,1392.1,1380.6,1394.2,1380.5,971
2010-12-10,1384.3,1388.9,1392.0,1373.1,457
2010-12-13,1397.3,1384.5,1399.2,1384.5,193
2010-12-14,1403.6,1401.9,1407.3,1391.8,431
2010-12-15,1385.5,1394.0,1394.0,1379.5,215
2010-12-16,1370.4,1380.9,1385.0,1362.5,228
2010-12-17,1378.6,1376.4,1378.6,1365.9,102
2010-12-20,1385.5,1383.2,1386.7,1376.5,125
2010-12-21,1388.2,1385.8,1389.5,1381.5,113
2010-12-22,1386.8,1388.0,1389.5,1385.0,58
2010-12-23,1380.0,1388.4,1388.4,1373.7,101
2010-12-27,1382.4,1373.5,1384.2,1373.5,322
2010-12-28,1405.2,1389.8,1406.7,1389.8,519
2010-12-29,1413.1,1403.4,1412.2,1402.9,413
2010-12-30,1405.6,1413.8,1413.8,1403.1,185
2010-12-31,1421.1,1405.7,1421.1,1405.7,54
2011-01-03,1422.6,1415.6,1423.9,1413.7,28
2011-01-04,1378.5,1409.6,1410.9,1375.8,122
2011-01-05,1373.4,1383.4,1384.0,1364.2,175
2011-01-06,1371.4,1374.8,1376.5,1368.9,158
2011-01-07,1368.5,1372.7,1377.2,1355.5,225
2011-01-10,1373.7,1369.0,1374.0,1365.7,181
2011-01-11,1384.0,1375.4,1384.5,1373.9,13
2011-01-12,1385.7,1382.6,1385.5,1378.0,204
2011-01-13,1386.9,1386.1,1392.5,1371.4,66
2011-01-14,1360.4,1375.0,1376.0,1356.7,252
2011-01-18,1368.1,1365.1,1371.0,1359.2,106
2011-01-19,1370.2,1371.9,1376.2,1367.0,40
2011-01-20,1346.5,1367.7,1367.7,1345.0,10
2011-01-21,1341.0,1341.7,1345.6,1338.6,20
2011-01-24,1344.5,1352.3,1352.3,1341.8,2
2011-01-25,1332.3,1330.4,1331.5,1323.6,394
2011-01-26,1333.0,1333.0,1341.7,1333.0,4
2011-01-27,1318.4,1342.0,1342.0,1318.4,210699
2011-01-28,1340.7,1314.0,1346.6,1307.7,73023
2011-01-31,1333.8,1339.0,1345.9,1323.3,13657
2011-02-01,1339.6,1333.1,1342.9,1325.3,3180
2011-02-02,1331.5,1344.0,1344.0,1327.0,1363
2011-02-03,1352.3,1335.6,1355.8,1324.9,1865
2011-02-04,1348.3,1354.8,1360.0,1345.0,591
2011-02-07,1347.6,1345.8,1353.8,1343.8,1004
2011-02-08,1363.4,1351.2,1367.0,1350.0,2536
2011-02-09,1364.8,1362.8,1366.5,1359.6,146
2011-02-10,1361.9,1364.3,1364.5,1351.7,312
2011-02-11,1359.9,1364.0,1368.8,1355.2,488
2011-02-14,1364.6,1357.8,1365.6,1356.6,181
2011-02-15,1373.6,1361.6,1376.0,1361.6,321
2011-02-16,1374.7,1373.6,1382.0,1370.5,156
2011-02-17,1384.7,1377.7,1384.7,1377.0,113
2011-02-18,1388.2,1384.1,1391.8,1381.8,98
2011-02-22,1400.5,1395.1,1408.7,1395.1,430
2011-02-23,1413.4,1397.8,1413.8,1397.8,318
2011-02-24,1415.3,1415.1,1415.3,1408.3,809
2011-02-25,1408.7,1401.7,1411.0,1401.0,352
2011-02-28,1409.3,1410.7,1415.7,1407.7,205
2011-03-01,1430.7,1415.3,1434.4,1415.3,116
2011-03-02,1437.2,1432.5,1440.5,1428.8,1600
2011-03-03,1416.0,1432.3,1432.3,1415.9,244
2011-03-04,1428.2,1418.9,1429.8,1416.8,60
2011-03-07,1434.1,1434.5,1445.0,1429.5,613
2011-03-08,1426.9,1431.6,1432.6,1424.3,198
2011-03-09,1429.3,1430.0,1435.7,1426.1,98
2011-03-10,1412.2,1429.5,1429.8,1403.8,23
2011-03-11,1421.5,1413.7,1422.6,1404.9,23
2011-03-14,1424.6,1420.0,1427.7,1420.0,58
2011-03-15,1392.6,1413.3,1413.3,1385.5,20
2011-03-16,1396.0,1398.0,1404.2,1394.3,38
2011-03-17,1404.0,1387.7,1393.6,1387.7,27
2011-03-18,1415.9,1406.4,1419.3,1406.4,6
2011-03-21,1426.2,1433.5,1433.5,1430.8,43
2011-03-22,1427.5,1430.4,1430.4,1430.4,85
2011-03-23,1437.9,1432.2,1439.7,1432.2,19
2011-03-24,1434.8,1437.7,1446.9,1437.5,27
2011-03-25,1426.1,1436.0,1436.0,1436.0,1
2011-03-28,1419.8,1413.2,1415.6,1413.2,6
2011-03-29,1416.0,1416.0,1416.0,1416.0,135792
2011-03-30,1423.8,1418.7,1430.3,1412.0,47011
2011-03-31,1438.9,1423.3,1440.0,1420.7,8230
2011-04-01,1428.1,1433.4,1436.5,1413.0,5318
2011-04-04,1432.2,1429.1,1439.1,1428.8,683
2011-04-05,1451.8,1437.9,1457.6,1430.3,2609
2011-04-06,1457.7,1456.9,1462.3,1452.0,901
2011-04-07,1458.5,1459.7,1462.5,1453.9,229
2011-04-08,1473.4,1457.6,1475.5,1457.5,1407
2011-04-11,1467.4,1476.0,1476.0,1459.7,378
2011-04-12,1452.9,1461.8,1467.2,1444.4,345
2011-04-13,1454.9,1455.0,1462.0,1454.0,197
2011-04-14,1471.7,1456.8,1476.0,1452.7,535
2011-04-15,1485.3,1477.6,1487.5,1473.2,293
2011-04-18,1492.3,1486.3,1497.3,1477.5,650
2011-04-19,1494.5,1493.3,1499.5,1489.0,168
2011-04-20,1498.3,1494.0,1505.3,1494.0,386
2011-04-21,1503.2,1503.7,1508.3,1501.7,237
2011-04-25,1508.6,1513.3,1518.0,1502.8,233
2011-04-26,1503.0,1501.5,1506.3,1495.0,223
2011-04-27,1516.7,1507.1,1512.8,1505.2,460
2011-04-28,1530.8,1528.6,1536.0,1526.6,425
2011-04-29,1556.0,1538.7,1568.7,1537.3,124
2011-05-02,1556.7,1572.9,1576.6,1543.1,200
2011-05-03,1540.1,1542.5,1547.0,1527.5,246
2011-05-04,1514.9,1535.0,1539.0,1506.2,272
2011-05-05,1480.9,1514.7,1520.7,1471.0,133
2011-05-06,1491.2,1473.2,1494.8,1472.3,144
2011-05-09,1502.9,1501.5,1512.8,1501.3,44
2011-05-10,1516.6,1508.4,1516.9,1508.4,13
2011-05-11,1501.1,1524.0,1524.1,1495.2,30
2011-05-12,1506.6,1492.1,1498.5,1484.8,11
2011-05-13,1493.4,1503.5,1511.3,1490.2,16
2011-05-16,1490.4,1489.3,1494.9,1489.3,10
2011-05-17,1479.8,1489.8,1491.8,1473.0,41
2011-05-18,1495.6,1496.4,1497.0,1496.3,82
2011-05-19,1492.2,1491.5,1491.5,1491.5,1
2011-05-20,1508.8,1499.0,1512.7,1488.7,93
2011-05-23,1515.3,1510.5,1512.3,1507.0,42
2011-05-24,1523.2,1527.1,1527.1,1521.9,4
2011-05-25,1526.6,1526.4,1527.5,1526.1,10
2011-05-26,1522.8,1521.2,1521.2,1519.5,186986
2011-05-27,1536.3,1519.4,1538.5,1518.4,76719
2011-05-31,1535.9,1536.7,1541.1,1532.4,6152
2011-06-01,1542.4,1535.7,1550.6,1529.7,2845
2011-06-02,1532.0,1541.3,1544.5,1520.0,1651
2011-06-03,1541.7,1534.7,1546.3,1525.0,1745
2011-06-06,1546.5,1542.9,1553.9,1542.0,691
2011-06-07,1543.3,1545.0,1549.9,1537.2,2530
2011-06-08,1538.1,1544.2,1544.2,1531.3,489
2011-06-09,1542.1,1536.1,1548.8,1534.4,288
2011-06-10,1528.6,1543.7,1543.9,1526.4,632
2011-06-13,1515.0,1528.1,1533.0,1511.3,851
2011-06-14,1523.8,1517.2,1526.2,1513.1,306
2011-06-15,1525.6,1525.0,1533.4,1515.0,648
2011-06-16,1529.3,1526.0,1531.2,1522.0,164
2011-06-17,1538.6,1523.0,1541.6,1523.0,72
2011-06-20,1541.5,1536.0,1545.7,1535.2,99
2011-06-21,1546.0,1540.1,1547.5,1540.0,125
2011-06-22,1552.9,1547.2,1558.5,1544.4,222
2011-06-23,1520.1,1547.2,1547.2,1514.7,300
2011-06-24,1500.5,1524.7,1525.0,1498.5,257
2011-06-27,1496.0,1503.5,1503.5,1490.7,140
2011-06-28,1499.7,1499.9,1505.0,1496.1,508
2011-06-29,1509.9,1504.1,1512.2,1504.1,395
2011-06-30,1502.3,1511.5,1514.0,1498.8,69
2011-07-01,1482.3,1502.2,1502.2,1480.0,66
2011-07-05,1512.3,1490.4,1515.0,1490.3,199
2011-07-06,1528.7,1513.7,1531.5,1510.3,71
2011-07-07,1530.2,1529.1,1533.1,1522.7,55
2011-07-08,1541.2,1527.0,1542.6,1526.6,3
2011-07-11,1548.8,1550.0,1555.2,1543.1,14
2011-07-12,1561.9,1548.2,1565.0,1542.0,8
2011-07-13,1585.2,1574.0,1585.6,1570.8,29
2011-07-14,1589.0,1586.3,1592.8,1583.6,19
2011-07-15,1589.8,1582.3,1592.2,1582.3,8
2011-07-18,1602.1,1592.8,1605.0,1592.8,13
2011-07-19,1600.9,1608.1,1608.8,1583.3,63
2011-07-20,1596.7,1584.3,1596.7,1582.4,9
2011-07-21,1586.8,1598.0,1601.6,1586.6,24
2011-07-22,1601.3,1588.5,1606.5,1588.5,12
2011-07-25,1612.0,1610.0,1619.4,1610.0,67
2011-07-26,1616.6,1609.8,1618.5,1609.8,28
2011-07-27,1615.0,1619.7,1619.7,1617.0,232220
2011-07-28,1613.4,1614.2,1620.6,1602.8,70263
2011-07-29,1628.3,1617.1,1634.9,1610.6,6761
2011-08-01,1619.0,1623.0,1631.8,1607.0,2889
2011-08-02,1641.9,1619.3,1660.6,1616.8,2440
2011-08-03,1663.4,1659.9,1672.3,1651.6,2024
2011-08-04,1656.2,1660.5,1681.8,1640.0,1952
2011-08-05,1648.8,1647.5,1666.1,1642.7,825
2011-08-08,1710.2,1679.1,1720.0,1678.1,1885
2011-08-09,1740.0,1722.5,1779.0,1720.1,1861
2011-08-10,1781.3,1744.0,1795.6,1741.3,969
2011-08-11,1748.8,1795.1,1813.5,1733.3,1503
2011-08-12,1740.2,1760.6,1764.2,1723.8,1166
2011-08-15,1755.5,1734.9,1765.2,1730.5,976
2011-08-16,1782.4,1769.0,1787.3,1761.6,278
2011-08-17,1791.2,1784.8,1794.3,1782.0,231
2011-08-18,1818.9,1786.5,1828.5,1785.5,868
2011-08-19,1848.9,1823.7,1874.4,1823.7,328
2011-08-22,1888.7,1868.6,1895.0,1858.4,1106
2011-08-23,1858.3,1909.0,1909.3,1824.6,458
2011-08-24,1754.1,1833.0,1853.1,1753.1,992
2011-08-25,1759.8,1748.4,1772.5,1707.3,864
2011-08-26,1794.1,1768.5,1829.3,1768.5,270
2011-08-29,1788.4,1817.9,1817.9,1786.7,828
2011-08-30,1826.7,1787.2,1839.6,1783.1,598
2011-08-31,1828.5,1830.6,1837.9,1811.4,336
2011-09-01,1826.0,1825.8,1829.5,1814.4,263
2011-09-02,1873.7,1828.6,1884.2,1828.6,442
2011-09-06,1869.9,1886.3,1911.6,1864.0,536
2011-09-07,1814.2,1868.9,1873.7,1792.8,470
2011-09-08,1854.4,1839.3,1870.0,1835.0,142
2011-09-09,1856.4,1858.1,1881.3,1830.0,188
2011-09-12,1809.9,1852.4,1852.4,1806.0,245
2011-09-13,1826.8,1817.8,1835.3,1808.1,52
2011-09-14,1823.5,1843.0,1843.0,1809.0,156
2011-09-15,1778.5,1816.3,1816.3,1775.8,80
2011-09-16,1812.1,1768.5,1819.1,1768.5,111
2011-09-19,1776.4,1814.7,1818.9,1788.0,13
2011-09-20,1806.6,1778.8,1807.8,1776.0,86
2011-09-21,1805.5,1808.0,1811.7,1782.8,22
2011-09-22,1739.2,1773.2,1773.2,1730.9,23
2011-09-23,1637.5,1737.3,1737.3,1636.3,81
2011-09-26,1592.5,1646.4,1661.8,1562.4,151
2011-09-27,1650.6,1653.8,1665.4,1653.7,47
2011-09-28,1616.3,1650.0,1650.0,1650.0,21275
2011-09-29,1615.5,1604.0,1633.8,1585.0,7181
2011-09-30,1620.4,1620.8,1639.4,1609.4,284
2011-10-03,1656.0,1627.8,1660.8,1627.6,101
2011-10-04,1614.7,1661.0,1678.1,1596.6,159
2011-10-05,1640.3,1629.3,1640.3,1599.6,114
2011-10-06,1651.9,1642.6,1654.7,1637.6,38
2011-10-07,1634.5,1657.0,1665.0,1626.2,66
2011-10-10,1669.6,1645.6,1676.8,1645.6,61
2011-10-11,1659.7,1685.0,1685.0,1657.6,151
2011-10-12,1681.3,1667.1,1691.0,1667.1,37
2011-10-13,1667.3,1676.1,1678.8,1656.2,148
2011-10-14,1681.8,1665.8,1683.3,1665.8,51
2011-10-17,1675.5,1683.6,1693.5,1667.3,41
2011-10-18,1651.7,1666.0,1666.0,1627.5,85
2011-10-19,1646.0,1659.3,1659.3,1641.3,22
2011-10-20,1611.9,1643.2,1643.2,1608.7,92
2011-10-21,1635.1,1626.1,1647.4,1626.1,32
2011-10-24,1651.5,1646.2,1657.8,1646.2,313
2011-10-25,1699.6,1645.0,1706.8,1645.0,355
2011-10-26,1722.7,1717.0,1723.6,1708.9,135
2011-10-27,1746.7,1717.8,1735.5,1717.8,494
2011-10-28,1746.2,1752.0,1752.0,1733.0,158
2011-10-31,1724.2,1741.9,1741.9,1717.0,62
2011-11-01,1711.0,1706.7,1720.1,1682.5,246
2011-11-02,1728.7,1724.3,1741.4,1723.2,294
2011-11-03,1764.2,1740.5,1766.0,1726.6,290
2011-11-04,1755.3,1757.0,1761.2,1754.9,47
2011-11-07,1790.3,1755.3,1797.0,1755.3,35
2011-11-08,1798.4,1798.4,1798.4,1785.7,14
2011-11-09,1790.9,1793.0,1793.0,1774.2,6
2011-11-10,1758.9,1766.8,1766.8,1754.8,16
2011-11-11,1787.5,1777.0,1789.1,1777.0,28
2011-11-14,1777.8,1779.0,1779.0,1779.0,24
2011-11-15,1781.7,1779.2,1783.1,1761.3,18
2011-11-16,1773.8,1777.5,1777.5,1757.7,65
2011-11-17,1719.8,1755.3,1755.3,1714.0,54
2011-11-18,1724.7,1725.0,1736.0,1719.0,14
2011-11-21,1678.3,1704.6,1704.6,1674.4,9
2011-11-22,1702.2,1675.4,1702.2,1675.4,13
2011-11-23,1695.7,1691.2,1700.0,1681.6,34
2011-11-25,1685.5,1690.1,1693.5,1675.3,28
2011-11-28,1710.8,1710.8,1710.8,1710.8,175525
2011-11-29,1713.4,1711.3,1718.4,1704.0,64786
2011-11-30,1745.5,1714.0,1749.2,1699.9,15463
2011-12-01,1735.3,1747.0,1753.3,1734.5,1350
2011-12-02,1747.0,1744.8,1762.9,1741.6,1067
2011-12-05,1730.7,1748.9,1752.6,1718.7,756
2011-12-06,1727.9,1722.1,1731.8,1703.0,648
2011-12-07,1740.9,1730.6,1741.9,1720.0,300
2011-12-08,1709.8,1742.0,1752.3,1705.4,942
2011-12-09,1712.8,1713.3,1720.7,1705.7,568
2011-12-12,1664.2,1707.5,1708.2,1658.5,894
2011-12-13,1659.9,1654.7,1671.8,1628.0,274
2011-12-14,1584.3,1636.5,1639.5,1565.8,890
2011-12-15,1574.6,1571.4,1592.8,1565.6,589
2011-12-16,1595.6,1587.4,1595.9,1586.0,57
2011-12-19,1594.4,1596.4,1603.4,1589.7,92
2011-12-20,1615.6,1596.4,1617.0,1596.4,215
2011-12-21,1611.9,1615.6,1635.0,1608.3,38
2011-12-22,1608.9,1608.8,1610.0,1601.9,599
2011-12-23,1604.7,1612.0,1612.8,1604.7,62
2011-12-27,1594.2,1599.0,1599.0,1592.6,52
2011-12-28,1562.9,1584.9,1588.6,1561.3,763
2011-12-29,1539.9,1559.3,1559.3,1525.0,866
2011-12-30,1565.8,1549.4,1579.5,1547.9,289
2012-01-03,1599.7,1568.9,1604.3,1566.0,229
2012-01-04,1611.9,1596.6,1618.6,1594.5,172
2012-01-05,1619.4,1610.8,1624.1,1597.8,362
2012-01-06,1616.1,1622.5,1627.8,1616.1,20
2012-01-09,1607.5,1614.3,1620.1,1607.5,8
2012-01-10,1631.0,1619.9,1638.0,1619.9,47
2012-01-11,1639.2,1634.8,1645.4,1633.8,65
2012-01-12,1647.3,1645.2,1656.1,1645.2,84
2012-01-13,1630.4,1638.9,1643.4,1630.4,368
2012-01-17,1655.2,1643.7,1657.8,1642.1,16
2012-01-18,1659.5,1654.0,1660.3,1654.0,11
2012-01-19,1654.1,1663.0,1664.4,1653.5,58
2012-01-20,1663.7,1652.8,1664.3,1652.8,8
2012-01-23,1678.0,1676.9,1680.0,1669.9,10
2012-01-24,1664.2,1666.9,1668.2,1664.2,5
2012-01-25,1699.8,1673.0,1706.2,1672.0,239
2012-01-26,1726.3,1729.0,1729.0,1721.0,16
2012-01-27,1731.8,1727.0,1734.1,1727.0,175023
2012-01-30,1731.0,1737.2,1739.9,1715.7,53427
2012-01-31,1737.8,1731.7,1747.7,1725.0,7540
2012-02-01,1747.1,1738.2,1751.1,1734.0,2027
2012-02-02,1756.8,1745.1,1761.1,1742.9,2062
2012-02-03,1737.9,1758.7,1761.3,1724.5,543
2012-02-06,1722.8,1728.0,1738.3,1713.3,726
2012-02-07,1746.4,1722.0,1748.0,1713.2,272
2012-02-08,1729.3,1744.0,1751.5,1728.2,955
2012-02-09,1739.0,1731.4,1749.7,1726.1,119
2012-02-10,1723.3,1732.7,1734.4,1706.4,248
2012-02-13,1723.0,1725.0,1733.0,1718.4,104
2012-02-14,1715.9,1720.0,1724.9,1715.0,94
2012-02-15,1726.3,1723.6,1737.0,1723.6,110
2012-02-16,1726.8,1718.4,1728.4,1707.0,38
2012-02-17,1724.5,1733.6,1735.1,1718.8,80
2012-02-21,1757.1,1736.1,1760.0,1733.6,115
2012-02-22,1770.0,1758.7,1781.9,1750.0,161
2012-02-23,1784.9,1774.0,1786.0,1773.0,298
2012-02-24,1775.1,1778.5,1780.7,1771.3,129
2012-02-27,1773.6,1773.6,1775.6,1768.1,841
2012-02-28,1787.0,1767.9,1789.4,1767.9,306
2012-02-29,1709.9,1789.9,1790.4,1669.0,359
2012-03-01,1721.1,1698.6,1724.6,1698.6,214
2012-03-02,1708.8,1723.0,1723.0,1705.2,135
2012-03-05,1703.0,1705.5,1709.5,1695.4,421
2012-03-06,1671.4,1708.7,1708.7,1666.0,176
2012-03-07,1683.3,1676.0,1684.0,1673.1,39
2012-03-08,1698.1,1686.4,1702.4,1686.4,301
2012-03-09,1710.9,1698.8,1710.9,1680.7,73
2012-03-12,1699.2,1708.1,1708.1,1694.9,98
2012-03-13,1693.7,1698.4,1698.4,1685.1,47
2012-03-14,1642.5,1676.9,1681.0,1637.4,201
2012-03-15,1659.1,1646.3,1660.2,1640.0,405
2012-03-16,1655.5,1660.0,1661.4,1641.3,317
2012-03-19,1666.9,1661.2,1668.0,1652.1,462
2012-03-20,1646.7,1648.1,1652.3,1642.0,250
2012-03-21,1650.0,1657.8,1660.0,1646.1,546
2012-03-22,1642.3,1648.0,1649.4,1633.8,321
2012-03-23,1662.3,1652.5,1665.1,1646.3,76
2012-03-26,1685.5,1665.0,1692.9,1657.8,84
2012-03-27,1684.8,1687.8,1690.8,1684.4,100
2012-03-28,1657.9,1670.1,1670.1,1657.9,193107
2012-03-29,1652.2,1661.8,1664.5,1644.3,47342
2012-03-30,1669.3,1660.6,1670.0,1659.0,9825
2012-04-02,1677.5,1670.4,1682.8,1662.0,2531
2012-04-03,1670.0,1677.6,1679.5,1638.7,1165
2012-04-04,1612.3,1646.5,1647.0,1612.3,1122
2012-04-05,1628.5,1620.8,1633.2,1620.4,289
2012-04-09,1642.5,1645.3,1646.4,1636.5,158
2012-04-10,1659.5,1649.0,1661.7,1636.2,350
2012-04-11,1659.0,1654.8,1659.7,1654.7,426
2012-04-12,1679.5,1660.0,1680.1,1650.0,1309
2012-04-13,1659.1,1673.3,1674.8,1650.0,220
2012-04-16,1648.7,1650.8,1656.8,1641.2,717
2012-04-17,1650.3,1652.0,1652.9,1637.0,69
2012-04-18,1638.8,1653.2,1653.3,1638.1,273
2012-04-19,1640.6,1642.1,1653.1,1632.0,77
2012-04-20,1642.1,1641.7,1645.6,1640.9,54
2012-04-23,1631.9,1642.4,1642.4,1625.1,226
2012-04-24,1643.0,1634.4,1648.6,1634.4,123
2012-04-25,1641.4,1641.3,1643.8,1626.9,82
2012-04-26,1659.6,1658.3,1659.6,1658.3,280
2012-04-27,1664.0,1654.5,1666.9,1654.0,236
2012-04-30,1663.4,1663.0,1665.7,1653.0,36
2012-05-01,1661.7,1665.0,1670.5,1661.7,25
2012-05-02,1653.4,1659.2,1659.2,1648.3,50
2012-05-03,1634.2,1651.2,1652.2,1631.3,78
2012-05-04,1644.7,1635.7,1645.6,1629.4,68
2012-05-07,1638.6,1637.9,1640.0,1632.6,21
2012-05-08,1604.0,1636.7,1636.7,1596.0,154
2012-05-09,1593.7,1595.3,1595.3,1586.3,30
2012-05-10,1595.1,1594.2,1595.1,1592.4,6
2012-05-11,1583.6,1586.1,1589.6,1583.6,6
2012-05-14,1560.6,1563.0,1563.1,1555.5,5
2012-05-15,1556.8,1555.4,1558.3,1542.4,28
2012-05-16,1536.2,1541.4,1541.4,1528.5,26
2012-05-17,1574.5,1546.9,1579.0,1546.9,51
2012-05-18,1591.6,1573.7,1591.6,1568.2,26
2012-05-21,1588.4,1591.9,1594.1,1588.4,32
2012-05-22,1576.3,1575.7,1578.1,1568.4,27
2012-05-23,1548.1,1538.2,1548.1,1534.4,6
2012-05-24,1557.3,1559.0,1569.4,1551.5,23
2012-05-25,1568.8,1558.2,1568.8,1557.3,7
2012-05-29,1548.6,1574.7,1582.5,1548.6,259050
2012-05-30,1563.4,1553.9,1569.0,1530.4,79887
2012-05-31,1562.6,1562.7,1572.6,1551.8,5901
2012-06-01,1620.5,1560.0,1630.0,1545.5,2820
2012-06-04,1612.2,1623.0,1627.9,1609.0,2134
2012-06-05,1615.2,1619.3,1622.7,1612.9,604
2012-06-06,1632.8,1619.7,1639.7,1616.5,419
2012-06-07,1586.6,1622.6,1627.2,1581.9,1200
2012-06-08,1590.1,1589.9,1593.9,1566.5,157
2012-06-11,1595.5,1608.0,1608.0,1583.0,129
2012-06-12,1612.7,1594.1,1612.8,1588.5,523
2012-06-13,1618.1,1608.2,1622.4,1608.2,655
2012-06-14,1618.4,1621.2,1626.4,1610.1,493
2012-06-15,1627.0,1624.3,1630.0,1621.5,1015
2012-06-18,1625.7,1622.6,1627.6,1615.0,246
2012-06-19,1622.2,1629.8,1630.7,1622.0,32
2012-06-20,1614.8,1618.3,1618.3,1601.3,140
2012-06-21,1564.5,1603.2,1603.3,1564.5,29
2012-06-22,1566.0,1565.5,1568.4,1560.0,16
2012-06-25,1587.5,1574.9,1587.5,1571.0,32
2012-06-26,1574.0,1583.5,1583.5,1567.7,104
2012-06-27,1577.5,1567.0,1577.5,1563.0,220
2012-06-28,1549.7,1573.7,1573.7,1548.4,133
2012-06-29,1603.5,1562.6,1603.5,1561.9,61
2012-07-02,1597.2,1597.1,1598.3,1589.7,35
2012-07-03,1621.3,1603.8,1624.0,1603.8,44
2012-07-05,1608.9,1618.5,1619.2,1598.0,27
2012-07-06,1578.4,1592.3,1593.8,1578.4,15
2012-07-09,1588.6,1582.1,1588.6,1580.9,5
2012-07-10,1579.3,1599.2,1599.8,1567.6,12
2012-07-11,1575.2,1577.4,1579.5,1575.2,12
2012-07-12,1564.9,1569.3,1574.7,1557.2,44
2012-07-13,1591.6,1567.8,1594.1,1567.8,26
2012-07-16,1591.2,1586.2,1591.2,1585.8,7
2012-07-17,1589.1,1596.0,1596.0,1576.3,27
2012-07-18,1570.4,1581.2,1583.7,1569.9,30
2012-07-19,1580.1,1580.0,1586.9,1578.4,60
2012-07-20,1582.5,1583.9,1584.4,1576.1,5
2012-07-23,1577.1,1571.7,1577.1,1569.8,4
2012-07-24,1576.0,1574.0,1581.9,1574.0,9
2012-07-25,1608.0,1583.7,1608.0,1583.3,12
2012-07-26,1615.0,1614.9,1615.0,1614.1,7
2012-07-27,1617.9,1613.4,1617.9,1613.4,197976
2012-07-30,1619.7,1622.9,1625.8,1613.1,52890
2012-07-31,1610.5,1621.1,1627.5,1610.0,6281
2012-08-01,1603.7,1613.4,1617.2,1592.0,3530
2012-08-02,1587.4,1600.0,1615.0,1583.1,933
2012-08-03,1606.0,1589.3,1606.0,1585.1,676
2012-08-06,1612.9,1604.7,1614.1,1603.2,662
2012-08-07,1609.7,1610.8,1615.7,1609.3,449
2012-08-08,1612.9,1610.2,1614.8,1603.0,341
2012-08-09,1617.1,1612.8,1617.2,1610.1,433
2012-08-10,1619.7,1615.8,1624.1,1605.0,1219
2012-08-13,1609.6,1622.0,1623.7,1607.3,402
2012-08-14,1599.4,1612.8,1615.6,1591.2,910
2012-08-15,1603.7,1593.8,1604.6,1592.0,280
2012-08-16,1616.1,1600.2,1616.1,1600.2,199
2012-08-17,1616.3,1617.8,1617.8,1611.4,249
2012-08-20,1620.1,1614.0,1621.4,1611.6,68
2012-08-21,1639.9,1620.0,1639.9,1620.0,258
2012-08-22,1637.4,1638.4,1653.1,1635.0,37
2012-08-23,1669.6,1659.9,1672.7,1658.0,141
2012-08-24,1669.8,1665.8,1669.8,1662.2,24
2012-08-27,1672.4,1674.9,1674.9,1663.9,42
2012-08-28,1666.5,1659.9,1671.0,1659.2,51
2012-08-29,1659.8,1667.2,1667.3,1659.8,403
2012-08-30,1653.5,1655.4,1662.0,1650.7,418
2012-08-31,1684.6,1658.6,1690.0,1646.2,58
2012-09-04,1692.9,1689.1,1698.0,1687.7,43
2012-09-05,1690.8,1690.4,1693.3,1690.4,82
2012-09-06,1702.6,1696.4,1712.4,1696.4,39
2012-09-07,1737.5,1696.7,1738.2,1696.7,109
2012-09-10,1728.7,1733.1,1733.5,1727.2,14
2012-09-11,1731.8,1736.0,1736.0,1731.8,2
2012-09-12,1730.6,1742.2,1742.3,1730.5,15
2012-09-13,1769.1,1728.7,1769.1,1728.7,33
2012-09-14,1769.8,1771.0,1774.5,1766.0,25
2012-09-17,1767.7,1774.8,1774.8,1753.8,54
2012-09-18,1768.4,1766.3,1768.4,1766.3,13
2012-09-19,1769.0,1776.0,1778.5,1768.0,27
2012-09-20,1767.7,1769.1,1771.3,1760.6,17
2012-09-21,1775.5,1785.3,1785.3,1772.3,10
2012-09-24,1762.1,1762.1,1762.1,1762.1,4
2012-09-25,1763.8,1772.6,1772.7,1763.8,5
2012-09-26,1750.6,1762.8,1764.2,1743.0,15237
2012-09-27,1777.6,1752.6,1780.2,1750.7,6989
2012-09-28,1771.1,1776.8,1782.2,1767.5,2839
2012-10-01,1780.5,1766.0,1791.0,1763.3,816
2012-10-02,1772.7,1777.9,1779.3,1772.7,94
2012-10-03,1777.3,1772.2,1779.9,1771.9,134
2012-10-04,1794.1,1783.5,1794.8,1783.5,199
2012-10-05,1778.6,1792.2,1792.2,1776.6,257
2012-10-08,1773.5,1778.0,1778.0,1766.8,33
2012-10-09,1763.0,1776.7,1776.7,1762.3,24
2012-10-10,1763.2,1762.4,1764.2,1758.1,29
2012-10-11,1768.8,1761.6,1771.0,1761.6,30
2012-10-12,1758.0,1769.5,1769.5,1753.6,84
2012-10-15,1736.0,1750.0,1750.0,1729.9,108
2012-10-16,1744.7,1736.7,1744.7,1736.6,15
2012-10-17,1751.5,1749.4,1751.5,1746.0,36
2012-10-18,1743.3,1749.1,1749.1,1740.5,27
2012-10-19,1722.8,1741.1,1741.1,1721.0,70
2012-10-22,1725.1,1715.0,1728.3,1715.0,12
2012-10-23,1708.3,1726.6,1726.6,1708.3,75
2012-10-24,1700.5,1708.4,1708.5,1698.6,27
2012-10-25,1712.0,1711.7,1716.7,1711.7,33
2012-10-26,1710.9,1706.1,1716.2,1706.1,77
2012-10-31,1717.5,1714.4,1724.5,1714.4,64
2012-11-01,1714.1,1722.3,1725.1,1714.1,24
2012-11-02,1674.1,1711.3,1711.3,1674.1,50
2012-11-05,1682.2,1682.8,1683.1,1674.3,7
2012-11-06,1714.1,1690.1,1718.0,1690.1,47
2012-11-07,1713.2,1707.7,1726.5,1703.7,42
2012-11-08,1725.4,1715.9,1725.4,1714.2,34
2012-11-09,1730.3,1733.7,1734.1,1727.6,6
2012-11-12,1730.3,1733.2,1733.4,1730.3,6
2012-11-13,1724.2,1721.6,1728.2,1718.5,12
2012-11-14,1729.5,1722.0,1729.5,1722.0,11
2012-11-15,1713.3,1724.9,1724.9,1706.3,10
2012-11-16,1714.3,1710.0,1714.3,1706.9,16
2012-11-19,1734.0,1721.8,1734.0,1721.8,4
2012-11-20,1723.2,1730.6,1731.1,1722.5,21
2012-11-21,1727.9,1725.8,1727.9,1725.8,23
2012-11-23,1751.3,1735.0,1751.3,1735.0,8
2012-11-26,1749.5,1750.3,1750.5,1749.4,24
2012-11-27,1742.2,1746.4,1746.4,1742.2,7
2012-11-28,1716.5,1739.8,1739.8,1716.5,276136
2012-11-29,1727.2,1719.6,1729.0,1717.7,65599
2012-11-30,1710.9,1725.2,1731.2,1708.4,3690
2012-12-03,1719.6,1714.9,1721.9,1714.5,1238
2012-12-04,1694.4,1716.3,1716.8,1691.6,1428
2012-12-05,1692.4,1697.1,1706.0,1685.0,1262
2012-12-06,1700.3,1694.3,1702.1,1686.4,525
2012-12-07,1704.0,1701.2,1704.5,1684.0,169
2012-12-10,1713.0,1704.2,1717.0,1704.2,88
2012-12-11,1708.2,1710.0,1714.1,1705.9,88
2012-12-12,1716.6,1710.1,1722.3,1708.0,195
2012-12-13,1695.6,1707.2,1707.2,1689.9,240
2012-12-14,1695.8,1698.3,1699.2,1694.4,72
2012-12-17,1697.0,1690.5,1698.5,1689.5,65
2012-12-18,1669.5,1701.4,1702.8,1661.0,501
2012-12-19,1666.5,1675.3,1676.0,1664.6,76
2012-12-20,1644.9,1667.9,1671.0,1637.6,158
2012-12-21,1659.1,1648.0,1659.1,1635.8,78
2012-12-24,1658.6,1657.7,1663.8,1654.9,73
2012-12-26,1659.8,1654.5,1666.7,1654.5,73
2012-12-27,1662.6,1656.2,1662.6,1656.2,446
2012-12-28,1654.9,1664.0,1664.0,1653.7,197
2012-12-31,1674.8,1655.4,1677.1,1655.4,89
2013-01-02,1687.9,1672.8,1693.8,1670.0,35
2013-01-03,1673.7,1686.1,1686.8,1662.0,140
2013-01-04,1648.1,1647.0,1658.3,1625.7,199
2013-01-07,1645.5,1656.5,1659.9,1643.8,49
2013-01-08,1661.5,1647.7,1661.5,1647.7,17
2013-01-09,1654.8,1658.6,1662.1,1651.9,9
2013-01-10,1677.3,1672.5,1677.3,1672.5,9
2013-01-11,1660.0,1673.1,1673.1,1654.2,147
2013-01-14,1668.9,1665.4,1673.8,1664.1,10
2013-01-15,1683.4,1671.6,1684.3,1671.6,20
2013-01-16,1682.7,1674.4,1682.7,1674.4,11
2013-01-17,1690.4,1676.4,1694.6,1671.0,81
2013-01-18,1686.6,1687.4,1692.0,1686.6,14
2013-01-22,1692.8,1690.3,1694.7,1687.8,15
2013-01-23,1686.3,1691.3,1693.7,1685.2,28
2013-01-24,1669.5,1680.8,1681.7,1668.0,13
2013-01-25,1656.4,1663.0,1663.0,1656.4,44
2013-01-28,1652.4,1651.6,1655.5,1651.6,82
2013-01-29,1660.7,1661.2,1661.5,1660.7,145863
2013-01-30,1679.9,1662.4,1683.0,1661.8,44893
2013-01-31,1660.6,1675.4,1680.0,1657.4,6044
2013-02-01,1669.4,1663.9,1681.2,1659.9,3250
2013-02-04,1675.3,1668.0,1676.5,1661.6,450
2013-02-05,1672.4,1674.2,1683.4,1666.5,353
2013-02-06,1677.7,1672.2,1678.5,1668.0,376
2013-02-07,1670.4,1677.0,1682.1,1663.1,475
2013-02-08,1666.0,1671.5,1672.5,1664.8,289
2013-02-11,1648.2,1666.5,1668.0,1643.7,868
2013-02-12,1648.7,1643.8,1650.4,1642.4,85
2013-02-13,1644.2,1652.2,1652.3,1640.2,236
2013-02-14,1634.7,1641.1,1646.9,1632.7,219
2013-02-15,1608.8,1633.2,1633.9,1599.5,460
2013-02-19,1603.6,1610.0,1617.0,1599.7,272
2013-02-20,1577.6,1604.7,1606.9,1561.8,278
2013-02-21,1578.2,1568.5,1581.2,1555.2,2019
2013-02-22,1572.4,1580.0,1585.4,1572.4,76
2013-02-25,1586.2,1579.4,1596.0,1577.7,118
2013-02-26,1615.2,1593.3,1615.2,1589.0,1158
2013-02-27,1595.2,1612.8,1612.8,1591.8,700
2013-02-28,1577.7,1596.0,1601.6,1575.1,102
2013-03-01,1571.9,1579.6,1585.6,1566.0,68
2013-03-04,1572.1,1580.8,1580.8,1569.7,64
2013-03-05,1574.6,1577.6,1585.5,1571.4,65
2013-03-06,1574.6,1577.6,1582.6,1566.8,106
2013-03-07,1574.8,1580.0,1583.5,1573.9,52
2013-03-08,1576.6,1578.6,1581.2,1561.8,68
2013-03-11,1577.8,1576.0,1579.7,1576.0,1115
2013-03-12,1591.5,1579.8,1595.6,1579.8,159
2013-03-13,1588.3,1592.3,1596.0,1585.0,396
2013-03-14,1590.6,1585.7,1590.6,1575.7,137
2013-03-15,1592.5,1590.5,1594.4,1590.2,11
2013-03-18,1604.6,1605.9,1607.7,1601.6,613
2013-03-19,1611.3,1613.1,1613.1,1611.3,202
2013-03-20,1607.5,1610.0,1612.5,1606.2,5
2013-03-21,1613.8,1612.8,1613.8,1611.9,7
2013-03-22,1606.2,1611.0,1611.0,1604.1,101
2013-03-25,1604.6,1607.1,1607.8,1596.1,27
2013-03-26,1595.8,1595.8,1595.8,1595.8,165484
2013-03-27,1606.2,1598.5,1608.1,1590.3,50450
2013-03-28,1594.8,1604.7,1606.6,1593.6,4717
2013-04-01,1600.0,1596.8,1600.5,1594.8,688
2013-04-02,1575.1,1599.2,1602.6,1574.1,2289
2013-04-03,1552.8,1575.7,1576.4,1549.2,2171
2013-04-04,1551.8,1557.3,1557.3,1539.1,829
2013-04-05,1575.4,1553.2,1580.6,1550.1,1184
2013-04-08,1572.0,1575.8,1577.8,1567.8,101
2013-04-09,1586.2,1571.6,1589.3,1570.0,215
2013-04-10,1558.3,1584.4,1586.0,1557.0,359
2013-04-11,1564.3,1557.1,1566.7,1554.8,1070
2013-04-12,1501.0,1560.8,1560.8,1480.2,881
2013-04-15,1360.6,1478.2,1487.4,1338.0,1309
2013-04-16,1386.8,1358.0,1401.0,1323.0,619
2013-04-17,1382.2,1373.2,1394.2,1370.2,92
2013-04-18,1392.0,1347.5,1396.4,1347.5,57
2013-04-19,1395.3,1419.3,1420.3,1395.1,241
2013-04-22,1421.0,1406.8,1434.9,1406.8,70
2013-04-23,1408.6,1429.5,1429.5,1405.8,334
2013-04-24,1423.4,1423.2,1430.1,1420.4,138
2013-04-25,1461.8,1433.0,1461.8,1433.0,222
2013-04-26,1453.6,1467.4,1476.2,1451.4,976
2013-04-29,1467.4,1462.7,1475.5,1462.3,269
2013-04-30,1472.2,1471.1,1476.6,1461.0,534
2013-05-01,1446.3,1475.8,1477.1,1440.0,131
2013-05-02,1467.7,1459.0,1471.2,1453.5,244
2013-05-03,1464.3,1465.5,1487.1,1461.4,68
2013-05-06,1468.1,1468.1,1477.2,1466.8,33
2013-05-07,1449.0,1462.0,1466.2,1441.2,91
2013-05-08,1473.9,1455.5,1474.7,1450.7,81
2013-05-09,1468.8,1471.2,1473.4,1453.0,27
2013-05-10,1436.8,1455.6,1459.3,1423.0,569
2013-05-13,1434.5,1440.0,1440.6,1427.8,344
2013-05-14,1424.7,1430.1,1444.4,1422.0,72
2013-05-15,1396.5,1425.7,1425.7,1390.1,364
2013-05-16,1387.1,1390.4,1395.1,1370.6,38
2013-05-17,1364.9,1386.7,1391.1,1359.1,50
2013-05-20,1384.3,1342.9,1387.5,1342.9,21
2013-05-21,1377.8,1386.5,1392.3,1358.5,51
2013-05-22,1367.6,1387.2,1395.7,1364.5,14
2013-05-23,1392.0,1380.6,1394.8,1377.8,58
2013-05-24,1386.8,1386.8,1386.8,1386.8,2
2013-05-28,1379.1,1380.8,1390.4,1379.1,55
2013-05-29,1391.3,1391.3,1391.3,1391.3,168665
2013-05-30,1411.5,1392.1,1417.5,1388.3,45133
2013-05-31,1392.6,1412.4,1421.1,1384.2,5997
2013-06-03,1411.7,1389.1,1416.3,1388.3,1420
2013-06-04,1397.1,1410.9,1413.7,1389.0,930
2013-06-05,1398.4,1397.5,1410.0,1395.6,1687
2013-06-06,1415.7,1401.7,1422.7,1391.6,782
2013-06-07,1383.0,1411.5,1416.1,1377.9,1163
2013-06-10,1386.2,1378.8,1386.9,1375.6,367
2013-06-11,1377.0,1384.2,1384.4,1366.0,482
2013-06-12,1391.8,1375.0,1393.5,1373.7,514
2013-06-13,1377.6,1386.8,1390.9,1373.4,458
2013-06-14,1387.3,1383.9,1389.6,1377.8,90
2013-06-17,1382.8,1390.3,1390.5,1380.0,114
2013-06-18,1366.6,1383.1,1383.5,1363.0,346
2013-06-19,1373.6,1368.1,1373.6,1348.1,198
2013-06-20,1285.9,1348.1,1348.1,1275.4,712
2013-06-21,1291.6,1280.4,1300.0,1268.9,456
2013-06-24,1276.8,1297.3,1297.3,1275.7,321
2013-06-25,1274.8,1281.3,1286.0,1273.2,953
2013-06-26,1229.6,1273.9,1273.9,1228.8,981
2013-06-27,1211.4,1224.7,1241.4,1198.3,533
2013-06-28,1223.8,1200.9,1232.3,1183.2,232
2013-07-01,1255.9,1234.7,1261.0,1234.2,150
2013-07-02,1243.6,1254.1,1266.3,1241.2,107
2013-07-03,1252.1,1243.8,1258.2,1240.3,19
2013-07-05,1212.9,1252.7,1254.1,1208.9,72
2013-07-08,1234.9,1218.8,1235.2,1215.4,58
2013-07-09,1245.9,1234.7,1254.5,1234.4,33
2013-07-10,1247.4,1244.6,1263.9,1244.6,58
2013-07-11,1280.1,1284.6,1285.0,1278.9,18
2013-07-12,1277.8,1282.3,1282.3,1274.3,6
2013-07-15,1283.8,1292.1,1292.4,1281.6,19
2013-07-16,1290.8,1279.4,1291.4,1279.4,13
2013-07-17,1277.9,1286.2,1294.4,1272.9,11
2013-07-18,1284.6,1275.3,1286.4,1275.2,26
2013-07-19,1293.3,1291.7,1293.3,1290.0,9
2013-07-22,1336.4,1317.0,1336.4,1317.0,18
2013-07-23,1335.1,1334.8,1342.3,1327.9,10
2013-07-24,1319.7,1342.2,1343.5,1318.6,42
2013-07-25,1329.0,1318.5,1336.8,1318.5,55
2013-07-26,1321.7,1326.5,1326.5,1321.7,66
2013-07-29,1328.4,1328.4,1328.4,1328.4,134359
2013-07-30,1324.0,1327.2,1329.6,1316.2,44769
2013-07-31,1312.4,1325.5,1338.4,1304.9,6252
2013-08-01,1311.0,1323.0,1328.5,1306.9,1562
2013-08-02,1310.6,1306.7,1317.0,1283.0,1451
2013-08-05,1302.6,1311.2,1318.3,1297.5,904
2013-08-06,1283.2,1303.0,1305.9,1279.3,1314
2013-08-07,1286.1,1282.5,1288.4,1274.0,989
2013-08-08,1310.7,1283.9,1312.8,1283.7,482
2013-08-09,1312.9,1315.1,1315.8,1306.7,449
2013-08-12,1334.7,1317.2,1342.4,1317.2,312
2013-08-13,1321.2,1331.9,1339.1,1320.2,209
2013-08-14,1334.0,1317.7,1336.3,1317.7,333
2013-08-15,1361.6,1340.1,1369.6,1319.9,235
2013-08-16,1371.7,1366.8,1378.9,1361.0,175
2013-08-19,1366.2,1379.0,1384.4,1363.9,139
2013-08-20,1373.1,1355.0,1377.0,1355.0,123
2013-08-21,1370.6,1372.5,1377.3,1360.9,109
2013-08-22,1371.2,1362.0,1380.4,1362.0,79
2013-08-23,1395.7,1376.8,1398.2,1373.9,178
2013-08-26,1393.0,1398.6,1402.8,1391.3,203
2013-08-27,1420.6,1403.8,1421.1,1398.7,397
2013-08-28,1419.0,1417.3,1428.0,1417.3,489
2013-08-29,1412.9,1417.4,1417.4,1404.5,375
2013-09-03,1412.0,1393.0,1414.4,1382.3,139
2013-09-04,1389.9,1413.0,1413.0,1387.1,104
2013-09-05,1373.1,1393.5,1397.5,1367.1,37
2013-09-06,1386.7,1371.0,1390.1,1368.9,52
2013-09-09,1386.8,1389.8,1389.8,1386.5,44
2013-09-10,1364.1,1377.5,1377.5,1357.6,21
2013-09-11,1363.9,1365.8,1365.8,1356.7,60
2013-09-12,1330.4,1360.0,1360.0,1322.4,120
2013-09-13,1308.4,1322.9,1323.0,1305.3,38
2013-09-16,1317.9,1328.4,1329.6,1310.8,107
2013-09-17,1309.5,1313.0,1313.1,1309.5,24
2013-09-18,1307.8,1292.1,1347.7,1292.1,29
2013-09-19,1369.4,1362.9,1373.0,1362.9,35
2013-09-20,1332.5,1347.5,1347.5,1330.7,2
2013-09-23,1326.9,1327.1,1327.8,1317.6,78
2013-09-24,1316.0,1321.2,1324.9,1309.4,61
2013-09-25,1335.9,1322.7,1335.9,1322.7,51
2013-09-26,1323.6,1335.2,1338.3,1323.6,13170
2013-09-27,1338.4,1321.5,1343.8,1319.7,2990
2013-09-30,1326.5,1345.8,1350.9,1322.0,597
2013-10-01,1286.0,1328.0,1334.0,1284.5,815
2013-10-02,1320.6,1288.5,1321.0,1280.0,152
2013-10-03,1317.4,1312.0,1319.5,1302.5,217
2013-10-04,1309.7,1316.2,1318.1,1305.7,38
2013-10-07,1324.8,1313.8,1325.4,1311.8,84
2013-10-08,1324.2,1326.5,1330.0,1321.2,57
2013-10-09,1306.9,1317.6,1319.0,1295.3,140
2013-10-10,1296.6,1303.4,1310.8,1285.0,89
2013-10-11,1268.0,1286.9,1291.6,1263.8,210
2013-10-14,1276.4,1275.8,1285.8,1273.9,61
2013-10-15,1273.0,1270.5,1283.6,1254.1,208
2013-10-16,1282.0,1282.8,1284.0,1269.2,86
2013-10-17,1322.7,1307.0,1322.7,1307.0,72
2013-10-18,1314.4,1318.8,1326.0,1312.6,65
2013-10-21,1315.7,1316.8,1317.7,1315.7,23
2013-10-22,1342.5,1313.9,1342.6,1313.9,55
2013-10-23,1333.9,1331.9,1333.9,1331.9,13
2013-10-24,1350.2,1334.5,1350.2,1334.5,18
2013-10-25,1352.4,1346.2,1353.0,1346.2,23
2013-10-28,1352.0,1351.4,1359.2,1349.0,23
2013-10-29,1345.2,1359.6,1359.7,1345.2,168
2013-10-30,1349.0,1340.8,1355.8,1335.6,44
2013-10-31,1323.6,1334.0,1334.0,1321.7,62
2013-11-01,1313.1,1325.7,1325.7,1308.0,21
2013-11-04,1314.6,1314.6,1320.5,1312.1,39
2013-11-05,1308.0,1313.3,1317.5,1306.9,98
2013-11-06,1317.7,1313.5,1318.6,1312.5,11
2013-11-07,1308.4,1323.6,1323.6,1298.0,129
2013-11-08,1284.5,1308.0,1308.1,1281.3,22
2013-11-11,1281.0,1281.6,1281.8,1281.0,5
2013-11-12,1271.1,1282.3,1282.3,1271.1,3
2013-11-13,1268.3,1274.0,1280.5,1268.3,17
2013-11-14,1286.2,1280.2,1293.3,1278.1,29
2013-11-15,1287.3,1287.7,1288.5,1281.5,16
2013-11-18,1272.2,1284.7,1284.8,1272.2,10
2013-11-19,1273.4,1274.2,1275.2,1271.0,10
2013-11-20,1257.9,1269.0,1269.0,1241.9,120
2013-11-21,1243.5,1245.7,1247.1,1236.5,90
2013-11-22,1244.0,1243.2,1247.0,1241.4,77
2013-11-25,1241.1,1231.1,1241.1,1229.0,19
2013-11-26,1241.4,1243.0,1243.0,1241.4,178417
2013-11-27,1237.8,1241.6,1254.8,1235.5,82331
2013-11-29,1250.6,1237.8,1254.5,1233.7,9203
2013-12-02,1222.3,1251.4,1251.5,1217.8,4979
2013-12-03,1221.7,1219.2,1225.7,1215.6,1932
2013-12-04,1248.2,1225.1,1250.4,1212.9,1823
2013-12-05,1233.2,1240.0,1241.5,1218.6,446
2013-12-06,1230.3,1228.7,1242.0,1213.0,1032
2013-12-09,1235.3,1230.2,1243.2,1229.0,352
2013-12-10,1262.4,1239.0,1267.0,1239.0,882
2013-12-11,1258.5,1261.9,1261.9,1252.1,147
2013-12-12,1226.0,1253.5,1255.4,1225.9,609
2013-12-13,1235.7,1226.7,1239.0,1222.2,446
2013-12-16,1245.5,1238.4,1250.6,1228.9,242
2013-12-17,1231.2,1237.0,1240.4,1231.2,22
2013-12-18,1236.1,1231.5,1245.1,1217.0,114
2013-12-19,1195.0,1226.6,1226.6,1188.7,124
2013-12-20,1205.1,1190.9,1207.8,1190.9,204
2013-12-23,1198.4,1205.2,1205.2,1195.9,123
2013-12-24,1205.1,1199.8,1205.6,1197.7,184
2013-12-26,1214.1,1207.1,1215.9,1207.1,140
2013-12-27,1216.1,1213.4,1218.5,1212.9,278
2013-12-30,1203.1,1215.0,1215.0,1194.4,351
2013-12-31,1201.9,1196.4,1212.4,1182.0,124
2014-01-02,1225.0,1204.3,1227.3,1204.3,209
2014-01-03,1238.4,1221.7,1239.0,1221.7,142
2014-01-06,1237.8,1232.8,1247.0,1221.9,127
2014-01-07,1229.4,1239.3,1242.4,1226.3,73
2014-01-08,1225.3,1227.5,1227.5,1218.6,189
2014-01-09,1229.3,1225.8,1229.3,1225.8,7
2014-01-10,1246.7,1235.0,1246.8,1234.0,58
2014-01-13,1250.9,1250.6,1252.7,1245.5,46
2014-01-14,1245.2,1251.0,1251.3,1242.0,37
2014-01-15,1238.1,1243.1,1243.2,1238.1,68
2014-01-16,1240.0,1239.3,1242.8,1239.0,48
2014-01-17,1251.7,1239.7,1254.3,1239.7,101
2014-01-21,1242.3,1256.4,1257.5,1240.0,224
2014-01-22,1239.0,1241.7,1242.0,1239.0,58
2014-01-23,1262.6,1235.2,1264.2,1235.2,40
2014-01-24,1264.5,1258.3,1269.4,1258.3,38
2014-01-27,1263.6,1259.8,1264.4,1254.4,92
2014-01-28,1251.0,1257.9,1258.4,1251.0,20
2014-01-29,1262.2,1262.2,1262.2,1262.2,137028
2014-01-30,1242.2,1267.0,1267.7,1237.5,45276
2014-01-31,1240.1,1243.6,1254.5,1238.4,5820
2014-02-03,1260.4,1242.4,1266.3,1241.2,2914
2014-02-04,1251.7,1258.4,1260.7,1247.8,1745
2014-02-05,1257.3,1254.0,1273.7,1253.1,1616
2014-02-06,1257.6,1258.0,1267.0,1253.5,274
2014-02-07,1263.3,1258.3,1271.4,1257.9,436
2014-02-10,1274.8,1269.6,1277.3,1265.7,742
2014-02-11,1290.1,1274.0,1292.0,1273.8,562
2014-02-12,1295.3,1290.5,1296.2,1285.5,140
2014-02-13,1300.4,1293.3,1303.5,1287.5,877
2014-02-14,1319.0,1301.7,1320.7,1301.7,308
2014-02-18,1324.7,1322.9,1330.6,1313.9,373
2014-02-19,1320.6,1318.3,1321.6,1309.1,193
2014-02-20,1317.1,1310.7,1323.5,1309.6,116
2014-02-21,1323.9,1320.0,1328.3,1317.4,171
2014-02-24,1338.3,1324.3,1339.0,1321.4,93
2014-02-25,1343.0,1336.4,1343.9,1333.1,290
2014-02-26,1328.2,1341.2,1342.0,1325.6,485
2014-02-27,1331.6,1329.3,1335.0,1324.6,369
2014-02-28,1321.4,1329.8,1332.6,1321.1,239
2014-03-03,1350.1,1335.9,1354.1,1332.9,232
2014-03-04,1337.8,1350.4,1350.4,1332.2,80
2014-03-05,1340.2,1334.8,1341.0,1334.8,32
2014-03-06,1351.7,1338.0,1351.7,1333.3,59
2014-03-07,1338.1,1349.5,1352.7,1329.2,97
2014-03-10,1341.4,1336.0,1344.7,1330.5,97
2014-03-11,1346.5,1340.0,1352.4,1338.1,53
2014-03-12,1370.3,1349.1,1370.5,1348.7,58
2014-03-13,1372.2,1366.8,1374.5,1366.5,23
2014-03-14,1379.0,1376.1,1386.6,1371.1,91
2014-03-17,1372.9,1386.1,1391.4,1372.2,29
2014-03-18,1359.0,1359.3,1361.8,1353.4,35
2014-03-19,1341.4,1357.1,1358.0,1332.7,57
2014-03-20,1330.5,1333.7,1333.7,1325.8,72
2014-03-21,1336.0,1339.1,1339.1,1335.8,3
2014-03-24,1311.2,1333.0,1333.0,1310.5,103
2014-03-25,1311.4,1315.5,1315.5,1307.5,46
2014-03-26,1303.4,1315.2,1315.2,1303.4,4
2014-03-27,1294.7,1294.7,1294.7,1294.7,185016
2014-03-28,1293.8,1292.2,1299.4,1285.9,65486
2014-03-31,1283.4,1294.3,1298.8,1282.4,4121
2014-04-01,1279.6,1285.1,1287.9,1277.3,884
2014-04-02,1290.5,1280.2,1294.1,1280.2,1099
2014-04-03,1284.4,1290.8,1293.5,1282.7,775
2014-04-04,1303.2,1285.5,1306.1,1284.4,976
2014-04-07,1298.0,1301.4,1304.0,1296.3,361
2014-04-08,1308.7,1296.6,1314.1,1296.6,264
2014-04-09,1305.5,1309.5,1313.6,1301.1,191
2014-04-10,1320.1,1311.8,1323.8,1311.2,127
2014-04-11,1318.7,1319.0,1322.8,1316.3,76
2014-04-14,1327.2,1320.1,1330.0,1320.1,328
2014-04-15,1300.0,1322.7,1322.7,1291.5,238
2014-04-16,1303.1,1302.7,1303.5,1295.0,177
2014-04-17,1293.4,1300.1,1303.0,1292.5,124
2014-04-21,1288.0,1290.0,1299.2,1283.8,100
2014-04-22,1280.6,1289.2,1291.6,1276.0,100
2014-04-23,1284.2,1284.3,1287.7,1282.4,176
2014-04-24,1290.5,1284.6,1297.9,1272.4,522
2014-04-25,1300.7,1293.8,1304.6,1293.8,274
2014-04-28,1298.9,1305.4,1305.4,1293.0,388
2014-04-29,1296.0,1295.5,1300.5,1289.1,904
2014-04-30,1295.6,1296.0,1296.5,1286.6,181
2014-05-01,1283.1,1288.7,1288.7,1278.0,25
2014-05-02,1302.6,1276.7,1302.7,1276.7,90
2014-05-05,1309.0,1305.6,1314.2,1305.5,31
2014-05-06,1308.3,1309.4,1309.4,1306.9,14
2014-05-07,1288.6,1310.3,1312.0,1288.0,21
2014-05-08,1287.4,1291.5,1291.5,1285.5,65
2014-05-09,1287.3,1287.3,1287.3,1287.3,3
2014-05-12,1295.6,1282.1,1295.9,1281.2,19
2014-05-13,1294.6,1295.5,1295.5,1292.0,20
2014-05-14,1305.7,1292.8,1306.9,1292.8,25
2014-05-15,1293.5,1302.5,1302.5,1292.8,27
2014-05-16,1293.3,1293.3,1293.3,1293.3,8
2014-05-19,1293.7,1293.7,1293.7,1293.7,44
2014-05-20,1294.5,1290.7,1294.5,1290.1,8
2014-05-21,1288.0,1287.4,1288.0,1287.4,2
2014-05-22,1294.9,1294.2,1295.0,1294.2,4
2014-05-23,1291.6,1293.2,1293.4,1291.6,3
2014-05-27,1265.4,1291.9,1291.9,1265.4,25
2014-05-28,1259.3,1259.3,1259.3,1259.3,168825
2014-05-29,1256.3,1258.3,1260.6,1250.9,38045
2014-05-30,1245.6,1255.1,1259.6,1241.8,3839
2014-06-02,1243.7,1250.0,1250.7,1240.9,774
2014-06-03,1244.3,1244.1,1247.5,1240.5,654
2014-06-04,1244.0,1245.1,1248.8,1242.7,604
2014-06-05,1253.0,1244.0,1256.6,1241.2,1317
2014-06-06,1252.1,1253.4,1256.6,1246.3,381
2014-06-09,1253.5,1252.7,1256.1,1252.6,97
2014-06-10,1259.8,1252.4,1262.3,1251.0,1007
2014-06-11,1260.8,1259.9,1264.4,1259.1,128
2014-06-12,1273.6,1260.0,1274.5,1260.0,129
2014-06-13,1273.7,1272.5,1274.7,1271.3,145
2014-06-16,1274.9,1279.8,1282.1,1270.8,334
2014-06-17,1271.7,1272.8,1272.8,1260.9,819
2014-06-18,1272.4,1269.9,1272.7,1267.4,143
2014-06-19,1313.7,1277.2,1321.0,1277.2,601
2014-06-20,1316.2,1321.4,1321.4,1306.8,254
2014-06-23,1318.0,1312.3,1318.0,1312.3,142
2014-06-24,1320.9,1315.6,1325.6,1315.6,223
2014-06-25,1322.2,1315.3,1323.4,1312.0,294
2014-06-26,1316.1,1319.6,1319.6,1312.4,1204
2014-06-27,1319.0,1317.4,1320.9,1313.3,625
2014-06-30,1321.8,1315.3,1328.7,1311.8,744
2014-07-01,1326.4,1326.7,1331.4,1326.2,51
2014-07-02,1330.7,1326.8,1330.7,1326.8,226
2014-07-03,1320.4,1327.3,1327.7,1313.0,40
2014-07-07,1316.5,1318.7,1320.3,1313.2,93
2014-07-08,1316.0,1318.4,1323.5,1316.0,6
2014-07-09,1323.8,1324.0,1330.4,1323.8,16
2014-07-10,1338.7,1330.5,1343.7,1328.0,28
2014-07-11,1337.0,1337.9,1339.0,1336.2,112
2014-07-14,1306.3,1332.8,1332.8,1304.7,103
2014-07-15,1296.9,1307.4,1311.9,1294.1,368
2014-07-16,1299.6,1298.4,1303.1,1296.9,34
2014-07-17,1316.7,1303.1,1323.8,1303.1,16
2014-07-18,1309.2,1322.7,1322.7,1306.2,27
2014-07-21,1313.7,1311.0,1315.5,1311.0,18
2014-07-22,1306.1,1306.1,1306.1,1306.1,2
2014-07-24,1290.6,1297.5,1297.5,1290.6,1
2014-07-25,1303.1,1294.8,1303.1,1294.8,8
2014-07-28,1303.3,1307.4,1308.0,1303.3,52
2014-07-29,1298.3,1310.9,1310.9,1298.3,181554
2014-07-30,1294.9,1298.6,1303.0,1291.0,36189
2014-07-31,1281.3,1295.1,1297.3,1280.6,5663
2014-08-01,1293.6,1284.1,1296.6,1279.7,1985
2014-08-04,1287.7,1294.4,1295.0,1285.9,917
2014-08-05,1284.0,1288.0,1292.7,1282.6,825
2014-08-06,1306.7,1288.1,1309.0,1287.8,706
2014-08-07,1310.8,1305.3,1313.1,1302.5,225
2014-08-08,1308.9,1310.8,1321.4,1308.0,586
2014-08-11,1308.5,1308.4,1309.7,1305.3,194
2014-08-12,1308.8,1306.2,1315.8,1305.8,438
2014-08-13,1312.8,1308.8,1312.8,1305.0,238
2014-08-14,1313.9,1311.8,1316.4,1309.7,320
2014-08-15,1304.5,1311.7,1312.8,1292.0,199
2014-08-18,1297.7,1301.4,1302.1,1295.7,100
2014-08-19,1295.1,1298.8,1301.6,1294.0,144
2014-08-20,1293.4,1295.4,1295.8,1288.4,332
2014-08-21,1273.7,1290.0,1290.0,1272.0,264
2014-08-22,1278.6,1276.0,1280.0,1275.0,119
2014-08-25,1277.3,1277.3,1277.6,1273.7,251
2014-08-26,1283.8,1289.4,1289.5,1281.1,74
2014-08-27,1281.9,1281.5,1282.3,1281.5,783
2014-08-28,1288.7,1284.5,1293.7,1284.3,817
2014-08-29,1285.8,1289.5,1289.7,1284.8,116
2014-09-02,1263.7,1284.5,1286.4,1262.5,280
2014-09-03,1268.9,1266.3,1271.1,1263.1,279
2014-09-04,1265.1,1268.7,1272.7,1260.4,290
2014-09-05,1265.8,1263.2,1268.1,1263.2,123
2014-09-08,1252.7,1268.4,1268.4,1252.7,2
2014-09-10,1243.5,1256.7,1256.7,1243.5,95
2014-09-12,1229.9,1227.0,1229.9,1227.0,47
2014-09-15,1233.6,1226.7,1235.0,1226.7,21
2014-09-16,1235.2,1238.3,1238.3,1235.2,3
2014-09-17,1234.4,1236.2,1236.2,1221.9,10
2014-09-18,1225.7,1216.2,1225.7,1216.2,5
2014-09-19,1215.3,1218.3,1218.3,1215.3,4
2014-09-22,1216.8,1214.9,1216.8,1212.4,7
2014-09-23,1221.0,1221.0,1221.0,1221.0,5
2014-09-24,1218.6,1218.6,1218.6,1216.8,2
2014-09-25,1221.2,1209.5,1221.2,1209.5,11
2014-09-26,1214.1,1214.1,1214.1,1214.1,19497
2014-09-29,1217.5,1216.3,1222.2,1214.8,6344
2014-09-30,1210.5,1214.8,1218.2,1204.0,680
2014-10-01,1214.6,1207.7,1217.8,1205.5,178
2014-10-02,1214.2,1215.3,1219.5,1210.3,176
2014-10-03,1192.2,1212.4,1212.4,1191.0,499
2014-10-06,1206.7,1187.7,1208.0,1182.8,415
2014-10-07,1211.7,1209.1,1211.7,1205.3,272
2014-10-08,1205.3,1210.2,1217.9,1205.3,9
2014-10-09,1224.6,1223.9,1229.0,1223.9,19
2014-10-10,1221.0,1223.5,1223.5,1217.0,186
2014-10-13,1229.3,1229.8,1234.0,1227.0,103
2014-10-14,1233.6,1235.9,1235.9,1233.6,73
2014-10-15,1244.1,1243.7,1247.0,1243.7,250
2014-10-16,1240.5,1242.1,1243.0,1236.7,6
2014-10-17,1238.3,1237.4,1238.3,1232.6,356
2014-10-20,1244.0,1237.3,1244.0,1235.4,105
2014-10-21,1251.0,1251.0,1251.0,1251.0,48
2014-10-22,1244.8,1244.8,1244.8,1244.8,2
2014-10-23,1228.5,1228.0,1228.5,1227.9,2
2014-10-24,1231.2,1229.4,1232.7,1229.4,71
2014-10-27,1229.1,1230.2,1230.2,1227.3,282
2014-10-28,1229.2,1224.9,1231.0,1224.7,46
2014-10-29,1224.3,1224.3,1224.3,1224.3,631
2014-10-30,1198.1,1213.7,1214.7,1195.8,521
2014-10-31,1171.1,1199.6,1199.7,1161.4,260
2014-11-03,1169.4,1166.4,1172.3,1163.1,60
2014-11-04,1167.4,1166.9,1171.0,1165.0,40
2014-11-05,1145.4,1168.1,1168.7,1137.8,157
2014-11-06,1142.3,1141.1,1147.5,1137.9,137
2014-11-07,1169.6,1139.9,1169.7,1133.0,97
2014-11-10,1159.6,1171.0,1171.0,1150.7,40
2014-11-11,1162.8,1155.0,1170.5,1151.6,22
2014-11-12,1158.9,1162.5,1168.1,1157.5,17
2014-11-13,1161.1,1163.7,1164.5,1155.0,1047
2014-11-14,1185.0,1155.2,1191.0,1148.0,486
2014-11-17,1183.0,1183.1,1186.9,1180.6,17
2014-11-18,1196.7,1197.1,1197.1,1193.9,2
2014-11-19,1193.6,1196.5,1198.3,1190.6,23
2014-11-20,1190.7,1191.8,1191.9,1190.7,3
2014-11-21,1197.5,1191.0,1202.4,1189.0,20
2014-11-24,1195.5,1197.7,1197.9,1195.5,17
2014-11-25,1197.1,1197.1,1197.1,1197.1,210753
2014-11-26,1196.6,1200.5,1201.0,1193.7,75297
2014-11-28,1175.2,1197.0,1198.2,1163.8,11175
2014-12-01,1218.0,1160.0,1220.4,1141.7,5524
2014-12-02,1199.2,1212.3,1212.3,1191.3,1236
2014-12-03,1208.5,1198.1,1213.7,1196.1,440
2014-12-04,1207.5,1208.2,1213.0,1201.6,358
2014-12-05,1190.1,1203.1,1206.0,1186.7,560
2014-12-08,1194.7,1190.6,1207.0,1187.2,183
2014-12-09,1231.5,1202.0,1238.0,1202.0,314
2014-12-10,1228.9,1231.2,1234.6,1226.6,306
2014-12-11,1225.1,1226.6,1231.2,1216.2,264
2014-12-12,1222.0,1227.8,1227.8,1216.2,203
2014-12-15,1207.2,1223.1,1223.1,1198.4,77
2014-12-16,1193.9,1197.2,1222.0,1192.7,223
2014-12-17,1194.3,1198.2,1199.6,1184.0,94
2014-12-18,1194.7,1189.7,1207.3,1189.7,197
2014-12-19,1195.9,1198.0,1200.8,1195.9,96
2014-12-22,1179.7,1198.0,1198.0,1172.7,223
2014-12-23,1177.9,1179.3,1180.3,1175.0,232
2014-12-24,1173.5,1177.0,1179.3,1173.5,23
2014-12-26,1195.3,1177.2,1195.3,1177.2,124
2014-12-29,1181.7,1186.5,1186.5,1181.3,180
2014-12-30,1200.2,1181.4,1210.3,1181.4,191
2014-12-31,1183.9,1199.2,1199.2,1182.7,92
2015-01-02,1186.0,1184.0,1194.5,1169.5,138
2015-01-05,1203.9,1180.3,1206.9,1180.1,470
2015-01-06,1219.3,1203.5,1220.0,1203.5,97
2015-01-07,1210.6,1219.2,1219.2,1210.6,29
2015-01-08,1208.4,1207.0,1215.7,1206.3,92
2015-01-09,1216.0,1211.1,1220.2,1210.3,43
2015-01-12,1232.7,1224.2,1234.4,1219.1,100
2015-01-13,1234.3,1239.2,1239.3,1230.3,20
2015-01-14,1234.4,1229.6,1243.8,1225.6,21
2015-01-15,1264.7,1231.5,1265.0,1227.3,130
2015-01-16,1276.9,1256.1,1279.7,1256.1,44
2015-01-20,1294.2,1278.9,1297.3,1273.8,157
2015-01-21,1293.7,1295.2,1303.5,1286.7,78
2015-01-22,1300.7,1293.2,1302.1,1283.5,131
2015-01-23,1292.6,1299.8,1299.8,1292.6,23
2015-01-26,1279.4,1289.5,1290.6,1279.4,26
2015-01-27,1291.7,1277.2,1291.7,1277.2,20
2015-01-28,1285.9,1285.9,1286.8,1285.9,180387
2015-01-29,1254.6,1283.3,1285.4,1251.0,67983
2015-01-30,1278.5,1258.0,1284.3,1257.0,8626
2015-02-02,1276.2,1284.1,1284.1,1266.0,1654
2015-02-03,1259.7,1273.5,1284.7,1255.3,2380
2015-02-04,1263.8,1262.0,1271.6,1256.8,668
2015-02-05,1262.0,1271.8,1272.6,1257.8,133
2015-02-06,1233.9,1265.0,1267.6,1228.0,432
2015-02-09,1240.8,1237.5,1242.3,1235.4,319
2015-02-10,1231.6,1237.5,1245.0,1231.2,231
2015-02-11,1219.0,1233.3,1237.4,1219.0,102
2015-02-12,1220.1,1217.9,1229.8,1217.9,99
2015-02-13,1226.5,1222.2,1232.8,1222.2,65
2015-02-17,1208.1,1227.7,1234.0,1203.0,204
2015-02-18,1199.7,1207.1,1210.2,1197.8,147
2015-02-19,1207.1,1216.5,1220.0,1205.0,65
2015-02-20,1204.4,1206.5,1213.1,1199.1,51
2015-02-23,1200.3,1201.3,1203.3,1191.6,268
2015-02-24,1196.9,1203.4,1203.5,1193.8,151
2015-02-25,1201.0,1204.3,1204.6,1201.0,570
2015-02-26,1209.6,1204.8,1219.0,1204.8,560
2015-02-27,1212.6,1207.7,1217.8,1204.5,195
2015-03-02,1207.7,1214.3,1222.7,1204.9,124
2015-03-03,1204.0,1201.5,1212.0,1195.0,51
2015-03-04,1200.6,1204.8,1206.9,1198.0,27
2015-03-05,1195.9,1201.7,1205.4,1195.9,29
2015-03-06,1164.1,1195.0,1195.7,1163.7,168
2015-03-09,1166.4,1169.4,1174.2,1166.3,45
2015-03-10,1160.1,1166.4,1168.4,1156.5,94
2015-03-11,1150.7,1162.0,1162.0,1147.7,74
2015-03-12,1152.1,1155.4,1160.5,1149.7,63
2015-03-13,1152.6,1158.2,1159.2,1152.6,44
2015-03-16,1153.3,1159.7,1162.3,1150.1,56
2015-03-17,1148.3,1153.6,1158.2,1144.3,71
2015-03-18,1151.4,1148.7,1174.3,1147.0,112
2015-03-19,1169.1,1171.6,1171.6,1159.3,39
2015-03-20,1184.8,1171.0,1185.4,1171.0,54
2015-03-23,1188.0,1181.6,1188.0,1181.2,5
2015-03-24,1191.7,1188.0,1193.0,1186.0,411
2015-03-25,1197.3,1192.5,1199.2,1192.5,11
2015-03-26,1205.1,1198.2,1213.7,1198.2,68
2015-03-27,1199.8,1197.0,1199.8,1196.3,172260
2015-03-30,1184.8,1198.0,1198.5,1181.6,37990
2015-03-31,1183.1,1185.8,1190.1,1178.2,3409
2015-04-01,1208.1,1182.9,1208.2,1181.0,1632
2015-04-02,1200.9,1204.0,1205.7,1194.8,1684
2015-04-06,1218.6,1209.9,1224.2,1209.9,343
2015-04-07,1210.6,1214.8,1214.8,1208.2,406
2015-04-08,1203.1,1208.9,1211.4,1197.6,236
2015-04-09,1193.6,1201.7,1202.5,1193.0,521
2015-04-10,1204.6,1195.8,1209.6,1195.8,202
2015-04-13,1199.3,1208.1,1208.1,1198.3,424
2015-04-14,1192.8,1198.8,1200.6,1184.1,546
2015-04-15,1201.5,1194.6,1203.1,1188.6,196
2015-04-16,1198.0,1204.3,1208.5,1194.6,199
2015-04-17,1202.9,1200.2,1206.0,1200.2,21
2015-04-20,1193.5,1205.7,1206.9,1191.0,67
2015-04-21,1202.9,1193.2,1202.9,1192.8,33
2015-04-22,1186.9,1199.1,1202.6,1185.2,93
2015-04-23,1194.4,1187.2,1197.0,1186.1,331
2015-04-24,1175.2,1192.3,1194.7,1174.6,52
2015-04-27,1203.3,1182.3,1206.7,1181.4,194
2015-04-28,1214.0,1199.7,1214.0,1199.7,401
2015-04-29,1209.8,1211.2,1212.6,1201.9,114
2015-04-30,1182.4,1203.1,1205.9,1176.7,143
2015-05-01,1174.5,1178.1,1178.1,1170.0,23
2015-05-04,1186.8,1177.5,1189.4,1177.5,38
2015-05-05,1193.2,1187.5,1198.7,1186.9,48
2015-05-06,1190.3,1194.5,1194.6,1189.9,14
2015-05-07,1182.4,1181.5,1186.0,1179.7,44
2015-05-08,1189.1,1183.3,1189.1,1182.9,51
2015-05-11,1183.2,1189.7,1190.5,1179.3,26
2015-05-12,1192.6,1194.6,1194.8,1189.7,10
2015-05-13,1218.4,1192.7,1218.4,1191.0,34
2015-05-14,1225.4,1214.5,1225.6,1214.5,35
2015-05-15,1225.5,1218.5,1225.5,1214.8,12
2015-05-18,1227.8,1224.5,1228.1,1222.6,8
2015-05-19,1206.9,1223.9,1223.9,1206.0,9
2015-05-20,1208.9,1205.1,1210.8,1205.1,11
2015-05-21,1204.4,1204.5,1204.5,1203.7,43
2015-05-22,1204.3,1211.6,1211.9,1204.3,8
2015-05-26,1187.2,1193.6,1193.6,1186.0,40
2015-05-27,1185.9,1185.9,1185.9,1185.9,200216
2015-05-28,1188.1,1187.1,1192.0,1179.6,52705
2015-05-29,1189.4,1187.8,1193.3,1185.7,4748
2015-06-01,1188.3,1190.6,1204.0,1184.3,1236
2015-06-02,1194.1,1189.0,1194.3,1186.0,1003
2015-06-03,1184.7,1193.9,1193.9,1179.1,630
2015-06-04,1174.9,1184.9,1185.3,1173.0,447
2015-06-05,1167.8,1176.4,1177.3,1164.0,390
2015-06-08,1173.2,1169.5,1176.1,1169.1,173
2015-06-09,1177.3,1172.9,1180.3,1172.7,144
2015-06-10,1186.1,1176.1,1190.1,1175.6,295
2015-06-11,1179.9,1183.2,1183.2,1174.4,69
2015-06-12,1178.8,1180.4,1181.2,1176.2,141
2015-06-15,1185.3,1179.9,1188.5,1172.7,102
2015-06-16,1180.5,1186.5,1186.5,1175.9,29
2015-06-17,1176.4,1177.6,1186.3,1174.9,168
2015-06-18,1201.5,1183.4,1202.0,1183.4,130
2015-06-19,1201.5,1199.7,1203.1,1199.7,142
2015-06-22,1183.7,1197.8,1197.8,1182.7,30
2015-06-23,1176.2,1183.8,1186.0,1176.2,60
2015-06-24,1172.6,1176.6,1176.6,1170.7,263
2015-06-25,1171.5,1175.8,1175.9,1171.5,95
2015-06-26,1172.9,1170.5,1172.9,1170.5,308
2015-06-29,1178.5,1185.1,1186.0,1173.8,174
2015-06-30,1171.5,1176.3,1176.4,1166.6,223
2015-07-01,1169.0,1173.1,1173.1,1166.6,455
2015-07-02,1163.0,1166.4,1168.1,1155.5,316
2015-07-06,1172.9,1171.1,1173.0,1162.2,634
2015-07-07,1152.4,1166.8,1166.8,1149.5,469
2015-07-08,1163.3,1152.6,1163.3,1146.4,65
2015-07-09,1159.0,1154.8,1163.6,1154.8,65
2015-07-10,1157.7,1160.1,1161.4,1157.5,27
2015-07-13,1155.2,1159.0,1159.0,1151.2,14
2015-07-14,1153.3,1157.2,1157.2,1153.0,39
2015-07-15,1147.2,1154.0,1154.0,1144.8,15
2015-07-16,1143.8,1146.2,1146.2,1142.9,14
2015-07-17,1131.8,1144.0,1144.0,1130.2,120
2015-07-20,1106.7,1130.4,1130.7,1095.1,189
2015-07-21,1103.4,1097.1,1106.4,1097.1,118
2015-07-22,1091.4,1093.0,1095.0,1086.0,46
2015-07-23,1094.0,1097.4,1097.6,1087.8,64
2015-07-24,1085.6,1078.6,1100.7,1078.6,52
2015-07-27,1096.5,1100.0,1102.5,1093.9,19
2015-07-28,1096.3,1097.2,1097.7,1096.3,31
2015-07-29,1092.7,1096.4,1096.9,1092.7,159142
2015-07-30,1088.4,1096.1,1097.5,1081.0,49298
2015-07-31,1094.9,1087.7,1102.8,1079.1,5700
2015-08-03,1089.4,1095.5,1097.1,1085.0,2418
2015-08-04,1090.7,1085.1,1093.9,1080.5,1139
2015-08-05,1085.7,1086.5,1090.6,1082.5,1207
2015-08-06,1090.2,1084.4,1092.2,1083.6,269
2015-08-07,1094.1,1088.9,1098.3,1081.7,614
2015-08-10,1104.2,1093.2,1107.6,1089.5,900
2015-08-11,1107.6,1103.8,1116.7,1094.0,997
2015-08-12,1123.2,1106.0,1124.5,1101.5,797
2015-08-13,1115.7,1124.3,1124.3,1113.0,441
2015-08-14,1112.9,1113.9,1118.8,1112.5,908
2015-08-17,1118.6,1113.8,1122.0,1113.8,399
2015-08-18,1117.1,1118.2,1118.4,1110.0,475
2015-08-19,1128.1,1117.0,1134.3,1116.8,348
2015-08-20,1153.0,1132.8,1153.3,1132.8,409
2015-08-21,1159.6,1154.1,1166.5,1150.5,261
2015-08-24,1153.4,1164.0,1169.0,1147.5,299
2015-08-25,1138.2,1151.5,1155.5,1134.0,217
2015-08-26,1124.6,1139.2,1143.0,1119.6,116
2015-08-27,1122.4,1127.2,1127.4,1118.4,564
2015-08-28,1133.1,1125.3,1139.0,1123.6,279
2015-08-31,1131.6,1131.1,1134.0,1124.8,194
2015-09-01,1138.7,1133.5,1144.7,1133.5,375
2015-09-02,1132.5,1137.3,1140.4,1130.8,201
2015-09-03,1123.7,1130.3,1132.9,1120.3,122
2015-09-04,1120.6,1123.4,1125.2,1116.2,51
2015-09-08,1120.4,1119.8,1124.3,1116.4,138
2015-09-09,1102.2,1123.5,1123.5,1102.1,150
2015-09-10,1109.5,1107.3,1113.5,1105.5,56
2015-09-11,1103.5,1110.8,1111.7,1098.2,81
2015-09-14,1107.7,1107.8,1108.6,1104.1,19
2015-09-15,1102.8,1104.5,1104.5,1102.8,8
2015-09-16,1119.2,1109.8,1119.9,1109.8,31
2015-09-17,1117.3,1118.6,1130.5,1117.1,14
2015-09-18,1138.1,1128.3,1141.2,1127.8,59
2015-09-21,1133.1,1137.6,1138.5,1130.8,17
2015-09-22,1125.0,1132.6,1135.0,1122.5,43
2015-09-23,1131.6,1128.6,1132.2,1128.3,33
2015-09-24,1153.8,1133.0,1155.9,1133.0,37
2015-09-25,1146.0,1149.8,1149.8,1143.4,56
2015-09-28,1132.0,1133.2,1133.2,1132.0,4346
2015-09-29,1127.1,1132.2,1134.4,1124.3,2417
2015-09-30,1115.5,1124.3,1126.0,1112.1,865
2015-10-01,1114.2,1115.2,1119.0,1113.3,1181
2015-10-02,1137.1,1112.2,1141.2,1105.8,323
2015-10-05,1138.1,1137.1,1141.7,1132.5,226
2015-10-06,1146.8,1136.3,1150.0,1136.3,145
2015-10-07,1149.0,1147.6,1152.9,1143.0,104
2015-10-08,1144.7,1142.7,1146.7,1138.7,138
2015-10-09,1156.3,1151.6,1157.2,1151.6,22
2015-10-12,1164.9,1155.9,1166.8,1155.9,40
2015-10-13,1165.8,1163.5,1166.2,1154.9,132
2015-10-14,1180.1,1172.4,1189.0,1167.3,143
2015-10-15,1187.9,1184.2,1188.3,1177.8,143
2015-10-16,1183.6,1182.5,1184.1,1176.2,243
2015-10-19,1173.3,1176.5,1177.8,1169.3,62
2015-10-20,1178.0,1168.7,1179.1,1168.7,19
2015-10-21,1167.6,1175.9,1176.4,1164.9,41
2015-10-22,1166.6,1166.2,1168.6,1163.5,48
2015-10-23,1163.3,1166.2,1178.7,1163.3,38
2015-10-26,1167.0,1165.1,1170.0,1163.8,176
2015-10-27,1166.8,1164.5,1166.8,1162.0,302
2015-10-28,1177.1,1175.1,1182.7,1175.1,217
2015-10-29,1147.2,1158.0,1162.0,1144.9,329
2015-10-30,1141.5,1147.5,1147.6,1139.2,249
2015-11-02,1135.8,1137.9,1138.7,1132.6,180
2015-11-03,1114.2,1133.3,1134.7,1114.2,185
2015-11-04,1106.5,1119.0,1121.9,1106.5,141
2015-11-05,1104.4,1107.9,1110.7,1104.4,84
2015-11-06,1087.6,1105.2,1109.5,1084.8,78
2015-11-09,1087.9,1088.6,1088.6,1087.9,5
2015-11-10,1088.2,1090.1,1091.3,1085.0,18
2015-11-11,1084.7,1091.4,1091.4,1084.2,15
2015-11-12,1080.8,1086.0,1086.6,1080.8,4
2015-11-13,1080.8,1083.1,1085.9,1080.8,23
2015-11-16,1083.7,1092.0,1092.4,1083.7,11
2015-11-17,1068.7,1075.5,1075.8,1065.1,6
2015-11-18,1068.8,1064.0,1071.9,1064.0,5
2015-11-19,1078.0,1077.4,1082.4,1077.4,10
2015-11-20,1076.4,1082.9,1082.9,1076.4,5
2015-11-23,1066.8,1070.0,1071.5,1066.8,57
2015-11-24,1074.3,1073.2,1079.4,1073.2,222
2015-11-25,1070.5,1070.2,1072.0,1068.5,148662
2015-11-27,1056.2,1070.7,1074.2,1051.1,52133
2015-11-30,1065.8,1056.5,1068.4,1052.1,4601
2015-12-01,1063.8,1064.6,1074.6,1063.4,3441
2015-12-02,1054.2,1068.7,1069.5,1049.6,503
2015-12-03,1061.7,1054.4,1064.6,1046.2,1161
2015-12-04,1084.5,1063.0,1088.8,1058.7,889
2015-12-07,1076.4,1084.9,1086.5,1067.4,656
2015-12-08,1076.3,1071.0,1078.4,1069.6,306
2015-12-09,1077.6,1075.1,1086.0,1070.6,386
2015-12-10,1073.1,1073.0,1076.3,1071.7,226
2015-12-11,1076.9,1067.8,1079.4,1064.4,410
2015-12-14,1064.7,1074.0,1076.7,1060.0,509
2015-12-15,1062.9,1064.6,1066.2,1061.8,220
2015-12-16,1078.0,1064.8,1078.7,1064.3,81
2015-12-17,1050.8,1072.6,1072.6,1050.5,56
2015-12-18,1066.2,1053.7,1070.3,1052.7,253
2015-12-21,1081.9,1070.2,1081.9,1070.2,26
2015-12-22,1074.8,1078.6,1078.6,1073.8,106
2015-12-23,1069.4,1074.5,1074.8,1069.4,202
2015-12-24,1077.2,1074.3,1077.8,1073.5,24
2015-12-28,1070.5,1077.9,1098.8,1070.5,361
2015-12-29,1077.5,1079.1,1079.7,1077.5,252
2015-12-30,1060.1,1068.6,1070.2,1059.7,71
2015-12-31,1060.3,1061.9,1062.0,1058.5,10
2016-01-04,1075.1,1063.4,1082.5,1063.2,143
2016-01-05,1078.4,1075.6,1081.5,1075.3,82
2016-01-06,1091.9,1081.6,1093.7,1081.6,52
2016-01-07,1107.7,1091.6,1109.4,1091.6,122
2016-01-08,1097.8,1111.1,1111.1,1093.0,98
2016-01-11,1096.5,1105.7,1107.9,1096.5,43
2016-01-12,1085.6,1093.8,1098.5,1084.0,87
2016-01-13,1087.5,1081.5,1093.9,1081.5,50
2016-01-14,1073.9,1091.5,1091.5,1073.7,59
2016-01-15,1091.5,1085.0,1095.8,1081.8,44
2016-01-19,1089.9,1089.8,1094.4,1084.9,17
2016-01-20,1107.1,1099.8,1109.8,1099.8,30
2016-01-21,1099.1,1103.6,1103.6,1094.1,16
2016-01-22,1097.2,1098.0,1103.2,1097.2,4
2016-01-25,1106.2,1099.3,1109.3,1099.3,8
2016-01-26,1121.7,1115.1,1121.7,1114.3,181
2016-01-27,1116.1,1117.8,1117.8,1115.8,168706
2016-01-28,1115.6,1125.4,1125.7,1109.8,52861
2016-01-29,1116.4,1114.4,1118.6,1108.8,6955
2016-02-01,1127.9,1116.7,1130.0,1115.3,1682
2016-02-02,1127.3,1128.3,1131.4,1123.0,1230
2016-02-03,1141.3,1128.5,1146.0,1125.0,1630
2016-02-04,1157.6,1142.5,1157.6,1141.0,771
2016-02-05,1157.8,1155.6,1174.8,1146.0,877
2016-02-08,1197.9,1173.5,1200.4,1165.0,931
2016-02-09,1198.7,1188.7,1199.2,1186.7,700
2016-02-10,1194.7,1189.8,1197.7,1182.1,671
2016-02-11,1247.9,1205.6,1260.8,1204.6,995
2016-02-12,1239.1,1247.8,1247.8,1233.5,250
2016-02-16,1207.9,1233.1,1233.6,1193.6,422
2016-02-17,1211.1,1196.5,1212.9,1196.5,53
2016-02-18,1226.1,1209.6,1239.2,1201.6,315
2016-02-19,1230.4,1230.8,1232.8,1221.8,76
2016-02-22,1209.5,1226.1,1226.1,1203.0,280
2016-02-23,1222.3,1207.4,1226.1,1207.4,351
2016-02-24,1238.7,1230.0,1250.1,1230.0,111
2016-02-25,1238.2,1239.4,1241.5,1235.0,1349
2016-02-26,1219.8,1232.4,1239.1,1212.2,656
2016-02-29,1233.9,1218.6,1241.0,1218.6,580
2016-03-01,1230.3,1240.5,1248.4,1229.0,477
2016-03-02,1241.1,1232.8,1242.6,1226.0,267
2016-03-03,1257.4,1238.4,1267.9,1238.0,123
2016-03-04,1269.9,1263.0,1279.9,1250.9,268
2016-03-07,1263.2,1259.8,1272.3,1259.7,67
2016-03-08,1262.1,1268.7,1276.3,1261.0,43
2016-03-09,1256.6,1254.5,1260.0,1244.8,79
2016-03-10,1272.0,1250.0,1273.0,1237.5,119
2016-03-11,1258.7,1270.0,1280.7,1249.4,87
2016-03-14,1244.4,1256.0,1258.0,1234.5,58
2016-03-15,1230.4,1228.3,1236.0,1228.0,37
2016-03-16,1229.3,1229.5,1263.8,1228.9,45
2016-03-17,1264.5,1261.5,1270.1,1255.9,27
2016-03-18,1253.8,1257.1,1264.4,1251.5,542
2016-03-21,1243.8,1256.2,1256.2,1243.4,1061
2016-03-22,1248.2,1244.0,1252.4,1243.8,20
2016-03-23,1223.7,1247.7,1247.7,1218.6,28
2016-03-24,1221.4,1214.2,1221.4,1214.2,13
2016-03-28,1219.9,1211.5,1222.2,1210.0,33
2016-03-29,1235.6,1217.8,1235.6,1217.7,189732
2016-03-30,1226.9,1241.4,1245.0,1223.4,48248
2016-03-31,1234.2,1225.6,1239.6,1224.5,3377
2016-04-01,1222.2,1232.3,1235.2,1209.2,1602
2016-04-04,1218.0,1221.7,1222.3,1215.0,2038
2016-04-05,1228.4,1215.4,1236.7,1215.4,477
2016-04-06,1222.5,1230.4,1230.4,1217.6,248
2016-04-07,1236.2,1224.8,1242.9,1224.6,375
2016-04-08,1242.5,1241.0,1242.8,1232.0,409
2016-04-11,1256.7,1241.5,1258.7,1241.5,437
2016-04-12,1259.4,1260.0,1261.7,1253.7,185
2016-04-13,1246.8,1256.5,1256.9,1241.3,203
2016-04-14,1225.0,1231.4,1243.7,1224.5,264
2016-04-15,1233.1,1225.7,1235.0,1225.7,97
2016-04-18,1233.6,1238.7,1241.1,1232.2,304
2016-04-19,1253.0,1231.6,1256.2,1228.8,386
2016-04-20,1253.2,1256.1,1256.1,1243.0,180
2016-04-21,1249.0,1247.7,1270.6,1247.6,124
2016-04-22,1228.7,1248.5,1248.5,1228.0,188
2016-04-25,1238.9,1231.6,1240.9,1231.6,442
2016-04-26,1242.2,1239.8,1244.2,1233.0,97
2016-04-27,1249.2,1248.6,1249.5,1248.6,547
2016-04-28,1265.5,1245.9,1270.1,1238.5,887
2016-04-29,1289.2,1267.3,1295.5,1267.2,464
2016-05-02,1294.7,1292.1,1304.4,1290.4,192
2016-05-03,1290.7,1292.7,1301.5,1284.5,151
2016-05-04,1273.3,1286.9,1290.0,1273.0,109
2016-05-05,1271.4,1282.9,1286.0,1270.8,330
2016-05-06,1292.9,1278.6,1295.6,1276.9,305
2016-05-09,1265.6,1286.5,1286.5,1262.3,341
2016-05-10,1263.9,1265.1,1267.4,1258.7,23
2016-05-11,1274.6,1266.9,1279.2,1266.9,50
2016-05-12,1270.3,1267.0,1281.2,1264.0,101
2016-05-13,1271.9,1271.4,1275.7,1264.6,66
2016-05-16,1273.4,1272.8,1287.8,1272.8,44
2016-05-17,1276.2,1272.5,1281.6,1270.8,16
2016-05-18,1273.7,1276.4,1276.4,1256.8,17
2016-05-19,1254.2,1248.0,1255.5,1247.5,69
2016-05-20,1252.4,1256.6,1256.6,1252.4,44
2016-05-23,1251.1,1251.6,1251.6,1247.5,56
2016-05-24,1228.9,1240.0,1240.0,1228.2,20
2016-05-25,1223.5,1219.3,1223.5,1218.6,5
2016-05-26,1220.1,1232.6,1232.6,1220.1,199778
2016-05-27,1213.8,1220.3,1223.2,1206.4,63739
2016-05-31,1214.8,1212.5,1217.6,1199.0,6432
2016-06-01,1211.9,1215.7,1219.8,1205.4,2717
2016-06-02,1209.8,1212.4,1217.0,1209.6,1627
2016-06-03,1240.1,1209.1,1244.5,1206.4,1622
2016-06-06,1244.6,1244.4,1247.3,1240.0,1135
2016-06-07,1244.4,1244.0,1244.9,1236.5,281
2016-06-08,1259.8,1247.6,1264.0,1247.3,406
2016-06-09,1270.2,1262.5,1271.4,1258.1,381
2016-06-10,1273.4,1267.6,1278.0,1265.3,397
2016-06-13,1284.4,1276.2,1287.3,1273.0,328
2016-06-14,1285.6,1281.8,1289.7,1277.8,554
2016-06-15,1285.8,1284.6,1296.2,1278.8,162
2016-06-16,1296.1,1296.3,1316.4,1281.1,251
2016-06-17,1292.5,1280.3,1300.1,1280.3,129
2016-06-20,1290.0,1288.9,1291.2,1280.3,153
2016-06-21,1270.5,1293.9,1293.9,1266.3,134
2016-06-22,1268.0,1267.0,1269.2,1264.9,53
2016-06-23,1261.2,1263.4,1270.5,1255.2,218
2016-06-24,1320.0,1253.7,1355.6,1253.7,694
2016-06-27,1322.5,1330.0,1331.7,1320.0,92
2016-06-28,1315.3,1314.8,1315.6,1314.1,1072
2016-06-29,1323.9,1311.6,1327.4,1311.6,414
2016-06-30,1318.4,1315.8,1323.5,1314.5,560
2016-07-01,1336.7,1324.5,1344.2,1321.9,137
2016-07-05,1356.4,1342.2,1356.8,1339.7,90
2016-07-06,1364.9,1359.0,1374.9,1359.0,130
2016-07-07,1360.1,1366.8,1368.6,1350.5,207
2016-07-08,1356.6,1361.3,1365.8,1335.0,249
2016-07-11,1355.0,1371.7,1371.8,1353.0,26
2016-07-12,1334.1,1353.6,1356.0,1330.3,252
2016-07-13,1342.4,1341.5,1342.4,1336.7,7
2016-07-14,1331.3,1341.4,1341.4,1322.7,20
2016-07-15,1326.5,1333.7,1333.7,1322.9,52
2016-07-18,1328.4,1327.5,1335.0,1326.2,54
2016-07-19,1331.5,1328.5,1333.2,1326.4,322
2016-07-20,1318.8,1331.0,1337.5,1315.5,751
2016-07-21,1330.5,1312.8,1330.5,1312.8,318
2016-07-22,1323.1,1330.7,1330.7,1320.4,55
2016-07-25,1319.3,1315.7,1319.3,1313.8,548
2016-07-26,1320.7,1315.2,1320.7,1315.2,63
2016-07-27,1326.6,1326.0,1326.6,1326.0,215388
2016-07-28,1332.3,1339.5,1344.3,1330.1,56908
2016-07-29,1349.0,1333.2,1353.3,1325.8,6076
2016-08-01,1351.4,1348.8,1353.5,1345.6,1257
2016-08-02,1364.4,1352.1,1366.0,1346.6,2941
2016-08-03,1356.1,1362.4,1364.7,1353.3,715
2016-08-04,1358.8,1354.4,1361.6,1347.0,381
2016-08-05,1336.4,1357.6,1360.8,1333.7,1107
2016-08-08,1333.4,1330.0,1335.4,1327.8,587
2016-08-09,1339.0,1331.8,1339.4,1328.5,620
2016-08-10,1344.3,1344.8,1354.2,1344.3,110
2016-08-11,1342.5,1341.6,1350.4,1334.8,666
2016-08-12,1335.8,1336.8,1351.8,1333.2,113
2016-08-15,1340.3,1336.5,1340.6,1333.6,62
2016-08-16,1350.5,1342.2,1355.0,1341.0,338
2016-08-17,1342.7,1345.5,1347.3,1338.6,135
2016-08-18,1351.2,1351.3,1354.4,1348.2,140
2016-08-19,1340.4,1350.1,1350.1,1338.6,197
2016-08-22,1337.7,1334.4,1337.7,1333.3,117
2016-08-23,1340.6,1337.0,1341.2,1334.3,551
2016-08-24,1324.4,1337.2,1337.2,1322.9,262
2016-08-25,1320.1,1321.4,1324.0,1317.0,58
2016-08-26,1321.5,1323.8,1340.5,1320.1,141
2016-08-29,1322.9,1315.0,1323.0,1315.0,437
2016-08-30,1311.7,1322.0,1322.1,1308.0,705
2016-08-31,1306.9,1310.3,1313.7,1306.3,214
2016-09-01,1312.2,1305.3,1313.1,1301.5,225
2016-09-02,1322.1,1309.6,1326.7,1309.2,55
2016-09-06,1349.4,1323.3,1349.4,1323.2,46
2016-09-07,1344.3,1348.4,1350.5,1343.9,14
2016-09-08,1336.8,1344.8,1345.4,1335.7,30
2016-09-09,1330.1,1338.5,1338.5,1328.0,35
2016-09-12,1321.0,1327.0,1329.3,1319.9,177
2016-09-13,1319.0,1324.6,1324.6,1315.0,79
2016-09-14,1321.5,1319.2,1322.3,1319.2,73
2016-09-15,1313.5,1320.7,1320.7,1310.8,37
2016-09-16,1305.8,1312.2,1312.6,1305.8,4
2016-09-19,1313.5,1313.5,1313.5,1313.5,20
2016-09-20,1313.7,1313.7,1313.7,1313.7,97
2016-09-21,1326.9,1326.3,1326.9,1324.0,76
2016-09-22,1340.4,1338.6,1340.4,1338.2,23
2016-09-23,1337.2,1337.2,1337.2,1337.2,40
2016-09-26,1339.7,1335.2,1341.8,1335.2,24
2016-09-27,1325.9,1328.0,1328.7,1325.9,48
2016-09-28,1319.4,1319.4,1319.4,1319.4,10551
2016-09-29,1321.7,1321.2,1325.0,1314.7,6108
2016-09-30,1313.3,1320.6,1327.7,1312.9,868
2016-10-03,1309.0,1313.5,1316.8,1308.2,299
2016-10-04,1266.3,1307.6,1310.2,1266.3,1893
2016-10-05,1265.2,1272.1,1274.0,1261.3,246
2016-10-06,1249.8,1265.3,1265.3,1249.8,114
2016-10-07,1248.9,1253.9,1263.6,1248.9,169
2016-10-11,1253.0,1258.9,1258.9,1253.0,26
2016-10-12,1251.1,1251.7,1254.0,1251.1,127
2016-10-13,1255.0,1258.7,1259.0,1255.0,315
2016-10-14,1253.1,1253.9,1253.9,1250.6,311
2016-10-17,1254.4,1249.9,1255.0,1249.9,41
2016-10-18,1260.8,1260.9,1261.7,1260.8,11
2016-10-19,1267.9,1262.9,1271.5,1262.9,219
2016-10-20,1265.6,1270.0,1270.5,1265.5,415
2016-10-21,1265.9,1265.9,1265.9,1265.9,224
2016-10-24,1262.0,1269.2,1269.2,1261.8,42
2016-10-25,1271.9,1264.1,1274.1,1264.1,61
2016-10-26,1264.8,1274.0,1274.0,1264.8,279
2016-10-27,1267.9,1269.4,1269.4,1267.9,338
2016-10-28,1275.5,1270.3,1281.5,1262.0,560
2016-10-31,1271.5,1276.6,1276.6,1271.5,58
2016-11-01,1286.4,1279.3,1290.7,1279.0,49
2016-11-02,1306.8,1288.3,1307.0,1288.3,30
2016-11-03,1302.1,1296.4,1303.1,1287.3,73
2016-11-04,1303.3,1300.0,1303.3,1296.7,11
2016-11-07,1278.3,1292.0,1294.5,1278.3,34
2016-11-08,1273.4,1284.1,1289.4,1273.2,50
2016-11-09,1272.6,1272.2,1318.6,1270.0,108
2016-11-10,1265.5,1274.4,1287.5,1253.3,63
2016-11-14,1221.2,1227.8,1229.5,1210.4,216
2016-11-15,1224.0,1224.3,1226.0,1222.5,20
2016-11-16,1223.4,1229.3,1229.3,1223.0,66
2016-11-17,1216.5,1224.6,1225.0,1211.0,1139
2016-11-18,1208.5,1211.9,1211.9,1207.2,607
2016-11-21,1209.6,1209.6,1209.6,1209.6,19
2016-11-22,1211.0,1210.4,1211.1,1207.6,19
2016-11-23,1189.1,1212.8,1213.8,1186.8,309
2016-11-25,1178.2,1177.0,1189.3,1177.0,14
2016-11-28,1190.6,1188.0,1190.6,1188.0,189914
2016-11-29,1187.9,1193.2,1194.8,1179.4,42124
2016-11-30,1170.8,1187.1,1193.3,1167.9,7158
2016-12-01,1166.9,1172.7,1174.6,1160.0,1588
2016-12-02,1175.1,1172.3,1177.3,1166.4,1521
2016-12-05,1174.0,1181.8,1186.7,1157.0,358
2016-12-06,1167.6,1170.9,1174.5,1167.1,652
2016-12-07,1175.0,1167.7,1178.5,1166.4,182
2016-12-08,1169.8,1173.8,1177.8,1169.1,322
2016-12-09,1159.4,1166.6,1168.8,1156.0,365
2016-12-12,1163.5,1158.3,1163.9,1153.0,331
2016-12-13,1156.7,1163.5,1164.0,1155.4,637
2016-12-14,1161.3,1159.8,1164.0,1142.0,487
2016-12-15,1127.8,1139.8,1143.3,1123.9,244
2016-12-16,1135.3,1126.9,1140.9,1126.9,146
2016-12-19,1140.5,1139.4,1140.7,1137.9,249
2016-12-20,1131.5,1133.5,1133.5,1126.5,46
2016-12-21,1131.1,1136.1,1136.1,1130.0,50
2016-12-22,1128.8,1131.2,1132.8,1128.3,104
2016-12-23,1131.9,1130.9,1132.8,1130.3,70
2016-12-27,1137.3,1134.3,1142.2,1134.3,84
2016-12-28,1139.4,1141.2,1141.2,1138.0,1570
2016-12-29,1156.4,1143.8,1158.8,1143.6,950
2016-12-30,1150.0,1162.0,1162.0,1150.0,16
2017-01-03,1160.4,1155.2,1160.8,1146.5,52
2017-01-04,1163.8,1156.3,1165.0,1156.3,36
2017-01-05,1179.7,1172.0,1183.3,1171.5,500
2017-01-06,1171.9,1176.5,1176.5,1171.9,16
2017-01-09,1183.5,1173.9,1183.6,1173.0,62
2017-01-10,1184.2,1184.3,1188.9,1182.3,8
2017-01-11,1195.6,1187.5,1197.0,1176.5,20
2017-01-12,1198.9,1192.7,1204.3,1192.3,110
2017-01-13,1195.3,1195.7,1196.0,1187.7,65
2017-01-17,1212.0,1205.5,1214.6,1200.8,79
2017-01-18,1211.3,1213.6,1214.7,1203.1,114
2017-01-19,1200.9,1200.5,1204.0,1195.8,26
2017-01-20,1204.3,1202.8,1212.1,1202.8,38
2017-01-23,1215.0,1212.0,1215.0,1210.0,16
2017-01-24,1210.3,1219.0,1219.0,1207.7,24
2017-01-25,1197.3,1202.0,1202.8,1194.9,403
2017-01-26,1189.5,1199.7,1199.7,1185.6,19
2017-01-27,1188.1,1187.9,1188.3,1187.9,234352
2017-01-30,1193.2,1191.7,1198.5,1187.1,50503
2017-01-31,1208.6,1194.9,1214.7,1193.5,3212
2017-02-01,1205.6,1211.9,1211.9,1197.9,1145
2017-02-02,1216.7,1209.7,1224.2,1208.9,1512
2017-02-03,1218.5,1214.9,1220.6,1206.2,865
2017-02-06,1230.0,1221.9,1235.4,1218.5,908
2017-02-07,1234.2,1234.2,1236.2,1228.5,1177
2017-02-08,1237.6,1232.1,1243.9,1231.0,288
2017-02-09,1235.1,1239.4,1243.5,1226.9,885
2017-02-10,1234.4,1227.6,1234.4,1221.5,391
2017-02-13,1224.4,1230.5,1231.1,1219.0,398
2017-02-14,1223.9,1225.9,1233.5,1222.1,159
2017-02-15,1231.7,1225.5,1231.7,1217.3,175
2017-02-16,1240.0,1234.5,1240.7,1233.2,87
2017-02-17,1237.6,1240.7,1241.2,1234.8,301
2017-02-21,1237.5,1237.3,1237.5,1228.1,119
2017-02-22,1232.0,1236.1,1238.6,1231.8,36
2017-02-23,1250.2,1236.1,1250.3,1236.1,112
2017-02-24,1256.9,1250.0,1258.8,1250.0,1264
2017-02-27,1257.4,1254.7,1263.1,1250.4,544
2017-02-28,1252.6,1253.6,1257.3,1247.2,721
2017-03-01,1248.9,1247.8,1248.9,1236.9,138
2017-03-02,1231.9,1247.2,1247.6,1230.7,79
2017-03-03,1225.5,1231.7,1235.2,1222.9,121
2017-03-06,1224.5,1235.2,1235.2,1224.5,29
2017-03-07,1215.1,1224.3,1225.4,1213.7,53
2017-03-08,1208.5,1212.2,1212.2,1206.7,24
2017-03-09,1202.4,1204.5,1205.6,1202.3,37
2017-03-10,1200.7,1196.2,1203.3,1196.2,3
2017-03-13,1202.4,1206.2,1210.0,1202.3,35
2017-03-14,1201.9,1203.1,1205.9,1196.8,22
2017-03-15,1200.1,1198.2,1221.2,1197.7,36
2017-03-16,1226.5,1222.2,1231.4,1222.2,47
2017-03-17,1229.8,1227.1,1230.9,1227.1,26
2017-03-20,1233.6,1229.3,1234.4,1229.3,23
2017-03-21,1246.1,1226.4,1246.1,1226.4,11
2017-03-22,1249.3,1247.9,1249.5,1247.7,3
2017-03-23,1246.9,1246.4,1247.5,1244.8,16
2017-03-24,1248.2,1248.0,1248.3,1247.6,3
2017-03-27,1255.4,1255.8,1257.7,1253.8,72
2017-03-28,1255.3,1255.9,1255.9,1255.3,19
2017-03-29,1253.4,1252.2,1253.4,1252.1,190678
2017-03-30,1245.0,1253.1,1253.6,1241.1,51328
2017-03-31,1247.3,1242.1,1248.8,1238.7,8223
2017-04-03,1250.8,1247.5,1252.4,1243.6,1160
2017-04-04,1255.0,1253.1,1260.3,1253.0,724
2017-04-05,1245.4,1255.4,1255.4,1243.0,907
2017-04-06,1250.3,1256.1,1257.5,1249.0,169
2017-04-07,1254.3,1249.5,1269.1,1249.5,445
2017-04-10,1251.1,1252.7,1255.2,1246.8,182
2017-04-11,1271.2,1254.5,1273.5,1254.5,401
2017-04-12,1275.3,1275.0,1285.1,1272.0,492
2017-04-13,1285.9,1285.3,1287.6,1282.0,915
2017-04-17,1289.4,1291.8,1294.8,1284.3,73
2017-04-18,1291.7,1283.9,1291.7,1278.6,394
2017-04-19,1281.4,1288.0,1288.0,1274.0,194
2017-04-20,1281.9,1279.7,1281.9,1276.2,127
2017-04-21,1287.4,1279.8,1287.4,1279.2,474
2017-04-24,1275.8,1275.0,1276.4,1265.0,605
2017-04-25,1265.6,1275.6,1276.9,1262.1,356
2017-04-26,1262.1,1266.0,1266.0,1262.1,1156
2017-04-27,1263.7,1266.7,1267.2,1262.2,206
2017-04-28,1266.1,1265.9,1267.2,1264.7,85
2017-05-01,1253.3,1268.7,1269.3,1253.3,34
2017-05-02,1255.1,1256.2,1256.2,1251.2,90
2017-05-03,1246.4,1255.1,1255.8,1238.7,195
2017-05-04,1226.5,1239.8,1239.8,1224.2,72
2017-05-05,1224.8,1227.0,1233.7,1224.8,16
2017-05-08,1225.3,1224.0,1234.0,1224.0,43
2017-05-09,1214.3,1226.1,1226.2,1214.0,55
2017-05-10,1217.3,1219.8,1220.2,1217.3,23
2017-05-11,1222.7,1218.5,1222.7,1218.3,13
2017-05-12,1226.2,1228.0,1229.5,1226.1,29
2017-05-15,1228.6,1227.5,1232.7,1227.5,13
2017-05-16,1235.0,1230.4,1237.3,1230.4,20
2017-05-17,1257.5,1241.0,1259.2,1240.7,26
2017-05-18,1251.7,1254.8,1260.0,1245.8,43
2017-05-19,1252.7,1252.7,1252.7,1252.7,14
2017-05-22,1260.7,1251.7,1260.7,1251.7,14
2017-05-23,1254.8,1261.5,1261.6,1250.6,20
2017-05-24,1252.4,1251.9,1257.8,1249.7,14
2017-05-25,1255.8,1257.1,1258.3,1255.8,11
2017-05-26,1267.6,1267.6,1267.6,1267.6,271457
2017-05-30,1262.1,1267.4,1270.0,1258.4,129819
2017-05-31,1272.0,1262.4,1273.2,1258.5,2712
2017-06-01,1267.0,1268.0,1269.2,1260.8,825
2017-06-02,1276.8,1265.2,1279.0,1259.0,1732
2017-06-05,1279.3,1279.2,1282.0,1277.0,433
2017-06-06,1294.4,1279.4,1295.2,1279.4,942
2017-06-07,1290.1,1291.6,1293.1,1284.3,641
2017-06-08,1276.3,1285.4,1287.6,1268.1,319
2017-06-09,1268.5,1277.9,1277.9,1264.6,467
2017-06-12,1266.1,1266.4,1269.3,1263.2,255
2017-06-13,1265.8,1264.1,1266.9,1259.7,150
2017-06-14,1272.8,1269.4,1278.0,1256.8,336
2017-06-15,1252.2,1263.2,1264.2,1250.3,743
2017-06-16,1254.0,1252.8,1255.3,1251.3,34
2017-06-19,1244.2,1252.1,1252.2,1241.9,108
2017-06-20,1241.0,1242.2,1245.5,1240.5,75
2017-06-21,1243.4,1244.1,1245.0,1240.0,205
2017-06-22,1247.6,1251.0,1252.7,1246.3,156
2017-06-23,1256.2,1250.0,1273.6,1249.8,269
2017-06-26,1246.3,1260.2,1260.2,1241.6,194
2017-06-27,1246.4,1251.6,1251.8,1245.9,111
2017-06-28,1248.0,1248.5,1248.5,1248.0,370
2017-06-29,1244.2,1248.2,1250.7,1238.1,540
2017-06-30,1240.7,1243.7,1243.7,1239.1,43
2017-07-03,1217.9,1236.0,1236.0,1217.9,33
2017-07-05,1220.4,1222.5,1225.0,1217.1,40
2017-07-06,1222.2,1225.1,1225.1,1222.2,5
2017-07-07,1208.6,1219.1,1220.4,1208.6,116
2017-07-10,1212.1,1211.4,1212.1,1209.6,28
2017-07-11,1213.6,1208.7,1214.9,1208.7,12
2017-07-12,1218.1,1218.3,1219.4,1217.9,7
2017-07-13,1216.3,1221.4,1221.4,1216.3,7
2017-07-14,1226.6,1214.9,1227.5,1214.8,23
2017-07-17,1232.8,1229.9,1233.4,1229.9,7
2017-07-18,1241.1,1236.2,1241.2,1236.2,29
2017-07-19,1241.2,1240.4,1241.2,1240.1,3
2017-07-20,1244.8,1236.6,1244.8,1236.6,5
2017-07-21,1254.3,1250.7,1254.3,1250.5,16
2017-07-24,1253.9,1256.0,1256.0,1253.9,8
2017-07-25,1251.7,1252.7,1253.6,1249.2,18
2017-07-26,1249.0,1244.8,1249.0,1244.8,7
2017-07-27,1259.6,1259.6,1259.6,1259.6,220309
2017-07-28,1268.4,1258.4,1270.0,1256.9,64180
2017-07-31,1266.6,1268.9,1270.8,1265.8,7780
2017-08-01,1272.6,1268.4,1273.3,1262.0,1061
2017-08-02,1271.8,1268.5,1272.1,1262.9,393
2017-08-03,1267.8,1265.9,1269.8,1256.6,878
2017-08-04,1258.3,1269.0,1269.6,1253.9,521
2017-08-07,1258.2,1258.7,1259.1,1255.3,260
2017-08-08,1256.4,1256.9,1264.1,1251.4,555
2017-08-09,1273.0,1260.2,1277.8,1260.2,574
2017-08-10,1283.7,1276.6,1287.4,1274.9,608
2017-08-11,1287.7,1286.3,1291.1,1282.0,139
2017-08-14,1284.2,1288.4,1288.4,1278.8,338
2017-08-15,1273.7,1280.5,1280.5,1267.4,188
2017-08-16,1276.9,1271.3,1282.6,1269.4,110
2017-08-17,1286.4,1283.8,1288.5,1283.2,43
2017-08-18,1285.7,1288.6,1300.7,1284.3,358
2017-08-21,1290.8,1285.2,1290.8,1284.7,18
2017-08-22,1285.1,1287.2,1288.4,1283.2,100
2017-08-23,1288.9,1289.4,1289.4,1286.9,250
2017-08-24,1286.5,1288.7,1288.7,1284.0,550
2017-08-25,1292.5,1285.4,1292.7,1280.3,280
2017-08-28,1309.7,1293.5,1311.3,1293.5,145
2017-08-29,1313.1,1318.8,1323.8,1313.1,1178
2017-08-30,1308.1,1308.2,1312.5,1304.9,1178
2017-08-31,1316.2,1306.6,1322.3,1301.7,373
2017-09-01,1324.5,1320.2,1327.7,1316.9,313
2017-09-05,1339.2,1335.2,1339.2,1328.6,39
2017-09-06,1333.9,1340.0,1340.3,1332.6,20
2017-09-07,1345.1,1336.4,1349.0,1336.4,26
2017-09-08,1346.0,1351.0,1355.8,1345.6,37
2017-09-11,1331.0,1331.0,1331.0,1327.3,9
2017-09-12,1328.0,1327.0,1328.0,1325.2,15
2017-09-13,1323.4,1323.4,1323.4,1323.4,16
2017-09-14,1324.7,1319.6,1329.3,1319.6,316
2017-09-15,1320.4,1320.6,1321.2,1319.8,15
2017-09-18,1306.3,1309.8,1310.4,1306.0,129
2017-09-19,1306.2,1307.9,1310.3,1305.1,20
2017-09-20,1312.0,1312.0,1312.0,1298.7,12
2017-09-21,1290.6,1299.1,1304.1,1290.3,336
2017-09-22,1293.3,1295.0,1295.7,1293.3,209
2017-09-25,1306.8,1293.1,1309.2,1291.0,51
2017-09-26,1297.0,1304.5,1305.6,1297.0,39
2017-09-27,1283.4,1283.4,1283.4,1283.4,19488
2017-09-28,1285.5,1283.1,1288.0,1277.0,5226
2017-09-29,1281.5,1284.2,1289.4,1281.5,492
2017-10-02,1272.7,1275.0,1276.1,1270.4,136
2017-10-03,1271.5,1269.7,1273.3,1268.6,192
2017-10-04,1273.7,1273.8,1280.8,1270.0,218
2017-10-05,1269.9,1277.8,1277.8,1267.6,36
2017-10-06,1271.6,1267.6,1272.0,1260.5,46
2017-10-09,1281.8,1280.6,1284.0,1279.0,19
2017-10-10,1290.6,1282.6,1293.0,1281.7,18
2017-10-11,1285.8,1287.3,1292.0,1284.9,21
2017-10-12,1293.3,1291.5,1294.5,1289.3,14
2017-10-13,1301.5,1293.3,1301.7,1291.7,74
2017-10-16,1299.9,1302.0,1303.8,1291.9,173
2017-10-17,1283.0,1295.1,1295.1,1283.0,571
2017-10-18,1279.9,1279.9,1279.9,1279.9,163
2017-10-19,1286.9,1286.4,1286.9,1285.1,134
2017-10-20,1277.4,1279.6,1279.6,1277.4,304
2017-10-23,1277.7,1274.7,1280.8,1271.5,115
2017-10-24,1275.0,1275.5,1275.5,1273.7,111
2017-10-25,1275.4,1269.9,1275.4,1269.9,105
2017-10-26,1266.3,1273.5,1273.5,1264.7,39
2017-10-27,1268.5,1268.4,1268.5,1267.1,567
2017-10-30,1274.1,1270.0,1274.1,1267.9,222
2017-10-31,1267.0,1273.1,1274.6,1266.1,235
2017-11-01,1274.1,1272.2,1274.8,1270.3,78
2017-11-02,1274.9,1274.9,1274.9,1274.9,70
2017-11-03,1266.5,1265.3,1267.9,1265.3,75
2017-11-06,1279.4,1269.0,1280.5,1269.0,128
2017-11-07,1273.7,1276.8,1276.8,1270.4,11
2017-11-08,1281.6,1275.9,1284.9,1274.7,15
2017-11-09,1285.6,1279.7,1286.9,1279.7,18
2017-11-10,1272.4,1283.5,1283.5,1272.4,10
2017-11-13,1277.3,1277.3,1277.3,1277.0,3
2017-11-14,1281.5,1276.9,1281.5,1276.9,4
2017-11-15,1276.5,1281.4,1284.7,1275.9,13
2017-11-16,1277.4,1277.5,1277.5,1277.4,43
2017-11-17,1295.8,1288.3,1295.8,1288.3,1
2017-11-20,1274.6,1274.6,1275.9,1274.6,1
2017-11-21,1281.1,1281.1,1281.1,1281.1,4
2017-11-22,1291.6,1284.7,1291.6,1282.9,4
2017-11-27,1293.8,1293.8,1293.8,1293.8,1
2017-11-28,1294.7,1294.7,1294.7,1294.7,275442
2017-11-29,1282.1,1293.4,1296.2,1281.1,47244
2017-11-30,1273.2,1283.1,1284.5,1269.7,3049
2017-12-01,1278.8,1274.1,1288.6,1271.0,823
2017-12-04,1274.3,1272.5,1276.1,1270.3,850
2017-12-05,1261.6,1275.4,1275.8,1260.0,1499
2017-12-06,1262.8,1264.9,1267.8,1261.6,373
2017-12-07,1249.8,1262.3,1262.4,1243.9,358
2017-12-08,1245.2,1246.3,1249.3,1241.5,157
2017-12-11,1243.7,1248.4,1249.2,1239.9,146
2017-12-12,1238.5,1241.3,1244.4,1236.5,692
2017-12-13,1245.4,1241.9,1254.5,1239.8,349
2017-12-14,1253.8,1252.9,1257.7,1250.3,139
2017-12-15,1254.3,1253.1,1260.3,1253.1,578
2017-12-18,1262.2,1256.2,1262.4,1255.7,45
2017-12-19,1260.7,1261.1,1264.3,1259.5,329
2017-12-20,1266.1,1261.3,1266.6,1261.3,63
2017-12-21,1267.3,1266.4,1267.4,1264.3,226
2017-12-22,1275.4,1266.3,1276.3,1266.3,119
2017-12-26,1284.1,1282.4,1284.1,1281.8,84
2017-12-27,1287.0,1284.0,1287.0,1284.0,456
2017-12-28,1294.1,1288.2,1294.1,1288.2,245
2017-12-29,1306.3,1294.2,1306.3,1294.0,65
2018-01-02,1313.7,1302.3,1317.6,1302.3,68
2018-01-03,1316.2,1320.0,1320.1,1312.1,42
2018-01-04,1319.4,1319.4,1322.0,1319.4,2
2018-01-05,1320.3,1320.3,1320.3,1320.3,1
2018-01-08,1318.6,1319.9,1319.9,1314.6,41
2018-01-09,1311.7,1309.6,1311.7,1309.6,16
2018-01-10,1317.4,1320.3,1320.7,1315.3,70
2018-01-11,1320.6,1317.1,1320.6,1316.3,9
2018-01-12,1333.4,1327.8,1338.2,1327.8,14
2018-01-16,1335.4,1331.1,1335.4,1331.0,13
2018-01-17,1338.0,1334.4,1338.0,1326.8,27
2018-01-18,1326.0,1328.9,1328.9,1326.0,211
2018-01-19,1331.9,1330.1,1333.0,1330.1,50
2018-01-22,1330.9,1328.4,1330.9,1328.4,162
2018-01-23,1335.7,1335.8,1335.9,1335.7,47
2018-01-24,1355.9,1355.9,1357.2,1355.9,18
2018-01-25,1362.4,1356.3,1362.4,1346.7,4
2018-01-26,1351.6,1351.6,1352.0,1350.9,280546
2018-01-30,1335.4,1338.7,1347.8,1332.8,52100
2018-01-31,1339.0,1337.5,1346.9,1331.8,4881
2018-02-01,1344.3,1343.8,1350.6,1336.8,1680
2018-02-02,1333.7,1348.5,1352.1,1327.7,2841
2018-02-05,1333.0,1331.1,1340.2,1329.0,641
2018-02-06,1326.1,1338.2,1343.7,1319.5,529
2018-02-07,1311.6,1325.4,1331.1,1310.5,491
2018-02-08,1316.9,1317.1,1321.1,1307.0,459
2018-02-09,1313.1,1320.9,1322.0,1311.9,451
2018-02-12,1324.2,1323.8,1325.5,1318.0,140
2018-02-13,1328.1,1324.5,1329.6,1323.4,71
2018-02-14,1355.5,1332.8,1355.5,1324.0,400
2018-02-15,1352.1,1352.0,1355.9,1349.7,111
2018-02-16,1353.2,1354.0,1361.4,1344.9,110
2018-02-20,1328.8,1348.4,1350.2,1328.5,283
2018-02-21,1330.0,1326.8,1331.5,1324.4,119
2018-02-22,1330.6,1322.0,1331.4,1322.0,70
2018-02-23,1328.2,1328.0,1332.1,1327.7,427
2018-02-26,1330.7,1335.0,1340.5,1330.7,652
2018-02-27,1315.5,1331.7,1332.6,1312.7,710
2018-02-28,1315.5,1315.4,1321.0,1315.4,58
2018-03-01,1302.9,1310.4,1318.1,1301.8,43
2018-03-02,1321.1,1314.3,1323.2,1314.3,155
2018-03-05,1318.1,1323.5,1325.9,1318.1,18
2018-03-06,1333.6,1321.6,1333.6,1321.4,18
2018-03-07,1326.0,1338.1,1338.1,1326.0,27
2018-03-08,1319.9,1324.8,1326.8,1319.3,62
2018-03-09,1322.4,1316.8,1322.4,1313.0,88
2018-03-13,1325.9,1325.9,1325.9,1325.3,13
2018-03-14,1324.4,1322.2,1324.4,1322.2,19
2018-03-16,1311.3,1310.1,1311.3,1310.1,34
2018-03-19,1316.8,1309.4,1316.9,1307.3,6
2018-03-20,1311.1,1311.1,1311.1,1311.1,4
2018-03-21,1320.7,1312.4,1328.8,1312.4,34
2018-03-23,1349.3,1343.2,1349.3,1343.2,8
2018-03-26,1354.4,1348.5,1354.4,1345.1,10
2018-03-27,1341.3,1341.0,1341.3,1341.0,290889
2018-03-28,1324.2,1345.0,1346.4,1322.4,59284
2018-03-29,1322.8,1324.0,1327.1,1321.7,5585
2018-04-02,1342.1,1327.0,1344.2,1324.7,649
2018-04-03,1332.8,1340.4,1341.5,1328.5,702
2018-04-04,1335.8,1331.8,1347.3,1331.6,718
2018-04-05,1324.3,1333.5,1333.7,1322.6,258
2018-04-06,1331.9,1326.5,1333.0,1319.0,348
2018-04-09,1336.3,1333.0,1337.5,1327.0,290
2018-04-10,1342.0,1335.2,1342.0,1333.0,105
2018-04-11,1356.5,1340.1,1365.4,1340.1,118
2018-04-12,1338.4,1351.2,1351.5,1334.6,34
2018-04-13,1344.8,1335.9,1346.0,1335.9,67
2018-04-16,1347.5,1341.0,1348.8,1341.0,60
2018-04-17,1347.2,1348.0,1348.1,1339.0,409
2018-04-18,1351.2,1343.5,1354.2,1343.5,45
2018-04-19,1346.8,1348.6,1355.2,1341.6,387
2018-04-20,1336.7,1342.5,1343.4,1335.3,310
2018-04-23,1322.5,1334.0,1334.4,1322.5,68
2018-04-24,1331.4,1326.4,1331.7,1326.2,28
2018-04-25,1321.2,1324.0,1325.0,1320.0,278
2018-04-26,1316.3,1315.7,1316.3,1315.7,569
2018-04-27,1320.3,1315.3,1321.7,1312.8,622
2018-04-30,1316.2,1309.6,1316.2,1309.6,49
2018-05-01,1303.8,1313.2,1313.8,1303.4,28
2018-05-02,1302.6,1309.0,1309.3,1302.6,23
2018-05-03,1310.7,1310.7,1310.7,1310.7,4
2018-05-07,1312.2,1310.6,1312.5,1310.2,4
2018-05-08,1312.0,1310.1,1312.0,1308.5,337
2018-05-09,1311.3,1311.3,1311.3,1311.3,70
2018-05-10,1320.8,1312.2,1320.8,1312.2,8
2018-05-11,1319.0,1319.0,1319.0,1319.0,3
2018-05-14,1316.5,1319.9,1319.9,1316.5,4
2018-05-15,1288.9,1304.6,1304.7,1288.9,8
2018-05-16,1290.2,1290.9,1294.0,1285.4,26
2018-05-17,1288.2,1291.3,1291.3,1288.2,2
2018-05-18,1290.2,1285.2,1290.2,1285.2,2
2018-05-21,1290.2,1287.4,1292.1,1287.4,52
2018-05-22,1291.7,1291.7,1291.7,1291.7,50
2018-05-23,1289.3,1289.3,1289.3,1289.3,10
2018-05-25,1303.3,1303.3,1303.3,1303.3,1
2018-05-29,1298.7,1298.7,1298.7,1298.7,386334
2018-05-30,1301.5,1298.0,1303.7,1295.2,50845
2018-05-31,1300.1,1301.0,1306.8,1296.6,4082
2018-06-01,1294.8,1298.6,1299.5,1288.9,663
2018-06-04,1293.1,1293.9,1297.1,1290.0,144
2018-06-05,1297.5,1292.1,1299.8,1289.9,357
2018-06-06,1297.1,1296.1,1300.4,1294.1,373
2018-06-07,1298.7,1298.4,1302.8,1296.2,79
2018-06-08,1298.1,1295.3,1299.4,1294.8,650
2018-06-11,1298.9,1299.3,1302.0,1295.2,71
2018-06-12,1295.1,1297.8,1298.1,1292.7,153
2018-06-13,1296.9,1294.0,1299.4,1290.9,135
2018-06-14,1304.0,1297.2,1307.7,1297.2,42
2018-06-15,1274.6,1297.2,1307.7,1274.0,589
2018-06-18,1276.2,1280.7,1280.7,1276.2,35
2018-06-19,1275.6,1278.7,1281.8,1269.9,34
2018-06-20,1271.2,1274.4,1274.4,1271.2,7
2018-06-21,1267.2,1262.7,1268.9,1260.0,46
2018-06-22,1267.4,1268.1,1270.2,1267.0,74
2018-06-25,1265.6,1270.6,1271.2,1265.6,37
2018-06-26,1256.6,1267.2,1267.2,1256.6,89
2018-06-27,1252.8,1255.5,1255.5,1252.3,1162
2018-06-28,1247.8,1251.7,1251.7,1244.8,378
2018-06-29,1251.3,1250.3,1253.3,1249.1,48
2018-07-02,1239.8,1249.9,1249.9,1239.8,29
2018-07-03,1251.6,1238.1,1254.1,1237.0,36
2018-07-05,1257.3,1255.5,1257.3,1253.6,9
2018-07-06,1254.3,1255.5,1255.5,1254.3,7
2018-07-09,1258.1,1258.2,1262.3,1257.7,37
2018-07-10,1253.8,1256.2,1256.9,1249.3,65
2018-07-11,1242.8,1253.2,1253.2,1242.8,30
2018-07-12,1245.0,1240.9,1246.7,1240.9,7
2018-07-13,1239.6,1244.7,1247.0,1239.6,2
2018-07-16,1238.1,1242.7,1243.8,1238.1,2
2018-07-18,1226.3,1226.7,1226.7,1222.2,67
2018-07-19,1222.4,1227.2,1228.0,1211.7,33
2018-07-23,1224.0,1222.0,1224.0,1222.0,1
2018-07-26,1225.3,1227.8,1227.8,1225.3,1
2018-07-27,1222.6,1222.6,1222.6,1222.6,254428
2018-07-30,1221.3,1222.5,1223.9,1218.1,62239
2018-07-31,1223.7,1220.4,1228.1,1213.0,2722
2018-08-01,1217.9,1222.9,1223.7,1214.4,1026
2018-08-02,1210.6,1214.7,1219.3,1205.8,411
2018-08-03,1214.2,1206.5,1218.6,1205.1,784
2018-08-06,1208.6,1214.4,1214.4,1206.6,297
2018-08-07,1209.6,1207.8,1214.8,1207.8,715
2018-08-08,1212.6,1212.0,1215.2,1205.9,209
2018-08-09,1211.9,1214.5,1215.3,1211.6,44
2018-08-10,1211.1,1212.5,1216.4,1205.6,75
2018-08-13,1191.3,1207.0,1207.4,1191.3,78
2018-08-14,1193.0,1193.1,1197.5,1192.8,92
2018-08-15,1177.5,1187.8,1188.1,1174.6,71
2018-08-16,1176.2,1173.2,1180.2,1161.4,123
2018-08-17,1176.5,1174.7,1181.2,1174.7,66
2018-08-20,1186.8,1184.8,1190.0,1184.4,68
2018-08-21,1192.6,1189.8,1192.6,1189.8,22
2018-08-22,1196.3,1194.7,1196.3,1194.7,17
2018-08-23,1187.0,1189.3,1190.3,1184.9,95
2018-08-24,1206.3,1185.3,1208.0,1185.3,12
2018-08-27,1209.0,1210.3,1211.4,1205.2,154
2018-08-28,1207.4,1209.7,1217.0,1202.3,136
2018-08-29,1204.5,1205.2,1205.2,1202.4,817
2018-08-30,1197.7,1205.4,1205.6,1196.0,493
2018-08-31,1200.3,1207.1,1208.2,1199.1,191
2018-09-04,1192.7,1193.8,1193.8,1189.9,26
2018-09-05,1194.9,1192.5,1196.0,1192.5,21
2018-09-06,1197.9,1202.0,1202.0,1197.9,7
2018-09-07,1193.6,1198.3,1198.3,1193.1,29
2018-09-10,1193.0,1193.0,1193.0,1193.0,11
2018-09-11,1195.4,1190.4,1196.3,1190.4,21
2018-09-12,1204.7,1205.0,1205.0,1204.7,37
2018-09-13,1202.0,1203.4,1203.4,1200.0,22
2018-09-14,1195.0,1195.0,1195.0,1195.0,1
2018-09-18,1196.8,1198.7,1198.7,1196.8,2
2018-09-25,1200.0,1202.1,1202.8,1200.0,21
2018-09-26,1194.0,1194.0,1194.0,1194.0,17857
2018-09-27,1182.3,1194.6,1197.3,1180.5,4947
2018-09-28,1191.5,1181.7,1191.9,1180.0,404
2018-10-01,1187.1,1191.6,1191.6,1185.8,180
2018-10-02,1202.4,1193.0,1206.0,1190.3,451
2018-10-03,1198.3,1202.6,1202.6,1196.6,76
2018-10-04,1197.2,1199.3,1204.6,1197.2,496
2018-10-05,1201.2,1197.1,1205.3,1196.9,34
2018-10-08,1184.4,1201.0,1201.0,1183.7,250
2018-10-09,1187.2,1185.6,1189.1,1185.6,9
2018-10-10,1189.3,1189.3,1192.0,1189.3,1078
2018-10-11,1223.5,1198.1,1224.6,1196.3,126
2018-10-12,1218.1,1221.6,1221.6,1216.0,122
2018-10-15,1226.4,1222.4,1232.3,1222.4,136
2018-10-16,1227.3,1227.1,1230.5,1227.1,426
2018-10-17,1223.7,1225.9,1225.9,1223.7,1
2018-10-18,1226.5,1226.5,1226.5,1226.5,165
2018-10-19,1225.3,1225.3,1225.3,1225.3,55
2018-10-22,1221.2,1224.5,1224.5,1219.6,18
2018-10-23,1233.4,1224.8,1237.8,1224.8,33
2018-10-24,1227.8,1231.6,1231.6,1227.8,36
2018-10-25,1229.1,1238.6,1238.6,1229.1,7
2018-10-26,1232.5,1234.3,1234.8,1232.5,20
2018-10-29,1224.5,1224.5,1224.5,1224.5,214
2018-10-30,1222.6,1227.7,1227.7,1219.8,72
2018-10-31,1212.3,1216.0,1216.6,1212.0,121
2018-11-01,1236.0,1215.4,1236.0,1215.4,14
2018-11-02,1230.9,1233.3,1233.3,1230.9,18
2018-11-05,1229.8,1230.6,1231.5,1226.7,15
2018-11-06,1223.8,1230.7,1233.8,1223.8,4
2018-11-07,1226.2,1228.6,1228.6,1226.2,1
2018-11-08,1222.9,1222.9,1222.9,1222.9,2
2018-11-09,1206.4,1207.9,1207.9,1206.4,14
2018-11-12,1201.3,1201.6,1201.6,1201.3,1
2018-11-13,1199.2,1196.3,1201.3,1196.3,5
2018-11-16,1220.8,1216.7,1223.8,1216.7,5
2018-11-20,1219.0,1225.3,1228.8,1219.0,12
2018-11-23,1221.0,1224.8,1224.8,1221.0,1
2018-11-26,1220.2,1220.2,1222.0,1220.2,2
2018-11-27,1211.2,1221.9,1222.0,1211.2,5
2018-11-28,1221.4,1211.5,1221.4,1211.5,247168
2018-11-29,1224.1,1221.0,1228.7,1220.5,55478
2018-11-30,1220.2,1224.1,1225.0,1216.1,2060
2018-12-03,1233.9,1222.5,1234.1,1221.3,751
2018-12-04,1241.1,1231.0,1241.4,1230.4,474
2018-12-06,1238.1,1237.5,1244.4,1234.8,434
2018-12-07,1246.8,1238.3,1249.8,1237.6,211
2018-12-10,1243.7,1249.6,1249.6,1241.7,131
2018-12-11,1241.9,1245.8,1248.7,1241.5,117
2018-12-12,1244.4,1245.3,1245.6,1244.1,84
2018-12-13,1242.7,1243.5,1243.5,1241.0,194
2018-12-14,1237.0,1241.7,1241.7,1234.1,33
2018-12-17,1247.4,1239.3,1247.4,1239.3,10
2018-12-18,1249.2,1248.2,1249.2,1245.6,31
2018-12-19,1252.1,1255.8,1255.8,1252.1,268
2018-12-20,1263.6,1243.2,1263.6,1243.2,49
2018-12-21,1253.8,1260.3,1261.3,1253.8,96
2018-12-24,1267.5,1260.3,1268.5,1260.3,27
2018-12-26,1269.2,1269.3,1277.4,1269.2,63
2018-12-27,1277.3,1276.7,1277.3,1276.7,480
2018-12-28,1279.9,1273.5,1280.1,1273.5,805
2018-12-31,1278.3,1278.0,1281.3,1277.6,19
2019-01-02,1281.0,1286.0,1286.0,1277.6,149
2019-01-03,1291.8,1286.8,1292.0,1286.7,10
2019-01-04,1282.7,1294.2,1294.2,1275.3,34
2019-01-07,1286.8,1286.8,1286.8,1286.6,2
2019-01-08,1283.2,1280.5,1283.2,1278.2,54
2019-01-09,1289.3,1279.4,1289.3,1279.2,102
2019-01-11,1287.1,1291.2,1291.2,1286.3,11
2019-01-14,1289.1,1292.4,1293.9,1289.1,7
2019-01-15,1286.2,1290.1,1292.7,1286.2,3
2019-01-16,1291.6,1291.6,1291.6,1291.6,2
2019-01-17,1291.0,1291.6,1292.7,1288.5,10
2019-01-18,1281.3,1281.3,1281.3,1281.3,3
2019-01-22,1282.5,1282.5,1283.3,1282.5,7
2019-01-23,1283.1,1281.7,1283.9,1278.7,14
2019-01-24,1279.1,1279.1,1279.1,1278.5,1
2019-01-28,1302.4,1300.8,1307.1,1298.4,54
2019-01-29,1308.2,1308.2,1308.2,1308.2,213607
2019-01-30,1309.9,1310.4,1323.4,1308.1,54958
2019-01-31,1319.7,1320.0,1325.4,1316.7,1970
2019-02-01,1316.9,1320.3,1320.7,1315.4,878
2019-02-04,1314.3,1318.1,1318.1,1308.3,675
2019-02-05,1314.2,1311.1,1315.1,1311.0,362
2019-02-06,1309.5,1312.5,1313.5,1305.0,358
2019-02-07,1309.4,1302.9,1310.4,1302.2,203
2019-02-08,1313.7,1309.5,1314.0,1307.8,122
2019-02-11,1307.0,1313.4,1313.4,1304.7,119
2019-02-12,1309.2,1310.0,1312.0,1307.6,109
2019-02-13,1310.8,1311.6,1316.0,1308.1,143
2019-02-14,1309.8,1305.0,1311.8,1301.6,858
2019-02-15,1318.1,1313.6,1318.8,1313.6,190
2019-02-19,1340.1,1320.9,1340.1,1320.5,390
2019-02-20,1343.3,1342.2,1344.0,1338.0,581
2019-02-21,1323.5,1331.3,1334.9,1320.9,414
2019-02-22,1329.2,1324.2,1331.3,1321.0,718
2019-02-25,1325.9,1329.2,1331.6,1325.6,185
2019-02-26,1325.1,1323.3,1325.5,1323.3,939
2019-02-27,1317.7,1327.7,1327.9,1316.5,604
2019-02-28,1312.8,1321.1,1323.7,1311.5,141
2019-03-01,1296.4,1312.2,1312.2,1288.9,110
2019-03-04,1284.8,1285.5,1287.0,1281.9,28
2019-03-05,1282.0,1287.0,1287.0,1282.0,114
2019-03-06,1284.9,1287.1,1287.1,1282.6,14
2019-03-07,1283.8,1281.0,1284.6,1281.0,11
2019-03-08,1297.0,1292.1,1297.4,1291.6,10
2019-03-11,1288.8,1291.0,1291.0,1288.8,9
2019-03-12,1296.3,1294.7,1296.3,1294.7,1
2019-03-14,1293.4,1293.4,1293.4,1293.4,1
2019-03-15,1301.8,1300.9,1304.7,1300.5,26
2019-03-18,1300.3,1297.3,1302.2,1297.3,8
2019-03-19,1305.0,1306.9,1306.9,1304.8,20
2019-03-20,1300.5,1300.7,1300.7,1300.5,2
2019-03-25,1321.9,1320.7,1322.9,1320.7,19
2019-03-26,1314.3,1315.6,1315.6,1314.3,1
2019-03-27,1309.9,1309.9,1309.9,1309.9,206263
2019-03-28,1289.8,1308.4,1311.1,1287.7,87798
2019-03-29,1293.0,1289.6,1298.5,1286.1,1265
2019-04-01,1288.4,1291.8,1295.9,1285.7,675
2019-04-02,1290.0,1286.3,1290.9,1284.5,525
2019-04-03,1289.9,1291.4,1293.1,1287.5,172
2019-04-04,1289.0,1290.6,1292.6,1279.5,269
2019-04-05,1290.4,1292.0,1292.0,1283.6,181
2019-04-08,1297.1,1292.2,1302.1,1291.8,63
2019-04-09,1303.5,1298.5,1304.9,1298.5,30
2019-04-10,1309.1,1304.0,1309.1,1301.5,66
2019-04-11,1288.6,1307.0,1307.1,1288.6,420
2019-04-12,1290.6,1293.4,1293.4,1289.2,607
2019-04-15,1286.8,1284.8,1287.3,1282.3,523
2019-04-16,1272.6,1285.2,1285.2,1272.2,643
2019-04-17,1272.2,1273.5,1273.5,1271.6,308
2019-04-18,1271.9,1270.8,1273.6,1270.1,27
2019-04-22,1273.5,1273.5,1273.5,1273.5,147
2019-04-23,1269.3,1266.4,1269.8,1266.0,206
2019-04-24,1275.5,1268.4,1275.5,1267.8,518
2019-04-25,1275.8,1280.6,1280.8,1275.8,95
2019-04-26,1284.9,1284.9,1284.9,1284.9,804
2019-04-29,1278.6,1284.8,1284.9,1277.1,568
2019-04-30,1282.8,1281.7,1283.3,1280.8,114
2019-05-01,1281.4,1278.7,1283.3,1278.7,70
2019-05-02,1269.7,1269.2,1270.8,1266.6,63
2019-05-03,1279.2,1270.1,1279.2,1270.1,15
2019-05-06,1281.7,1282.2,1282.2,1280.3,12
2019-05-07,1283.5,1280.5,1283.5,1280.5,8
2019-05-08,1279.4,1279.4,1279.4,1279.4,5
2019-05-09,1283.5,1278.9,1285.0,1278.8,38
2019-05-10,1285.7,1285.4,1286.5,1283.3,6
2019-05-13,1300.1,1286.7,1300.1,1281.8,56
2019-05-14,1294.7,1297.8,1297.8,1294.7,6
2019-05-15,1296.3,1296.9,1296.9,1296.0,55
2019-05-16,1285.0,1285.2,1285.4,1285.0,3
2019-05-17,1274.5,1280.0,1280.0,1274.5,1
2019-05-20,1276.1,1276.1,1276.1,1276.1,20
2019-05-24,1283.0,1283.0,1283.0,1283.0,9
2019-05-29,1280.6,1280.6,1280.6,1280.6,189694
2019-05-30,1287.1,1279.4,1288.3,1273.9,55573
2019-05-31,1305.8,1287.7,1306.4,1287.5,2814
2019-06-03,1322.7,1307.0,1327.8,1307.0,812
2019-06-04,1323.4,1324.3,1328.6,1320.8,302
2019-06-05,1328.3,1328.9,1343.3,1326.3,622
2019-06-06,1337.6,1330.8,1338.7,1326.2,161
2019-06-07,1341.2,1333.1,1347.7,1329.8,240
2019-06-10,1324.7,1335.8,1336.5,1324.1,268
2019-06-11,1326.4,1328.4,1328.4,1319.1,201
2019-06-12,1331.9,1326.9,1334.5,1326.9,139
2019-06-13,1339.2,1331.6,1341.1,1331.6,157
2019-06-14,1340.1,1345.4,1355.4,1339.3,914
2019-06-17,1338.7,1339.0,1340.3,1335.0,76
2019-06-18,1346.6,1349.3,1349.3,1341.6,29
2019-06-19,1344.6,1344.0,1344.6,1344.0,129
2019-06-20,1392.9,1381.5,1392.9,1379.5,76
2019-06-21,1396.2,1406.0,1406.0,1390.3,35
2019-06-24,1414.3,1406.0,1420.6,1402.1,125
2019-06-25,1414.9,1418.1,1433.3,1414.9,105
2019-06-26,1411.6,1407.2,1413.3,1405.8,1333
2019-06-27,1408.4,1407.0,1410.8,1399.8,437
2019-06-28,1409.7,1408.3,1422.0,1408.3,356
2019-07-01,1385.6,1386.6,1395.8,1382.8,214
2019-07-02,1404.6,1391.1,1418.4,1390.8,38
2019-07-03,1417.7,1431.0,1434.0,1413.1,46
2019-07-05,1396.7,1418.3,1418.3,1390.2,20
2019-07-08,1397.0,1395.9,1397.0,1393.6,14
2019-07-09,1397.5,1394.5,1397.5,1386.2,53
2019-07-10,1410.1,1409.9,1410.1,1409.9,50
2019-07-11,1404.3,1424.0,1424.0,1404.3,6
2019-07-12,1409.9,1405.6,1410.1,1405.6,8
2019-07-15,1411.4,1414.4,1415.0,1411.4,25
2019-07-16,1409.2,1413.6,1413.7,1405.0,13
2019-07-17,1421.3,1404.6,1421.3,1404.6,6
2019-07-18,1426.1,1422.3,1444.2,1419.5,66
2019-07-19,1425.1,1440.5,1442.0,1425.1,22
2019-07-22,1425.3,1425.3,1425.3,1424.0,1
2019-07-23,1420.1,1418.6,1421.3,1416.3,5
2019-07-24,1422.8,1422.8,1422.8,1422.8,20
2019-07-25,1413.9,1413.9,1413.9,1413.9,4
2019-07-26,1418.5,1422.8,1423.0,1418.5,5
2019-07-29,1419.6,1419.6,1419.6,1419.6,224267
2019-07-30,1429.7,1426.3,1433.9,1422.1,73874
2019-07-31,1426.1,1431.3,1435.8,1411.2,3294
2019-08-01,1420.9,1411.3,1445.2,1400.9,2431
2019-08-02,1445.6,1448.0,1448.0,1432.3,1873
2019-08-05,1464.6,1440.4,1469.7,1440.4,1008
2019-08-06,1472.4,1469.7,1475.0,1457.7,460
2019-08-07,1507.3,1473.5,1509.9,1473.2,824
2019-08-08,1497.7,1498.4,1508.5,1492.0,367
2019-08-09,1496.6,1506.2,1507.5,1495.6,74
2019-08-12,1505.3,1496.0,1514.9,1488.1,257
2019-08-13,1502.2,1510.4,1531.4,1483.7,672
2019-08-14,1515.9,1500.0,1520.5,1497.0,328
2019-08-15,1519.6,1519.8,1522.7,1510.6,87
2019-08-16,1512.5,1524.6,1524.6,1504.7,1815
2019-08-19,1500.4,1507.2,1507.6,1492.9,205
2019-08-20,1504.6,1497.5,1506.1,1497.5,486
2019-08-21,1504.6,1504.9,1505.0,1498.8,350
2019-08-22,1497.3,1495.1,1497.3,1493.8,686
2019-08-23,1526.6,1493.5,1527.6,1493.5,983
2019-08-26,1526.3,1543.2,1543.3,1524.3,334
2019-08-27,1541.0,1530.5,1542.1,1528.5,166
2019-08-28,1537.8,1538.1,1538.1,1537.8,2756
2019-08-29,1526.5,1537.5,1549.3,1519.6,704
2019-08-30,1519.1,1524.6,1530.4,1516.7,276
2019-09-03,1545.9,1522.9,1547.3,1521.0,139
2019-09-04,1550.3,1549.0,1553.2,1534.8,46
2019-09-05,1515.4,1551.0,1551.1,1511.1,125
2019-09-06,1506.2,1517.3,1526.0,1504.5,54
2019-09-09,1502.2,1509.0,1513.0,1498.0,69
2019-09-10,1490.3,1498.5,1498.5,1486.9,23
2019-09-11,1494.4,1491.7,1496.6,1490.2,8
2019-09-12,1498.7,1499.5,1515.4,1498.7,27
2019-09-13,1490.9,1490.9,1490.9,1486.9,1
2019-09-16,1503.1,1506.6,1506.8,1496.9,21
2019-09-17,1505.1,1497.9,1505.1,1497.9,3
2019-09-18,1507.5,1508.9,1509.4,1489.3,8
2019-09-19,1498.4,1496.1,1502.4,1496.1,10
2019-09-20,1507.3,1503.0,1507.3,1503.0,2
2019-09-23,1523.7,1515.5,1523.7,1515.5,5
2019-09-24,1532.1,1515.1,1533.0,1515.1,25
2019-09-25,1504.6,1527.6,1527.9,1504.6,25
2019-09-26,1507.5,1507.5,1507.5,1507.5,8178
2019-09-27,1499.1,1504.2,1506.1,1485.6,7827
2019-09-30,1465.7,1495.9,1495.9,1463.5,1078
2019-10-01,1482.0,1468.7,1485.5,1458.3,219
2019-10-02,1501.0,1476.6,1503.7,1474.1,205
2019-10-03,1507.1,1497.4,1518.2,1496.6,1213
2019-10-04,1506.2,1505.6,1508.7,1497.1,233
2019-10-07,1497.7,1504.8,1505.8,1489.1,121
2019-10-08,1497.2,1489.4,1506.3,1489.3,46
2019-10-09,1506.1,1507.7,1507.7,1498.4,120
2019-10-10,1494.8,1511.2,1511.2,1490.6,78
2019-10-11,1482.7,1491.9,1494.9,1476.9,57
2019-10-14,1491.7,1484.4,1493.5,1481.3,400
2019-10-15,1477.6,1488.9,1495.4,1476.6,367
2019-10-16,1488.0,1482.0,1488.0,1480.0,383
2019-10-17,1492.3,1486.2,1493.2,1485.8,271
2019-10-18,1488.2,1487.3,1489.1,1486.6,82
2019-10-21,1482.4,1489.9,1489.9,1481.5,72
2019-10-22,1481.7,1483.4,1483.5,1481.7,99
2019-10-23,1489.9,1486.4,1490.3,1486.4,67
2019-10-24,1498.9,1490.5,1501.2,1485.9,115
2019-10-25,1499.5,1501.4,1514.3,1499.0,93
2019-10-28,1490.0,1504.1,1504.1,1490.0,37
2019-10-29,1487.0,1485.9,1487.0,1485.9,425
2019-10-30,1493.2,1487.2,1495.4,1481.0,320
2019-10-31,1511.4,1496.1,1513.1,1496.1,210
2019-11-01,1508.0,1511.0,1511.6,1503.0,235
2019-11-04,1508.0,1511.6,1511.6,1508.0,101
2019-11-05,1480.8,1507.1,1507.1,1480.8,31
2019-11-06,1490.2,1483.2,1491.0,1483.2,567
2019-11-07,1464.2,1489.1,1489.1,1464.2,581
2019-11-08,1461.3,1469.1,1469.1,1461.3,21
2019-11-11,1455.5,1461.0,1461.0,1449.3,22
2019-11-12,1452.1,1454.9,1454.9,1447.1,6
2019-11-13,1461.7,1456.8,1463.3,1456.8,56
2019-11-14,1471.8,1463.8,1471.8,1463.7,83
2019-11-15,1467.3,1469.1,1469.1,1467.3,13
2019-11-18,1470.9,1472.0,1472.0,1469.7,141
2019-11-19,1473.3,1467.7,1474.3,1467.7,18
2019-11-20,1473.3,1472.6,1474.5,1467.3,31
2019-11-21,1463.1,1463.1,1463.1,1463.1,16
2019-11-22,1463.1,1468.6,1468.6,1463.1,19
2019-11-25,1456.6,1457.1,1457.1,1455.5,14
2019-11-26,1459.8,1459.8,1459.8,1459.8,346362
2019-11-27,1453.4,1461.1,1461.9,1452.0,88364
2019-11-29,1465.6,1453.6,1465.6,1452.1,7020
2019-12-02,1462.3,1462.8,1464.4,1453.3,2172
2019-12-03,1478.2,1461.6,1480.4,1459.5,1460
2019-12-04,1474.0,1477.5,1483.4,1471.2,613
2019-12-05,1476.9,1474.7,1478.0,1472.3,907
2019-12-06,1459.1,1475.0,1476.0,1458.2,899
2019-12-09,1459.3,1458.8,1464.2,1458.6,1461
2019-12-10,1462.6,1460.7,1467.2,1460.7,367
2019-12-11,1469.4,1463.1,1475.4,1463.1,393
2019-12-12,1466.7,1475.1,1483.9,1463.7,955
2019-12-13,1475.6,1463.1,1475.9,1463.1,468
2019-12-16,1475.0,1473.8,1475.3,1473.8,99
2019-12-17,1474.6,1474.1,1476.9,1474.0,410
2019-12-18,1472.6,1472.6,1472.6,1472.6,250
2019-12-19,1478.2,1475.9,1478.9,1473.3,319
2019-12-20,1474.7,1476.7,1478.1,1474.7,118
2019-12-23,1482.5,1482.3,1482.5,1479.9,391
2019-12-24,1499.1,1488.7,1499.1,1488.7,52
2019-12-26,1509.3,1505.2,1512.3,1505.0,126
2019-12-27,1513.8,1513.8,1513.8,1513.8,839
2019-12-30,1514.5,1512.6,1515.1,1510.0,446
2019-12-31,1519.5,1513.8,1523.4,1513.8,301
2020-01-02,1524.5,1518.1,1528.7,1518.0,214
2020-01-03,1549.2,1530.1,1552.7,1530.1,107
2020-01-06,1566.2,1580.0,1580.0,1560.4,416
2020-01-07,1571.8,1558.3,1576.3,1558.3,47
2020-01-08,1557.4,1579.7,1604.2,1552.3,236
2020-01-09,1551.7,1555.7,1555.7,1543.3,54
2020-01-10,1557.5,1551.2,1558.8,1545.4,16
2020-01-13,1548.4,1557.4,1558.0,1548.4,48
2020-01-14,1542.4,1546.7,1546.7,1534.9,32
2020-01-15,1552.1,1548.0,1553.9,1545.6,11
2020-01-16,1549.0,1555.7,1556.1,1548.5,98
2020-01-17,1558.8,1554.1,1558.8,1553.6,108
2020-01-21,1556.4,1559.3,1566.2,1551.0,45
2020-01-22,1555.3,1549.8,1557.1,1549.8,42
2020-01-23,1564.6,1553.1,1564.6,1552.2,15
2020-01-24,1571.1,1556.3,1571.1,1556.3,43
2020-01-27,1576.8,1584.3,1584.5,1576.8,22
2020-01-28,1569.2,1576.4,1576.4,1569.2,3
2020-01-29,1569.8,1569.8,1569.8,1569.8,251274
2020-01-30,1583.5,1576.8,1585.0,1571.4,62336
2020-01-31,1582.9,1573.4,1589.0,1570.0,1095
2020-02-03,1577.2,1592.9,1593.3,1568.2,1062
2020-02-04,1550.4,1577.7,1577.7,1547.8,978
2020-02-05,1557.8,1553.2,1560.7,1547.7,1305
2020-02-06,1565.1,1553.6,1565.6,1551.6,110
2020-02-07,1568.6,1564.9,1571.9,1560.5,431
2020-02-10,1574.7,1569.3,1574.7,1568.6,128
2020-02-11,1565.6,1570.9,1571.1,1561.9,440
2020-02-12,1567.4,1565.2,1568.7,1561.0,36
2020-02-13,1575.1,1570.2,1575.1,1570.2,74
2020-02-14,1582.7,1575.8,1582.7,1574.8,68
2020-02-18,1600.0,1579.8,1604.3,1579.8,310
2020-02-19,1607.5,1600.6,1610.5,1599.7,542
2020-02-20,1616.6,1606.5,1621.0,1603.0,117
2020-02-21,1644.6,1619.3,1645.0,1619.3,186
2020-02-24,1672.4,1657.0,1686.6,1650.0,435
2020-02-25,1646.9,1645.1,1653.7,1632.3,409
2020-02-26,1640.0,1644.0,1648.1,1636.4,1990
2020-02-27,1640.0,1641.1,1658.0,1638.5,707
2020-02-28,1564.1,1640.3,1642.5,1564.1,289
2020-03-02,1592.3,1583.9,1608.3,1574.3,537
2020-03-03,1642.1,1594.5,1645.3,1594.0,610
2020-03-04,1641.1,1645.4,1645.9,1631.3,83
2020-03-05,1666.4,1637.3,1672.9,1637.2,154
2020-03-06,1670.8,1670.8,1686.2,1647.2,175
2020-03-09,1674.5,1696.1,1701.6,1657.7,161
2020-03-10,1659.1,1671.6,1674.6,1643.0,48
2020-03-11,1641.4,1656.6,1666.5,1635.0,47
2020-03-12,1589.3,1637.0,1647.5,1566.4,256
2020-03-13,1515.7,1574.9,1589.8,1513.8,89
2020-03-16,1485.9,1569.1,1569.1,1452.1,193
2020-03-17,1524.9,1469.3,1537.7,1469.3,122
2020-03-18,1477.3,1537.5,1542.0,1477.3,333
2020-03-19,1478.6,1481.5,1491.6,1471.0,262
2020-03-20,1484.0,1483.5,1484.0,1483.5,14
2020-03-23,1567.0,1505.3,1567.0,1490.2,51
2020-03-24,1660.2,1592.7,1685.5,1592.7,442
2020-03-25,1632.3,1676.5,1676.5,1631.1,476
2020-03-26,1650.1,1660.5,1660.5,1650.1,3
2020-03-27,1623.9,1623.9,1623.9,1623.9,100638
2020-03-30,1622.0,1641.2,1652.8,1607.2,16389
2020-03-31,1583.4,1618.7,1621.0,1576.0,2874
2020-04-01,1578.2,1570.0,1600.0,1570.0,2158
2020-04-02,1625.7,1590.9,1631.2,1586.0,1294
2020-04-03,1633.7,1624.5,1636.0,1619.8,643
2020-04-06,1677.0,1629.1,1696.7,1625.9,1063
2020-04-07,1664.8,1695.7,1724.4,1658.0,1144
2020-04-08,1665.4,1669.7,1677.0,1662.5,747
2020-04-09,1736.2,1662.7,1736.2,1662.7,825
2020-04-13,1744.8,1722.0,1756.8,1710.7,696
2020-04-14,1756.7,1756.8,1775.0,1739.5,675
2020-04-15,1727.2,1739.4,1744.9,1722.7,642
2020-04-16,1720.4,1731.0,1750.6,1715.0,162
2020-04-17,1689.2,1715.7,1725.0,1684.9,223
2020-04-20,1701.6,1686.0,1701.6,1680.0,106
2020-04-21,1678.2,1697.0,1707.1,1659.9,666
2020-04-22,1728.7,1696.0,1728.7,1684.8,453
2020-04-23,1733.3,1734.0,1745.1,1733.3,482
2020-04-24,1723.5,1744.0,1744.0,1714.5,221
2020-04-27,1711.9,1731.9,1731.9,1711.9,169
2020-04-28,1710.5,1716.6,1716.6,1707.1,1255
2020-04-29,1703.4,1710.0,1713.5,1702.0,373
2020-04-30,1684.2,1719.3,1719.3,1680.8,327
2020-05-01,1694.5,1686.6,1701.5,1670.5,337
2020-05-04,1706.9,1702.6,1709.0,1699.6,320
2020-05-05,1704.4,1701.5,1704.4,1697.2,82
2020-05-06,1684.2,1704.0,1704.0,1684.2,469
2020-05-07,1721.8,1686.2,1721.8,1685.6,853
2020-05-08,1709.9,1726.2,1728.9,1703.8,330
2020-05-11,1695.3,1702.3,1704.5,1690.2,749
2020-05-12,1704.4,1699.3,1713.1,1699.3,324
2020-05-13,1713.9,1702.0,1721.3,1701.9,431
2020-05-14,1738.1,1724.3,1743.1,1720.5,672
2020-05-15,1753.4,1739.7,1753.4,1739.7,719
2020-05-18,1731.8,1755.7,1770.5,1731.8,229
2020-05-19,1744.2,1744.2,1749.5,1744.2,167
2020-05-20,1750.6,1751.6,1752.1,1745.6,16
2020-05-21,1720.5,1746.8,1746.8,1720.5,528
2020-05-22,1734.6,1726.6,1734.6,1726.6,6
2020-05-26,1704.8,1726.4,1726.4,1704.8,39
2020-05-27,1710.3,1685.6,1710.3,1685.6,137416
2020-05-28,1713.3,1709.3,1727.8,1705.0,23355
2020-05-29,1736.9,1718.8,1738.3,1715.1,1526
2020-06-01,1737.8,1740.4,1747.0,1727.1,871
2020-06-02,1725.2,1743.0,1745.5,1721.8,741
2020-06-03,1697.8,1726.3,1726.3,1684.5,2755
2020-06-04,1718.9,1694.5,1718.9,1694.5,807
2020-06-05,1676.2,1711.8,1711.8,1668.6,1502
2020-06-08,1698.3,1679.1,1699.4,1675.9,587
2020-06-09,1714.7,1694.6,1720.9,1692.0,690
2020-06-10,1713.3,1716.1,1740.8,1711.9,718
2020-06-11,1732.0,1737.2,1744.1,1720.0,347
2020-06-12,1729.3,1724.9,1743.0,1724.9,318
2020-06-15,1720.3,1730.0,1730.0,1703.3,188
2020-06-16,1729.6,1726.3,1729.6,1722.4,22
2020-06-17,1729.2,1714.7,1729.2,1714.7,51
2020-06-18,1724.8,1730.5,1734.1,1717.3,110
2020-06-19,1745.9,1723.7,1750.7,1723.5,1329
2020-06-22,1756.7,1755.2,1767.6,1750.5,1356
2020-06-23,1772.1,1755.4,1776.3,1754.2,666
2020-06-24,1765.8,1778.3,1783.1,1764.5,961
2020-06-25,1762.1,1761.7,1764.8,1759.8,207
2020-06-26,1772.5,1766.0,1772.5,1764.7,640
2020-06-29,1774.8,1779.8,1780.2,1774.3,584
2020-06-30,1793.0,1777.3,1793.2,1774.4,986
2020-07-01,1773.2,1793.6,1798.0,1765.8,331
2020-07-02,1784.0,1773.4,1784.0,1768.7,215
2020-07-06,1788.5,1788.2,1790.1,1788.2,172
2020-07-07,1804.2,1789.3,1804.2,1783.3,751
2020-07-08,1815.5,1801.5,1817.9,1801.5,209
2020-07-09,1799.2,1816.1,1819.8,1799.2,396
2020-07-10,1798.2,1805.5,1805.5,1797.7,236
2020-07-13,1811.0,1805.0,1811.0,1805.0,164
2020-07-14,1810.6,1791.0,1811.5,1791.0,339
2020-07-15,1811.4,1806.1,1813.5,1806.1,167
2020-07-16,1798.7,1810.9,1810.9,1794.3,146
2020-07-17,1808.3,1798.5,1810.1,1798.5,24
2020-07-20,1815.9,1807.0,1817.3,1807.0,89
2020-07-21,1842.4,1822.0,1842.4,1822.0,117
2020-07-22,1864.1,1858.1,1867.0,1854.7,213
2020-07-23,1889.1,1868.7,1890.3,1868.5,133
2020-07-24,1897.3,1884.3,1897.3,1884.3,474
2020-07-27,1931.0,1901.7,1938.0,1901.5,364
2020-07-28,1944.7,1931.5,1944.7,1928.6,825
2020-07-29,1953.5,1953.2,1953.5,1952.6,209835
2020-07-30,1942.3,1963.4,1965.1,1930.0,28853
2020-07-31,1962.8,1948.6,1981.1,1948.0,2914
2020-08-03,1966.0,1984.3,1984.3,1955.5,683
2020-08-04,2001.2,1971.0,2016.2,1968.8,2010
2020-08-05,2031.1,2024.0,2050.2,2011.0,1422
2020-08-06,2051.5,2045.5,2063.0,2040.0,294
2020-08-07,2010.1,2040.1,2055.0,2009.6,808
2020-08-10,2024.4,2026.4,2043.8,2017.5,233
2020-08-11,1932.6,2012.4,2016.0,1904.0,971
2020-08-12,1934.9,1923.0,1946.6,1871.6,404
2020-08-13,1956.7,1921.5,1957.4,1916.9,71
2020-08-14,1937.0,1938.7,1947.4,1937.0,201
2020-08-17,1985.0,1949.6,1985.0,1949.6,97
2020-08-18,1999.4,2001.1,2002.8,1972.1,92
2020-08-19,1958.7,1980.0,1980.0,1938.7,347
2020-08-20,1933.8,1941.2,1948.3,1922.3,106
2020-08-21,1934.6,1941.0,1945.0,1908.9,184
2020-08-24,1927.7,1930.2,1940.0,1922.2,85
2020-08-25,1911.8,1927.5,1928.5,1911.8,176
2020-08-26,1940.7,1909.7,1950.8,1909.7,287
2020-08-27,1921.6,1948.9,1972.5,1921.6,2303
2020-08-28,1964.6,1927.1,1971.3,1922.5,778
2020-08-31,1967.6,1970.0,1971.3,1953.3,158
2020-09-01,1968.2,1961.7,1986.3,1961.7,186
2020-09-02,1934.4,1967.3,1967.3,1934.4,71
2020-09-03,1927.6,1937.1,1938.8,1923.0,179
2020-09-04,1923.9,1927.9,1939.7,1917.7,607
2020-09-08,1933.0,1930.9,1937.9,1903.1,271
2020-09-09,1944.7,1926.9,1946.2,1924.6,219
2020-09-10,1954.2,1944.1,1962.7,1944.1,722
2020-09-11,1937.8,1944.0,1949.5,1937.8,73
2020-09-14,1953.1,1946.3,1953.1,1943.0,55
2020-09-15,1956.3,1955.8,1968.5,1955.8,74
2020-09-16,1960.2,1961.3,1961.4,1956.7,124
2020-09-17,1940.0,1939.0,1946.0,1933.7,67
2020-09-18,1952.1,1950.5,1952.1,1949.0,38
2020-09-21,1901.2,1946.2,1946.2,1883.4,52
2020-09-22,1898.6,1913.1,1913.1,1898.6,331
2020-09-23,1859.9,1875.5,1875.5,1859.9,5
2020-09-24,1868.3,1851.5,1868.3,1851.5,365
2020-09-25,1857.7,1856.3,1857.7,1856.3,4
2020-09-28,1872.8,1872.8,1872.8,1872.8,10455
2020-09-29,1894.3,1876.5,1895.4,1872.4,3283
2020-09-30,1887.5,1893.0,1899.7,1879.8,600
2020-10-01,1908.4,1884.1,1909.6,1882.5,730
2020-10-02,1900.2,1893.9,1913.0,1893.9,530
2020-10-05,1912.5,1898.9,1915.6,1884.7,1360
2020-10-06,1901.1,1906.6,1918.0,1874.4,968
2020-10-07,1883.6,1874.1,1889.8,1873.1,50
2020-10-08,1888.6,1893.0,1893.0,1882.7,348
2020-10-09,1919.5,1909.3,1929.1,1905.1,580
2020-10-12,1922.5,1924.0,1926.5,1921.6,96
2020-10-13,1888.5,1921.9,1922.2,1887.0,191
2020-10-14,1901.3,1889.7,1910.8,1882.5,33
2020-10-15,1903.2,1897.3,1906.3,1889.6,254
2020-10-16,1900.8,1898.5,1900.8,1898.5,53
2020-10-19,1906.4,1907.3,1907.8,1899.5,43
2020-10-20,1910.4,1901.3,1910.4,1896.1,329
2020-10-21,1924.6,1913.6,1927.3,1913.6,1202
2020-10-22,1901.1,1924.3,1924.3,1898.2,899
2020-10-23,1902.0,1899.9,1913.3,1896.2,287
2020-10-26,1902.7,1895.5,1907.0,1893.5,242
2020-10-27,1908.8,1904.6,1908.8,1904.4,176
2020-10-28,1876.2,1870.9,1876.2,1870.9,277
2020-10-29,1865.6,1876.1,1879.8,1858.8,240
2020-10-30,1877.4,1862.8,1886.6,1862.8,725
2020-11-02,1890.4,1872.9,1894.7,1872.9,190
2020-11-03,1908.5,1891.5,1908.5,1891.5,712
2020-11-04,1894.6,1893.8,1907.0,1885.3,782
2020-11-05,1945.3,1901.7,1948.0,1901.7,135
2020-11-06,1950.3,1940.8,1958.8,1940.8,304
2020-11-09,1853.2,1955.6,1963.2,1847.1,745
2020-11-10,1875.4,1879.3,1885.3,1871.2,276
2020-11-11,1860.7,1878.8,1878.8,1855.5,222
2020-11-12,1872.6,1869.0,1878.5,1866.6,220
2020-11-13,1885.7,1877.0,1890.1,1876.8,240
2020-11-16,1887.3,1874.6,1887.3,1871.0,6
2020-11-17,1884.5,1888.4,1888.4,1884.5,59
2020-11-18,1873.5,1873.5,1873.5,1873.5,152
2020-11-19,1861.1,1865.8,1865.8,1856.0,59
2020-11-20,1872.6,1871.2,1872.6,1871.2,1900
2020-11-23,1837.8,1834.8,1837.8,1829.2,843
2020-11-24,1804.8,1829.3,1829.3,1799.3,1041
2020-11-25,1805.7,1801.4,1805.7,1801.4,205754
2020-11-27,1781.9,1806.1,1817.0,1770.7,71804
2020-11-30,1775.7,1785.0,1787.2,1762.3,3145
2020-12-01,1814.1,1775.0,1815.9,1774.9,1859
2020-12-02,1825.7,1811.3,1830.0,1807.8,771
2020-12-03,1836.8,1829.2,1842.0,1825.3,1765
2020-12-04,1835.9,1840.7,1847.6,1828.2,1213
2020-12-07,1861.8,1836.5,1866.9,1820.8,1427
2020-12-08,1870.8,1863.0,1875.8,1861.8,121
2020-12-09,1834.6,1867.1,1867.1,1827.0,215
2020-12-10,1833.6,1833.2,1849.1,1828.0,177
2020-12-11,1839.8,1838.5,1846.0,1829.1,109
2020-12-14,1828.7,1835.5,1835.7,1822.7,258
2020-12-15,1852.3,1833.5,1853.6,1833.2,961
2020-12-16,1856.1,1856.5,1864.7,1850.5,1090
2020-12-17,1887.2,1874.2,1896.2,1874.2,414
2020-12-18,1885.7,1882.4,1889.5,1882.3,276
2020-12-21,1879.2,1884.8,1908.0,1869.1,136
2020-12-22,1866.6,1882.2,1882.2,1861.0,233
2020-12-23,1874.7,1867.0,1878.8,1864.5,82
2020-12-24,1879.9,1877.3,1879.9,1875.7,46
2020-12-28,1877.2,1895.5,1895.8,1873.7,75
2020-12-29,1879.7,1881.3,1881.3,1879.7,343
2020-12-30,1891.0,1879.9,1895.8,1877.3,444
2020-12-31,1893.1,1897.0,1901.3,1892.7,127
2021-01-04,1944.7,1912.2,1945.1,1912.2,154
2021-01-05,1952.7,1941.7,1952.7,1941.3,113
2021-01-06,1906.9,1952.0,1959.9,1901.5,331
2021-01-07,1912.3,1922.6,1926.7,1912.0,122
2021-01-08,1834.1,1908.0,1908.0,1834.1,60
2021-01-11,1849.6,1826.5,1849.6,1826.5,20
2021-01-12,1842.9,1849.0,1859.7,1839.4,176
2021-01-13,1853.6,1858.0,1858.6,1853.6,189
2021-01-14,1850.3,1836.7,1850.7,1836.7,149
2021-01-15,1829.3,1829.4,1829.4,1825.0,31
2021-01-19,1839.5,1802.0,1842.9,1802.0,13
2021-01-20,1865.9,1847.8,1866.6,1844.4,16
2021-01-21,1865.3,1865.3,1868.0,1865.3,6
2021-01-22,1855.7,1854.9,1855.7,1852.7,8
2021-01-25,1854.9,1864.7,1864.7,1851.8,26
2021-01-26,1850.7,1855.8,1855.8,1850.7,59
2021-01-27,1844.9,1844.9,1844.9,1844.9,195540
2021-01-28,1837.9,1843.4,1862.9,1831.5,27283
2021-01-29,1847.3,1842.0,1876.0,1838.7,1634
2021-02-01,1860.8,1866.6,1871.9,1850.0,1494
2021-02-02,1830.5,1859.6,1861.3,1827.6,1293
2021-02-03,1832.2,1834.8,1842.4,1829.8,1195
2021-02-04,1788.9,1832.2,1832.2,1782.8,2375
2021-02-05,1810.9,1794.3,1813.5,1790.9,1278
2021-02-08,1831.9,1816.3,1836.7,1809.0,254
2021-02-09,1835.3,1841.9,1843.3,1830.7,184
2021-02-10,1840.6,1842.6,1851.1,1837.0,543
2021-02-11,1824.9,1840.5,1845.0,1820.9,602
2021-02-12,1821.6,1825.0,1827.5,1809.2,259
2021-02-16,1797.2,1820.9,1823.4,1787.3,1141
2021-02-17,1771.1,1785.8,1789.7,1768.8,614
2021-02-18,1773.4,1776.1,1784.6,1766.0,587
2021-02-19,1775.8,1764.3,1787.6,1764.3,118
2021-02-22,1806.7,1784.0,1807.8,1784.0,165
2021-02-23,1804.4,1809.6,1811.3,1796.4,569
2021-02-24,1796.4,1805.8,1805.8,1796.4,1500
2021-02-25,1774.4,1801.5,1802.0,1766.7,1049
2021-02-26,1728.1,1768.1,1768.2,1718.8,1593
2021-03-01,1722.5,1737.1,1747.0,1720.3,407
2021-03-02,1733.1,1709.4,1733.1,1708.7,867
2021-03-03,1715.3,1730.0,1732.4,1703.5,501
2021-03-04,1700.2,1706.5,1717.4,1700.2,521
2021-03-05,1698.0,1690.6,1701.0,1685.0,302
2021-03-08,1677.7,1704.7,1705.4,1673.7,1290
2021-03-09,1716.6,1686.2,1717.5,1685.2,335
2021-03-10,1721.5,1713.6,1722.9,1711.0,412
2021-03-11,1722.3,1725.6,1737.5,1720.2,18
2021-03-12,1719.5,1715.9,1722.5,1699.0,80
2021-03-15,1728.9,1729.5,1731.9,1722.8,147
2021-03-16,1730.6,1732.3,1733.9,1726.0,729
2021-03-17,1726.8,1735.3,1750.1,1725.6,488
2021-03-18,1732.2,1745.8,1750.3,1721.8,138
2021-03-19,1741.4,1742.2,1742.2,1733.6,13
2021-03-22,1737.8,1737.8,1737.8,1737.8,51
2021-03-23,1724.7,1724.7,1724.7,1724.7,6
2021-03-24,1732.9,1727.5,1732.9,1727.5,26
2021-03-25,1724.9,1732.7,1733.2,1724.5,15
2021-03-26,1732.2,1721.3,1732.2,1721.3,33
2021-03-29,1712.1,1712.1,1712.1,1712.1,135457
2021-03-30,1683.9,1711.0,1712.6,1676.5,25316
2021-03-31,1713.8,1683.7,1713.8,1676.5,762
2021-04-01,1726.5,1706.8,1728.8,1706.4,720
2021-04-05,1727.0,1727.9,1729.7,1721.9,275
2021-04-06,1741.5,1726.9,1744.8,1726.9,890
2021-04-07,1740.1,1742.7,1742.7,1733.7,557
2021-04-08,1756.8,1736.0,1758.0,1734.6,1298
2021-04-09,1743.3,1750.8,1750.8,1733.3,484
2021-04-12,1731.2,1740.8,1740.8,1726.7,40
2021-04-13,1746.2,1733.8,1746.9,1722.1,367
2021-04-14,1734.9,1741.3,1745.9,1732.7,1037
2021-04-15,1765.4,1740.1,1767.9,1740.1,368
2021-04-16,1779.0,1770.4,1779.5,1770.1,625
2021-04-19,1769.4,1782.1,1788.5,1769.4,144
2021-04-20,1777.3,1769.3,1777.3,1765.5,1464
2021-04-21,1792.3,1783.0,1794.1,1777.7,250
2021-04-22,1781.2,1794.2,1794.2,1779.5,159
2021-04-23,1777.0,1786.1,1794.5,1772.0,332
2021-04-26,1779.2,1778.0,1779.7,1770.8,549
2021-04-27,1778.0,1780.0,1782.0,1777.7,117
2021-04-28,1773.2,1768.2,1774.0,1764.6,756
2021-04-29,1768.1,1781.0,1789.0,1758.6,196
2021-04-30,1767.3,1771.8,1771.8,1763.9,18
2021-05-03,1791.4,1788.5,1793.0,1788.5,18
2021-05-04,1775.8,1788.2,1788.5,1774.8,182
2021-05-05,1784.1,1781.5,1784.1,1779.2,57
2021-05-06,1815.5,1788.9,1815.5,1787.6,13
2021-05-07,1831.1,1842.9,1842.9,1831.1,2
2021-05-10,1837.5,1835.6,1845.6,1835.4,13
2021-05-11,1835.9,1837.2,1838.1,1831.6,420
2021-05-12,1822.6,1825.2,1825.2,1821.7,3
2021-05-13,1823.8,1814.7,1826.8,1814.1,100
2021-05-14,1837.9,1824.5,1842.9,1824.5,41
2021-05-17,1867.5,1849.9,1867.5,1847.2,13
2021-05-18,1867.8,1870.5,1870.5,1867.8,3
2021-05-19,1881.3,1866.4,1884.9,1863.6,348
2021-05-20,1881.8,1865.5,1885.0,1864.8,85
2021-05-21,1876.7,1872.1,1876.7,1872.1,5
2021-05-24,1884.6,1882.1,1884.6,1882.1,39
2021-05-25,1898.1,1882.5,1898.1,1882.5,56
2021-05-26,1901.3,1901.3,1901.3,1901.3,170526
2021-05-27,1895.7,1896.8,1903.9,1888.2,35794
2021-05-28,1902.5,1897.5,1905.4,1881.9,2415
2021-06-01,1902.9,1905.1,1916.2,1892.8,640
2021-06-02,1907.5,1899.2,1908.8,1896.0,1267
2021-06-03,1871.2,1908.8,1908.8,1865.0,1021
2021-06-04,1889.8,1869.3,1895.5,1854.0,367
2021-06-07,1896.8,1890.5,1899.7,1883.2,87
2021-06-08,1892.2,1896.5,1902.9,1890.0,930
2021-06-09,1893.2,1894.9,1897.7,1889.2,148
2021-06-10,1894.2,1887.7,1899.8,1871.5,186
2021-06-11,1877.4,1900.9,1902.3,1875.2,349
2021-06-14,1864.0,1866.2,1866.6,1846.5,41
2021-06-15,1854.5,1866.4,1867.2,1854.4,78
2021-06-16,1859.5,1859.4,1860.1,1809.2,117
2021-06-17,1773.8,1811.8,1823.3,1769.6,1135
2021-06-18,1767.9,1775.7,1792.4,1767.9,354
2021-06-21,1781.8,1768.8,1785.2,1766.8,38
2021-06-22,1776.3,1783.4,1786.9,1775.9,101
2021-06-23,1782.3,1780.7,1793.2,1780.6,136
2021-06-24,1775.6,1778.9,1786.4,1775.6,78
2021-06-25,1776.6,1777.7,1788.0,1775.2,35
2021-06-28,1779.6,1779.6,1779.6,1779.6,888
2021-06-29,1762.8,1776.8,1777.1,1752.1,419
2021-06-30,1770.8,1761.1,1770.8,1759.2,51
2021-07-01,1775.9,1775.7,1781.2,1768.8,44
2021-07-02,1782.6,1778.7,1787.9,1778.3,23
2021-07-06,1793.5,1786.7,1809.8,1786.7,332
2021-07-07,1801.5,1798.7,1808.4,1797.2,244
2021-07-08,1799.6,1797.0,1818.5,1797.0,148
2021-07-09,1810.0,1803.6,1810.1,1798.8,218
2021-07-12,1805.5,1802.6,1805.5,1799.5,147
2021-07-13,1809.4,1808.1,1812.0,1800.6,78
2021-07-14,1824.3,1813.1,1829.0,1813.1,707
2021-07-15,1828.4,1831.6,1833.0,1823.4,99
2021-07-16,1814.5,1830.1,1831.4,1814.5,78
2021-07-19,1808.7,1803.3,1813.4,1803.3,33
2021-07-20,1810.9,1812.9,1824.0,1810.9,128
2021-07-21,1802.9,1807.0,1807.0,1800.0,135
2021-07-22,1805.0,1793.6,1805.0,1793.6,2
2021-07-23,1801.4,1800.0,1801.4,1800.0,1
2021-07-26,1798.7,1802.5,1802.5,1797.2,17
2021-07-27,1799.5,1803.7,1803.7,1799.5,1
2021-07-28,1799.5,1799.5,1799.5,1799.5,209783
2021-07-29,1831.2,1806.6,1832.6,1806.1,30496
2021-07-30,1812.6,1828.0,1830.5,1808.9,3100
2021-08-02,1818.1,1812.4,1818.7,1804.8,1334
2021-08-03,1810.1,1812.3,1813.5,1806.0,3341
2021-08-04,1810.5,1809.3,1831.3,1806.3,2860
2021-08-05,1805.1,1810.8,1813.7,1796.0,588
2021-08-06,1760.0,1799.8,1800.1,1758.4,859
2021-08-09,1723.4,1753.5,1753.8,1692.6,1621
2021-08-10,1728.8,1728.6,1735.2,1720.1,1363
2021-08-11,1750.4,1727.3,1752.2,1727.3,542
2021-08-12,1749.0,1749.7,1752.4,1745.5,739
2021-08-13,1775.2,1758.3,1777.3,1757.4,436
2021-08-16,1786.9,1776.9,1787.8,1771.9,219
2021-08-17,1785.0,1787.7,1794.2,1780.0,200
2021-08-18,1781.6,1787.8,1791.5,1779.0,263
2021-08-19,1780.2,1780.0,1789.3,1775.5,245
2021-08-20,1781.0,1784.1,1787.5,1778.2,235
2021-08-23,1803.2,1776.8,1804.8,1776.8,32
2021-08-24,1805.6,1801.0,1805.6,1801.0,22
2021-08-25,1788.2,1792.0,1792.9,1784.0,812
2021-08-26,1792.2,1787.4,1792.2,1781.0,61
2021-08-27,1816.6,1803.4,1816.6,1803.1,1219
2021-08-30,1809.0,1818.2,1820.3,1807.8,684
2021-08-31,1815.0,1815.9,1815.9,1801.1,82
2021-09-01,1813.1,1813.5,1815.9,1809.5,114
2021-09-02,1808.7,1813.2,1813.9,1806.8,26
2021-09-03,1830.9,1820.9,1833.9,1818.9,53
2021-09-07,1795.9,1825.7,1825.7,1792.7,48
2021-09-08,1790.7,1781.7,1790.7,1781.7,69
2021-09-09,1797.4,1798.7,1798.7,1787.9,49
2021-09-13,1792.0,1789.8,1796.0,1784.0,533
2021-09-14,1804.7,1791.4,1806.2,1783.0,764
2021-09-15,1792.4,1803.7,1803.7,1792.4,59
2021-09-16,1754.6,1792.9,1792.9,1743.9,1645
2021-09-17,1749.4,1758.8,1763.0,1749.4,581
2021-09-20,1761.8,1751.8,1761.8,1750.9,185
2021-09-21,1776.0,1762.2,1776.0,1759.0,106
2021-09-22,1776.7,1776.7,1784.3,1767.0,17
2021-09-23,1747.7,1766.8,1766.8,1738.2,31
2021-09-24,1749.7,1749.7,1749.7,1745.0,76
2021-09-27,1750.0,1751.7,1754.4,1747.5,808
2021-09-28,1735.8,1739.6,1741.7,1726.8,15748
2021-09-29,1721.5,1732.4,1744.1,1721.4,6634
2021-09-30,1755.3,1725.5,1760.3,1724.5,997
2021-10-01,1757.0,1754.3,1762.6,1748.5,2220
2021-10-04,1766.2,1764.5,1768.9,1749.5,417
2021-10-05,1759.6,1764.3,1764.3,1749.0,98
2021-10-06,1760.5,1759.3,1762.9,1744.7,56
2021-10-07,1757.9,1762.4,1762.4,1752.8,336
2021-10-08,1756.3,1757.0,1780.0,1754.2,254
2021-10-11,1754.6,1756.6,1757.8,1752.2,128
2021-10-12,1758.3,1751.9,1768.0,1749.8,139
2021-10-13,1793.7,1760.8,1794.5,1760.8,150
2021-10-14,1796.7,1792.2,1799.9,1792.0,337
2021-10-15,1767.2,1794.5,1795.4,1766.6,874
2021-10-18,1764.8,1761.6,1770.1,1759.5,266
2021-10-19,1769.7,1777.6,1785.0,1767.5,51
2021-10-20,1784.1,1774.6,1785.6,1774.0,127
2021-10-21,1781.2,1782.0,1785.7,1781.0,146
2021-10-22,1795.5,1787.1,1806.9,1784.0,532
2021-10-25,1806.0,1794.3,1809.0,1794.0,140
2021-10-26,1792.7,1808.8,1808.8,1788.6,359
2021-10-27,1797.9,1791.5,1798.1,1791.5,543
2021-10-28,1801.6,1795.5,1807.3,1795.5,452
2021-10-29,1783.0,1793.1,1797.0,1774.6,583
2021-11-01,1795.1,1787.5,1795.1,1786.7,142
2021-11-02,1788.7,1790.5,1795.5,1787.7,213
2021-11-03,1763.6,1768.0,1768.0,1761.8,108
2021-11-04,1793.0,1776.6,1798.2,1776.2,103
2021-11-05,1816.4,1794.9,1817.1,1794.9,239
2021-11-08,1827.4,1817.0,1827.4,1816.9,261
2021-11-09,1830.2,1826.1,1832.7,1820.7,170
2021-11-10,1847.6,1825.8,1865.0,1824.9,795
2021-11-11,1863.2,1853.9,1866.5,1853.9,292
2021-11-12,1867.9,1860.8,1867.9,1847.6,210
2021-11-15,1866.1,1864.5,1866.9,1864.5,87
2021-11-16,1853.6,1853.6,1853.6,1853.6,1
2021-11-17,1869.7,1862.6,1869.7,1862.6,2
2021-11-18,1861.0,1861.0,1861.0,1861.0,9
2021-11-19,1851.2,1851.2,1851.2,1851.2,21
2021-11-22,1806.0,1841.6,1841.6,1805.7,14
2021-11-23,1783.5,1795.5,1795.5,1783.5,264
2021-11-24,1784.1,1793.0,1793.0,1781.4,188
2021-11-26,1785.3,1791.1,1791.4,1785.3,186800
2021-11-29,1782.3,1791.7,1798.9,1779.1,26926
2021-11-30,1773.6,1783.9,1808.1,1768.7,4903
2021-12-01,1781.6,1774.8,1790.5,1772.3,1128
2021-12-02,1760.7,1780.9,1780.9,1760.6,1557
2021-12-03,1782.0,1767.5,1785.1,1766.5,694
2021-12-06,1777.5,1780.2,1783.0,1777.2,381
2021-12-07,1782.6,1779.5,1786.1,1772.3,308
2021-12-08,1783.4,1789.9,1789.9,1779.0,1383
2021-12-09,1774.6,1783.5,1783.5,1771.8,455
2021-12-10,1782.9,1773.8,1785.4,1769.1,545
2021-12-13,1786.3,1784.4,1787.1,1783.8,206
2021-12-14,1770.4,1787.0,1787.0,1769.0,322
2021-12-15,1762.6,1767.4,1778.7,1753.9,283
2021-12-16,1796.6,1781.0,1798.1,1781.0,21
2021-12-17,1803.8,1804.0,1812.9,1803.8,654
2021-12-20,1793.7,1796.8,1799.8,1792.0,226
2021-12-21,1787.9,1791.4,1796.5,1787.9,575
2021-12-22,1801.6,1786.0,1805.2,1785.5,567
2021-12-23,1811.2,1806.0,1811.2,1800.8,193
2021-12-27,1808.1,1810.0,1812.1,1807.0,150
2021-12-28,1810.2,1812.0,1818.0,1805.5,146
2021-12-29,1805.1,1803.2,1805.1,1791.4,623
2021-12-30,1812.7,1801.7,1816.0,1796.0,306
2021-12-31,1827.5,1825.1,1827.8,1821.4,80
2022-01-03,1799.4,1830.1,1830.1,1798.8,116
2022-01-04,1814.0,1800.5,1815.3,1800.0,38
2022-01-05,1824.6,1813.1,1824.6,1813.1,8
2022-01-06,1788.7,1787.1,1791.3,1787.1,30
2022-01-07,1797.0,1791.8,1797.0,1784.4,17
2022-01-10,1798.4,1794.9,1798.7,1790.4,534
2022-01-11,1818.6,1803.9,1822.5,1803.0,743
2022-01-12,1827.2,1819.0,1827.2,1816.9,1547
2022-01-13,1821.2,1819.8,1823.0,1815.4,40
2022-01-14,1816.5,1821.5,1822.0,1816.5,816
2022-01-18,1812.3,1816.8,1820.1,1812.3,900
2022-01-19,1843.1,1817.4,1843.1,1817.4,4
2022-01-20,1842.5,1840.6,1843.0,1838.2,20
2022-01-21,1831.8,1838.0,1842.4,1828.9,19
2022-01-24,1841.7,1837.9,1842.1,1837.9,8
2022-01-25,1852.7,1843.0,1852.7,1842.0,11
2022-01-26,1829.9,1829.9,1829.9,1829.9,55
2022-01-27,1793.3,1793.3,1793.3,1793.3,196036
2022-01-28,1784.9,1797.5,1798.4,1778.8,28521
2022-01-31,1795.0,1788.5,1798.5,1785.1,1735
2022-02-01,1800.3,1797.2,1806.1,1797.1,223
2022-02-02,1809.2,1797.8,1810.1,1795.1,1690
2022-02-03,1803.0,1805.8,1808.1,1787.9,466
2022-02-04,1806.6,1806.0,1813.7,1792.5,571
2022-02-07,1820.6,1812.2,1821.3,1809.1,601
2022-02-08,1826.6,1818.9,1827.6,1815.0,108
2022-02-09,1835.2,1825.4,1835.2,1825.3,683
2022-02-10,1836.2,1833.3,1842.1,1820.8,365
2022-02-11,1840.8,1822.0,1864.8,1822.0,181
2022-02-14,1868.0,1861.8,1870.6,1854.6,79
2022-02-15,1854.8,1872.6,1879.7,1847.4,86
2022-02-16,1870.2,1858.7,1870.2,1856.3,34
2022-02-17,1900.7,1876.3,1900.7,1876.2,393
2022-02-18,1898.6,1899.4,1899.4,1890.7,51
2022-02-22,1906.1,1908.1,1912.0,1890.8,173
2022-02-23,1909.2,1896.6,1910.6,1895.7,73
2022-02-24,1925.1,1911.9,1972.5,1911.7,2706
2022-02-25,1886.5,1906.9,1920.0,1883.6,586
2022-02-28,1899.4,1928.3,1928.4,1894.2,390
2022-03-01,1942.4,1908.3,1942.4,1903.8,547
2022-03-02,1920.9,1945.6,1948.2,1919.8,109
2022-03-03,1934.4,1930.5,1940.3,1924.8,122
2022-03-04,1965.1,1937.0,1970.9,1935.6,47
2022-03-07,1993.9,1989.0,2001.1,1963.0,2516
2022-03-08,2040.1,1999.4,2072.0,1998.0,1813
2022-03-09,1985.9,2053.6,2063.0,1980.8,1022
2022-03-10,1998.1,1978.1,2010.5,1978.1,670
2022-03-11,1982.7,1985.0,1996.0,1959.9,865
2022-03-14,1959.6,1976.5,1977.7,1959.6,145
2022-03-15,1928.5,1939.8,1939.9,1910.7,71
2022-03-16,1908.0,1922.4,1922.4,1907.2,104
2022-03-17,1942.1,1933.9,1947.2,1933.9,39
2022-03-18,1928.2,1934.5,1939.3,1928.2,28
2022-03-21,1928.6,1925.4,1928.6,1925.0,5
2022-03-22,1920.7,1920.7,1920.7,1920.7,26
2022-03-23,1936.6,1936.6,1936.6,1936.6,204
2022-03-24,1961.6,1963.6,1964.0,1961.6,8
2022-03-25,1953.8,1953.8,1953.8,1953.8,83
2022-03-28,1939.6,1932.6,1939.6,1932.6,7
2022-03-29,1912.0,1893.5,1912.0,1893.5,128051
2022-03-30,1933.5,1918.4,1937.0,1914.5,17765
2022-03-31,1949.2,1933.5,1949.9,1919.1,3617
2022-04-01,1919.1,1935.0,1938.0,1917.0,1016
2022-04-04,1929.2,1921.2,1936.1,1915.6,371
2022-04-05,1922.9,1927.1,1943.5,1918.4,412
2022-04-06,1918.4,1916.7,1931.8,1916.7,138
2022-04-07,1933.8,1919.5,1934.8,1919.5,311
2022-04-08,1941.6,1928.8,1947.7,1928.8,153
2022-04-11,1944.3,1946.6,1968.4,1941.8,163
2022-04-12,1972.1,1952.5,1977.1,1950.6,246
2022-04-13,1981.0,1969.5,1981.0,1969.5,204
2022-04-14,1970.9,1977.2,1978.7,1963.0,101
2022-04-18,1982.9,1973.4,1997.1,1972.8,196
2022-04-19,1955.7,1973.8,1978.3,1945.7,130
2022-04-20,1952.3,1945.5,1953.6,1945.5,621
2022-04-21,1944.9,1942.5,1944.9,1942.5,4
2022-04-22,1931.0,1949.6,1950.4,1930.2,178
2022-04-25,1893.2,1925.0,1925.0,1889.3,748
2022-04-26,1901.4,1900.5,1909.1,1894.0,302
2022-04-27,1885.9,1897.8,1900.6,1882.2,1786
2022-04-28,1888.7,1883.8,1893.0,1872.9,513
2022-04-29,1909.3,1902.7,1918.2,1902.4,132
2022-05-02,1861.8,1896.7,1896.8,1853.0,385
2022-05-03,1868.8,1868.8,1868.8,1868.8,466
2022-05-04,1867.0,1867.0,1867.0,1867.0,1
2022-05-05,1874.0,1897.0,1904.3,1874.0,80
2022-05-06,1881.2,1874.7,1890.3,1871.5,214
2022-05-09,1857.1,1866.6,1867.5,1854.0,304
2022-05-10,1839.9,1839.9,1839.9,1839.9,1540
2022-05-11,1852.6,1841.5,1852.6,1841.0,892
2022-05-12,1823.8,1849.8,1851.9,1822.2,153
2022-05-13,1807.4,1825.0,1825.0,1807.4,335
2022-05-16,1813.5,1790.5,1813.5,1787.0,34
2022-05-17,1818.2,1824.9,1828.6,1816.7,121
2022-05-18,1815.9,1815.0,1819.7,1805.0,311
2022-05-19,1841.2,1810.9,1841.2,1810.7,138
2022-05-20,1841.8,1839.1,1841.8,1836.3,110
2022-05-23,1847.8,1846.3,1863.0,1845.8,216
2022-05-24,1865.1,1852.5,1867.0,1852.5,33
2022-05-26,1847.4,1840.4,1847.4,1840.4,123355
2022-05-27,1851.3,1848.3,1860.7,1845.9,30091
2022-05-31,1842.7,1850.3,1862.1,1832.8,4073
2022-06-01,1843.3,1831.0,1847.9,1825.3,1623
2022-06-02,1866.5,1845.4,1868.7,1842.1,551
2022-06-03,1845.4,1867.6,1871.8,1845.4,53
2022-06-06,1839.2,1849.0,1854.1,1839.2,142
2022-06-07,1847.5,1836.9,1851.6,1835.0,1168
2022-06-08,1851.9,1844.8,1855.0,1844.4,218
2022-06-09,1848.8,1846.1,1850.1,1837.9,159
2022-06-10,1871.5,1842.7,1875.6,1823.9,1490
2022-06-13,1828.0,1873.8,1873.8,1818.7,127
2022-06-14,1809.5,1825.0,1825.5,1805.3,536
2022-06-15,1815.3,1814.1,1839.0,1810.8,108
2022-06-16,1845.7,1819.2,1850.6,1814.9,136
2022-06-17,1835.6,1853.7,1853.7,1833.6,170
2022-06-21,1834.6,1835.3,1838.6,1830.1,216
2022-06-22,1834.3,1829.5,1842.7,1821.6,115
2022-06-23,1825.7,1835.5,1841.2,1825.7,9
2022-06-24,1826.5,1820.5,1826.5,1815.8,61
2022-06-27,1820.9,1830.5,1830.7,1819.9,77
2022-06-28,1817.5,1824.2,1826.0,1817.5,391
2022-06-29,1813.7,1818.3,1830.3,1812.8,173
2022-06-30,1804.1,1809.6,1817.3,1801.0,328
2022-07-01,1798.9,1795.5,1806.1,1791.6,77
2022-07-05,1761.8,1805.4,1805.4,1761.8,64
2022-07-06,1734.9,1762.5,1768.0,1734.0,1729
2022-07-07,1737.9,1745.2,1745.2,1737.0,1869
2022-07-08,1740.6,1738.1,1749.3,1732.1,370
2022-07-11,1730.0,1732.5,1736.7,1730.0,75
2022-07-12,1723.3,1734.2,1735.5,1723.3,451
2022-07-13,1734.2,1710.0,1734.2,1710.0,368
2022-07-14,1704.5,1710.3,1710.5,1704.5,1289
2022-07-15,1702.4,1705.4,1709.7,1701.1,721
2022-07-18,1709.2,1712.2,1712.4,1709.2,264
2022-07-19,1710.0,1712.3,1714.4,1706.1,1684
2022-07-20,1699.5,1707.1,1708.5,1699.5,130
2022-07-21,1712.7,1687.0,1715.5,1679.8,183
2022-07-22,1727.1,1713.3,1735.0,1713.0,61
2022-07-25,1719.0,1727.0,1732.0,1719.0,67
2022-07-26,1717.7,1718.0,1718.0,1717.7,1
2022-07-27,1719.1,1719.1,1719.1,1719.1,144865
2022-07-28,1750.3,1732.3,1755.0,1732.0,37236
2022-07-29,1762.9,1754.0,1765.7,1750.0,3485
2022-08-01,1769.0,1763.9,1772.5,1756.1,705
2022-08-02,1771.1,1772.1,1786.6,1759.4,1078
2022-08-03,1758.0,1756.7,1770.5,1753.0,399
2022-08-04,1788.5,1769.4,1792.1,1767.7,285
2022-08-05,1772.9,1791.2,1791.4,1764.2,645
2022-08-08,1786.8,1771.8,1786.8,1771.8,127
2022-08-09,1794.0,1790.0,1796.1,1789.0,249
2022-08-10,1795.6,1804.4,1804.9,1787.8,601
2022-08-11,1789.7,1794.3,1794.3,1785.7,1235
2022-08-12,1798.6,1786.3,1800.4,1784.3,187
2022-08-15,1781.4,1799.0,1799.0,1774.7,64
2022-08-16,1773.2,1777.4,1777.4,1771.4,308
2022-08-17,1760.3,1769.7,1769.7,1760.0,23
2022-08-18,1755.3,1762.9,1762.9,1753.4,321
2022-08-19,1747.6,1753.7,1754.3,1747.5,49
2022-08-22,1734.0,1740.5,1740.5,1726.5,347
2022-08-23,1746.8,1738.0,1748.9,1731.9,509
2022-08-24,1747.8,1745.0,1751.8,1743.6,187
2022-08-25,1757.7,1761.6,1761.8,1755.0,172
2022-08-26,1736.1,1754.0,1755.0,1736.1,202
2022-08-29,1736.6,1732.4,1741.2,1732.1,950
2022-08-30,1723.2,1736.4,1739.0,1720.7,385
2022-08-31,1712.8,1718.3,1720.9,1708.5,2133
2022-09-01,1696.6,1707.9,1707.9,1693.9,683
2022-09-02,1709.8,1703.4,1715.7,1703.1,182
2022-09-06,1700.4,1709.7,1717.4,1699.7,697
2022-09-07,1715.3,1694.8,1715.3,1694.7,651
2022-09-08,1708.0,1718.2,1718.2,1705.3,1193
2022-09-09,1716.2,1719.2,1720.0,1712.8,635
2022-09-12,1728.1,1727.4,1728.1,1727.4,68
2022-09-13,1705.0,1720.5,1720.5,1697.3,432
2022-09-14,1696.5,1698.7,1701.8,1696.5,532
2022-09-15,1665.4,1685.5,1686.0,1662.3,1125
2022-09-16,1671.7,1660.4,1674.9,1651.7,464
2022-09-19,1666.2,1661.8,1669.4,1658.5,580
2022-09-20,1659.7,1659.7,1659.7,1659.7,2830
2022-09-21,1664.6,1665.5,1680.1,1664.6,2337
2022-09-22,1670.8,1668.3,1670.8,1668.3,973
2022-09-23,1645.3,1667.0,1667.0,1645.3,1224
2022-09-26,1623.3,1623.3,1623.3,1623.3,1205
2022-09-27,1626.7,1632.2,1636.6,1626.7,888
2022-09-28,1660.4,1620.4,1660.4,1620.4,18311
2022-09-29,1658.5,1657.0,1662.6,1640.0,6028
2022-09-30,1662.4,1661.7,1672.7,1658.0,548
2022-10-03,1692.9,1667.2,1700.0,1661.9,410
2022-10-04,1721.1,1701.2,1728.0,1696.0,291
2022-10-05,1711.4,1724.1,1726.6,1703.0,418
2022-10-06,1711.7,1721.0,1723.3,1709.1,133
2022-10-07,1700.5,1710.1,1710.1,1693.7,179
2022-10-10,1667.3,1693.4,1693.4,1667.0,195
2022-10-11,1678.7,1661.8,1678.7,1661.0,167
2022-10-12,1670.3,1668.0,1672.7,1668.0,149
2022-10-13,1670.0,1675.2,1675.3,1641.5,729
2022-10-14,1641.7,1665.3,1667.0,1640.0,82
2022-10-17,1657.0,1650.2,1657.0,1646.8,238
2022-10-18,1649.0,1651.4,1655.2,1649.0,597
2022-10-19,1627.5,1637.5,1637.5,1627.5,84
2022-10-20,1630.8,1622.8,1641.4,1622.8,477
2022-10-21,1651.0,1634.1,1653.9,1634.1,224
2022-10-24,1648.7,1662.7,1662.7,1648.7,29
2022-10-25,1652.8,1648.2,1652.8,1637.3,880
2022-10-26,1664.0,1649.8,1667.0,1649.8,89
2022-10-27,1660.7,1660.7,1660.7,1660.7,2298
2022-10-28,1639.6,1661.0,1661.0,1638.7,626
2022-10-31,1635.9,1641.8,1641.8,1633.4,522
2022-11-01,1645.0,1630.8,1653.7,1630.8,985
2022-11-02,1645.7,1650.8,1664.7,1634.0,612
2022-11-03,1627.3,1629.2,1629.2,1615.1,1427
2022-11-04,1672.5,1630.2,1674.5,1629.0,159
2022-11-07,1676.5,1676.9,1677.9,1672.9,42
2022-11-08,1712.1,1703.2,1712.1,1703.2,23
2022-11-09,1710.1,1707.4,1720.2,1706.0,497
2022-11-10,1750.3,1708.2,1750.3,1708.2,325
2022-11-11,1766.0,1763.8,1766.0,1757.6,257
2022-11-14,1773.6,1762.0,1773.6,1761.6,358
2022-11-15,1773.8,1770.8,1773.8,1769.9,57
2022-11-16,1773.0,1776.6,1778.9,1773.0,303
2022-11-17,1760.8,1763.0,1763.0,1756.0,18
2022-11-18,1751.9,1763.3,1763.3,1747.6,414
2022-11-21,1737.4,1739.0,1744.9,1736.1,544
2022-11-22,1738.3,1741.7,1741.7,1738.3,15
2022-11-23,1744.9,1736.5,1750.9,1736.5,39
2022-11-25,1753.3,1753.0,1757.9,1749.2,216
2022-11-28,1740.1,1741.3,1741.3,1740.1,132767
2022-11-29,1748.4,1739.5,1758.2,1737.9,19416
2022-11-30,1746.0,1748.1,1769.4,1745.1,3339
2022-12-01,1801.1,1768.7,1803.7,1768.7,1053
2022-12-02,1795.9,1802.0,1802.3,1779.4,1725
2022-12-05,1767.4,1795.7,1808.0,1764.3,1713
2022-12-06,1769.3,1768.6,1779.4,1767.9,105
2022-12-07,1785.5,1769.3,1790.3,1769.3,422
2022-12-08,1788.7,1782.0,1790.9,1782.0,713
2022-12-09,1798.1,1794.9,1804.3,1791.1,125
2022-12-12,1780.5,1787.3,1793.9,1777.7,85
2022-12-13,1813.9,1780.7,1819.8,1780.5,205
2022-12-14,1807.5,1810.8,1812.8,1797.9,1074
2022-12-15,1777.2,1801.0,1801.0,1774.8,421
2022-12-16,1790.0,1777.9,1791.4,1777.9,206
2022-12-19,1787.7,1791.6,1796.3,1785.6,79
2022-12-20,1815.9,1786.5,1821.4,1786.5,51
2022-12-21,1815.9,1817.4,1821.4,1814.4,35
2022-12-22,1787.0,1818.1,1818.1,1785.0,411
2022-12-23,1795.9,1794.3,1802.8,1794.1,49
2022-12-27,1814.8,1803.4,1826.3,1803.4,69
2022-12-28,1807.9,1803.2,1807.9,1803.1,434
2022-12-29,1819.5,1805.8,1819.5,1805.8,277
2022-12-30,1819.7,1817.0,1822.3,1816.8,95
2023-01-03,1839.7,1836.2,1839.7,1836.2,29
2023-01-04,1852.8,1845.6,1859.1,1845.6,25
2023-01-05,1834.8,1855.2,1855.2,1834.8,24
2023-01-06,1864.2,1838.4,1868.2,1835.3,26
2023-01-09,1872.7,1867.0,1880.0,1867.0,62
2023-01-10,1871.6,1877.8,1878.1,1871.6,101
2023-01-11,1874.6,1873.1,1877.8,1873.1,1236
2023-01-12,1895.5,1877.2,1897.4,1877.2,59
2023-01-13,1918.4,1899.0,1920.9,1898.3,512
2023-01-17,1907.2,1920.1,1920.1,1905.2,706
2023-01-18,1904.4,1911.1,1911.1,1903.1,1027
2023-01-19,1922.1,1922.1,1931.8,1922.1,371
2023-01-20,1926.4,1922.1,1928.5,1921.4,1346
2023-01-23,1927.1,1926.5,1927.1,1915.0,218
2023-01-24,1933.9,1931.8,1936.8,1931.8,201
2023-01-25,1941.2,1941.2,1941.2,1939.8,7
2023-01-26,1929.1,1936.6,1937.1,1927.1,131
2023-01-27,1928.6,1928.6,1928.6,1928.6,150902
2023-01-30,1922.9,1928.3,1933.6,1920.3,27220
2023-01-31,1929.5,1923.0,1930.4,1900.6,1910
2023-02-01,1927.8,1927.2,1955.0,1922.0,2290
2023-02-02,1916.3,1952.3,1959.1,1911.3,748
2023-02-03,1862.9,1912.4,1917.0,1861.5,992
2023-02-06,1866.2,1865.6,1880.0,1863.4,424
2023-02-07,1871.7,1870.0,1875.7,1868.0,297
2023-02-08,1877.4,1872.1,1880.4,1872.1,230
2023-02-09,1866.2,1875.3,1884.6,1859.8,223
2023-02-10,1862.8,1861.6,1863.5,1852.4,27
2023-02-13,1851.9,1859.0,1861.0,1850.0,569
2023-02-14,1854.0,1854.1,1862.0,1846.2,656
2023-02-15,1834.2,1842.0,1842.0,1828.2,368
2023-02-16,1842.0,1838.6,1843.7,1827.2,222
2023-02-17,1840.4,1827.4,1842.2,1818.4,35
2023-02-21,1833.0,1842.6,1843.0,1833.0,862
2023-02-22,1832.0,1835.7,1836.2,1825.1,278
2023-02-23,1818.0,1826.4,1827.5,1818.0,291
2023-02-24,1808.8,1808.8,1808.8,1808.8,404
2023-02-27,1817.0,1811.6,1817.5,1808.9,829
2023-02-28,1828.9,1808.1,1830.0,1808.1,618
2023-03-01,1837.7,1827.1,1841.7,1827.1,211
2023-03-02,1833.5,1830.0,1836.3,1830.0,154
2023-03-03,1847.7,1837.3,1855.4,1837.3,61
2023-03-06,1847.9,1853.3,1853.8,1844.2,5
2023-03-07,1813.9,1840.9,1840.9,1813.9,450
2023-03-08,1812.7,1811.6,1812.9,1811.5,75
2023-03-09,1829.3,1816.4,1829.3,1815.6,332
2023-03-10,1862.0,1852.3,1868.5,1852.0,248
2023-03-13,1911.7,1890.8,1913.1,1875.1,503
2023-03-14,1906.2,1912.2,1912.2,1901.1,107
2023-03-15,1926.6,1903.9,1926.6,1898.5,564
2023-03-16,1919.0,1909.9,1931.7,1909.9,394
2023-03-17,1969.8,1946.0,1985.1,1946.0,82
2023-03-20,1979.2,1988.3,2003.9,1968.9,389
2023-03-21,1938.0,1973.8,1973.8,1938.0,47
2023-03-22,1946.8,1946.8,1974.0,1946.8,50
2023-03-23,1993.8,1990.5,1994.6,1990.5,33
2023-03-24,1982.1,1991.7,1995.4,1982.1,19
2023-03-27,1952.4,1957.2,1957.2,1952.4,877
2023-03-28,1972.4,1972.4,1972.4,1972.4,21
2023-03-29,1966.1,1966.1,1966.1,1966.1,88563
2023-03-30,1980.3,1965.9,1984.4,1954.9,10119
2023-03-31,1969.0,1981.3,1986.8,1968.0,957
2023-04-03,1983.9,1968.1,1991.7,1950.0,737
2023-04-04,2022.2,1984.6,2027.1,1979.0,811
2023-04-05,2020.9,2022.1,2033.8,2013.6,525
2023-04-10,1989.1,2000.0,2006.6,1984.0,652
2023-04-11,2004.8,1991.4,2006.5,1991.4,68
2023-04-12,2010.9,2005.2,2025.7,2005.2,172
2023-04-13,2041.3,2015.6,2048.6,2015.6,1043
2023-04-14,2002.2,2041.0,2047.8,1995.0,718
2023-04-17,1994.2,2002.7,2007.6,1983.2,554
2023-04-18,2007.4,1996.9,2007.4,1996.9,72
2023-04-19,1995.2,2005.7,2006.4,1969.8,61
2023-04-20,2007.6,1998.0,2007.6,1998.0,164
2023-04-21,1979.5,1996.2,1996.2,1974.1,132
2023-04-24,1989.1,1981.3,1989.8,1977.4,145
2023-04-25,1994.0,1995.7,1999.1,1982.3,306
2023-04-26,1985.7,1997.8,1998.8,1985.6,615
2023-04-27,1989.9,1990.6,2002.3,1979.9,355
2023-04-28,1990.1,1986.9,1990.1,1977.7,152
2023-05-01,1983.4,1980.1,2005.0,1976.9,210
2023-05-02,2014.3,1994.7,2018.0,1994.7,1896
2023-05-03,2028.6,2017.1,2035.1,2015.2,1349
2023-05-04,2048.0,2045.0,2072.0,2040.0,930
2023-05-05,2017.4,2046.4,2046.4,2004.3,59
2023-05-08,2026.3,2022.5,2026.3,2022.5,3
2023-05-09,2036.2,2026.6,2037.3,2025.9,241
2023-05-10,2030.5,2032.3,2044.3,2029.5,248
2023-05-11,2014.7,2034.1,2038.3,2014.0,90
2023-05-12,2014.5,2014.5,2014.5,2014.5,115
2023-05-15,2018.0,2013.8,2018.0,2013.8,3
2023-05-16,1988.4,1988.4,1988.4,1988.4,49
2023-05-17,1980.7,1983.6,1983.6,1980.7,13
2023-05-18,1956.5,1956.5,1956.8,1956.5,23
2023-05-19,1978.7,1960.0,1978.7,1960.0,106
2023-05-22,1974.8,1980.5,1980.5,1974.8,8
2023-05-23,1972.4,1972.4,1972.4,1972.4,1
2023-05-24,1962.8,1975.4,1975.4,1962.8,189
2023-05-25,1943.1,1943.1,1943.1,1943.1,1
2023-05-26,1944.1,1948.2,1948.4,1944.1,166036
2023-05-30,1958.0,1942.7,1962.6,1931.0,37838
2023-05-31,1963.9,1958.2,1973.0,1953.0,5959
2023-06-01,1978.0,1963.2,1983.0,1954.3,750
2023-06-02,1952.4,1977.1,1982.5,1947.4,356
2023-06-05,1958.0,1947.5,1961.9,1937.8,713
2023-06-06,1965.5,1960.8,1965.5,1958.8,164
2023-06-07,1942.7,1959.0,1968.4,1940.7,139
2023-06-08,1963.6,1943.2,1969.0,1943.1,433
2023-06-09,1962.2,1965.1,1969.8,1960.3,49
2023-06-12,1955.3,1959.7,1963.5,1951.4,212
2023-06-13,1944.6,1960.6,1967.5,1940.3,343
2023-06-14,1955.3,1946.2,1958.2,1940.3,202
2023-06-15,1957.8,1941.7,1958.8,1926.0,329
2023-06-16,1958.4,1961.4,1962.9,1953.5,119
2023-06-20,1935.5,1958.6,1958.6,1931.3,193
2023-06-21,1933.3,1935.6,1936.8,1920.0,557
2023-06-22,1912.7,1920.0,1921.0,1912.1,237
2023-06-23,1919.1,1918.7,1932.5,1918.7,105
2023-06-26,1923.7,1922.9,1928.5,1922.5,71
2023-06-27,1914.0,1927.0,1929.4,1914.0,49
2023-06-28,1912.3,1912.3,1912.3,1912.3,628
2023-06-29,1909.2,1909.9,1909.9,1892.5,289
2023-06-30,1921.1,1908.6,1921.1,1900.6,445
2023-07-03,1921.7,1917.9,1929.5,1917.9,41
2023-07-05,1919.6,1923.5,1933.9,1914.7,193
2023-07-06,1908.7,1909.3,1910.2,1903.2,81
2023-07-07,1926.2,1913.4,1934.1,1913.4,61
2023-07-10,1925.0,1923.6,1926.1,1912.3,269
2023-07-11,1931.3,1925.0,1937.0,1924.2,142
2023-07-12,1956.2,1932.3,1958.0,1932.2,132
2023-07-13,1959.2,1961.1,1961.1,1953.0,121
2023-07-14,1960.1,1958.4,1960.6,1952.7,94
2023-07-17,1952.4,1954.0,1956.5,1946.6,29
2023-07-18,1977.2,1968.8,1978.4,1963.4,83
2023-07-19,1977.5,1977.0,1977.5,1973.0,35
2023-07-20,1968.3,1973.7,1973.7,1965.6,638
2023-07-21,1964.3,1961.8,1964.3,1961.8,50
2023-07-24,1960.3,1965.3,1965.5,1960.3,2
2023-07-25,1962.1,1953.0,1962.5,1953.0,19
2023-07-26,1968.9,1966.2,1972.0,1966.2,51
2023-07-27,1945.4,1945.4,1945.4,1945.4,194253
2023-07-28,1960.4,1945.5,1962.2,1944.2,23155
2023-07-31,1970.5,1959.2,1971.6,1950.0,1025
2023-08-01,1940.7,1964.9,1965.4,1940.7,688
2023-08-02,1937.4,1948.4,1953.6,1933.2,652
2023-08-03,1932.0,1934.2,1936.5,1928.0,773
2023-08-04,1939.6,1934.9,1945.0,1920.0,290
2023-08-07,1933.5,1941.0,1941.0,1929.8,376
2023-08-08,1924.1,1931.7,1933.2,1923.0,555
2023-08-09,1915.4,1925.4,1928.8,1913.7,451
2023-08-10,1914.4,1921.1,1927.8,1911.4,178
2023-08-11,1912.9,1913.0,1916.6,1911.8,57
2023-08-14,1910.6,1909.3,1912.6,1903.3,46
2023-08-15,1902.5,1906.0,1907.7,1895.0,73
2023-08-16,1896.1,1904.5,1904.5,1890.3,22
2023-08-17,1884.1,1893.7,1902.4,1884.0,245
2023-08-18,1886.1,1891.8,1891.8,1886.1,19
2023-08-21,1893.3,1893.6,1893.6,1893.3,876
2023-08-22,1896.4,1894.6,1896.8,1892.8,46
2023-08-23,1918.5,1909.6,1918.5,1909.6,547
2023-08-24,1918.2,1920.0,1920.8,1918.2,337
2023-08-25,1911.1,1919.8,1919.8,1911.1,195
2023-08-28,1917.9,1915.5,1921.5,1915.5,99
2023-08-29,1936.5,1917.9,1936.5,1916.9,1674
2023-08-30,1944.3,1936.0,1946.4,1934.6,396
2023-08-31,1938.2,1944.4,1944.4,1938.2,491
2023-09-01,1939.8,1950.0,1950.0,1936.6,167
2023-09-05,1926.2,1934.4,1934.4,1924.7,113
2023-09-06,1918.1,1924.1,1925.3,1916.3,24
2023-09-07,1917.5,1917.6,1921.5,1917.5,41
2023-09-08,1918.4,1924.0,1924.7,1918.4,105
2023-09-11,1923.3,1923.0,1928.3,1921.8,50
2023-09-12,1911.3,1920.8,1920.8,1911.3,365
2023-09-13,1909.1,1910.3,1914.6,1908.9,15
2023-09-14,1910.0,1903.0,1910.0,1903.0,169
2023-09-15,1923.7,1923.5,1927.3,1923.5,8
2023-09-18,1931.5,1928.2,1931.5,1926.4,19
2023-09-19,1932.0,1934.0,1934.0,1932.0,6
2023-09-20,1945.6,1945.6,1945.6,1929.2,119
2023-09-21,1919.2,1924.0,1924.0,1919.2,9
2023-09-22,1925.4,1925.4,1925.4,1925.4,1
2023-09-25,1916.6,1916.6,1916.6,1916.6,114
2023-09-26,1900.4,1905.0,1905.1,1900.4,161
2023-09-27,1871.6,1871.6,1871.6,1871.6,12251
2023-09-28,1860.4,1875.5,1878.2,1856.7,4654
2023-09-29,1848.1,1864.3,1872.3,1846.0,1605
2023-10-02,1830.0,1844.1,1845.9,1826.7,2309
2023-10-03,1824.6,1825.0,1830.9,1816.8,310
2023-10-04,1818.5,1821.8,1828.2,1816.4,357
2023-10-05,1816.6,1826.3,1826.3,1815.6,393
2023-10-06,1830.2,1819.0,1831.8,1809.4,390
2023-10-09,1849.5,1842.5,1861.5,1842.5,232
2023-10-10,1861.0,1857.0,1861.4,1852.8,236
2023-10-11,1872.8,1869.5,1874.6,1869.1,65
2023-10-12,1869.3,1874.7,1881.2,1867.0,46
2023-10-13,1927.4,1877.5,1930.1,1877.5,43
2023-10-16,1921.1,1910.4,1921.1,1910.3,53
2023-10-17,1922.7,1914.3,1925.8,1914.3,103
2023-10-18,1955.3,1935.0,1957.9,1935.0,67
2023-10-19,1968.4,1950.1,1977.7,1945.7,1945
2023-10-20,1982.5,1981.1,1988.6,1980.4,557
2023-10-23,1976.3,1976.2,1978.9,1972.9,127
2023-10-24,1975.0,1970.3,1975.0,1970.3,10
2023-10-25,1984.1,1971.2,1985.3,1971.2,97
2023-10-26,1987.2,1988.2,1988.2,1980.4,521
2023-10-27,1988.6,1988.6,1988.6,1988.6,372
2023-10-30,1996.2,2004.1,2004.1,1992.5,157
2023-10-31,1985.2,1996.5,2001.0,1983.7,84
2023-11-01,1978.8,1990.5,1990.5,1977.8,41
2023-11-02,1985.6,1989.1,1990.3,1979.5,39
2023-11-03,1991.5,1989.0,1991.5,1989.0,12
2023-11-06,1981.6,1981.6,1981.6,1977.4,130
2023-11-07,1966.8,1966.5,1966.8,1960.7,20
2023-11-08,1951.5,1967.8,1967.8,1947.7,43
2023-11-09,1964.2,1951.7,1964.2,1945.3,10
2023-11-10,1932.6,1959.6,1959.6,1932.6,375
2023-11-13,1945.5,1939.9,1947.2,1934.0,191
2023-11-14,1961.8,1965.8,1965.8,1961.8,2
2023-11-15,1960.1,1962.8,1962.8,1960.0,6
2023-11-16,1983.9,1965.3,1983.9,1964.6,39
2023-11-17,1981.6,1982.5,1984.0,1979.8,32
2023-11-20,1977.7,1978.7,1979.4,1969.7,182
2023-11-21,1999.3,1990.7,2005.5,1988.5,16
2023-11-22,1991.4,1999.1,1999.4,1991.0,6075
2023-11-24,2002.2,1991.9,2002.2,1991.5,63
2023-11-27,2011.8,2011.7,2011.8,2011.7,228
2023-11-28,2039.7,2040.6,2042.7,2039.7,174665
2023-11-29,2047.1,2041.7,2052.1,2036.0,15290
2023-11-30,2038.1,2046.1,2047.1,2033.1,2506
2023-12-01,2071.0,2038.3,2073.2,2036.0,614
2023-12-04,2024.1,2075.3,2130.2,2021.0,1071
2023-12-05,2018.5,2035.1,2037.0,2010.2,289
2023-12-06,2030.5,2019.9,2035.8,2019.0,417
2023-12-07,2029.9,2029.2,2034.9,2024.0,67
2023-12-08,1998.3,2031.7,2033.1,1995.0,449
2023-12-11,1978.0,2004.1,2004.2,1977.2,651
2023-12-12,1977.8,1984.2,1994.2,1977.8,95
2023-12-13,1982.3,1978.5,2024.8,1975.0,2252
2023-12-14,2030.2,2024.7,2040.1,2024.3,236
2023-12-15,2021.1,2032.6,2043.4,2018.3,261
2023-12-18,2026.3,2024.3,2032.8,2024.0,100
2023-12-19,2038.4,2025.2,2042.7,2025.2,498
2023-12-20,2034.5,2037.1,2037.1,2030.3,258
2023-12-21,2039.1,2035.8,2044.5,2033.0,228
2023-12-22,2057.1,2055.7,2068.7,2052.2,202
2023-12-26,2058.2,2060.0,2060.8,2054.2,64
2023-12-27,2081.9,2067.3,2081.9,2064.8,586
2023-12-28,2073.9,2081.6,2087.3,2066.5,338
2023-12-29,2062.4,2068.0,2068.9,2062.1,47
2024-01-02,2064.4,2063.5,2073.7,2057.1,61
2024-01-03,2034.2,2034.2,2044.0,2034.2,54
2024-01-04,2042.3,2041.6,2044.5,2038.0,88
2024-01-05,2042.4,2044.5,2048.1,2042.4,12
2024-01-08,2026.6,2019.1,2033.7,2019.1,10
2024-01-09,2026.4,2035.8,2035.8,2026.4,27
2024-01-10,2021.7,2029.0,2035.6,2021.7,538
2024-01-11,2014.3,2025.1,2025.1,2014.3,97
2024-01-12,2046.7,2031.1,2057.0,2031.1,390
2024-01-16,2026.0,2051.7,2054.8,2026.0,46
2024-01-17,2002.6,2026.5,2026.5,2002.6,764
2024-01-18,2018.6,2012.8,2018.6,2009.5,1474
2024-01-19,2026.5,2023.2,2036.0,2019.5,50
2024-01-22,2019.8,2021.3,2021.3,2019.8,12
2024-01-23,2023.7,2030.3,2030.3,2022.5,15
2024-01-24,2013.9,2023.2,2033.2,2013.9,253
2024-01-25,2016.9,2012.1,2022.4,2012.1,548
2024-01-26,2016.8,2021.7,2022.4,2016.8,49
2024-01-29,2025.2,2025.2,2025.2,2025.2,150708
2024-01-30,2031.5,2032.5,2048.5,2028.1,26907
2024-01-31,2048.4,2035.4,2055.0,2030.0,2007
2024-02-01,2053.0,2040.2,2064.5,2029.0,947
2024-02-02,2036.1,2054.8,2055.9,2027.7,888
2024-02-05,2025.7,2038.9,2040.8,2013.8,412
2024-02-06,2034.5,2025.9,2037.3,2025.9,249
2024-02-07,2035.2,2032.8,2039.5,2032.7,71
2024-02-08,2032.2,2028.0,2036.7,2020.3,341
2024-02-09,2023.3,2032.0,2032.0,2020.0,62
2024-02-12,2018.2,2025.5,2025.5,2011.6,317
2024-02-13,1992.9,2025.1,2025.8,1990.0,198
2024-02-14,1990.3,1990.3,1993.5,1984.8,1916
2024-02-15,2002.1,1993.6,2007.2,1993.6,286
2024-02-16,2011.5,2005.0,2011.5,1996.5,32
2024-02-20,2027.5,2015.6,2029.0,2015.6,1326
2024-02-21,2022.3,2028.2,2028.2,2022.3,15
2024-02-22,2019.7,2033.2,2033.2,2019.7,964
2024-02-23,2038.6,2026.0,2038.6,2014.9,22
2024-02-26,2028.5,2034.1,2035.4,2024.8,143
2024-02-27,2034.0,2035.9,2035.9,2034.0,964
2024-02-28,2033.0,2029.5,2037.0,2024.8,581
2024-02-29,2045.7,2034.3,2049.8,2034.3,706
2024-03-01,2086.9,2043.1,2086.9,2041.8,1210
2024-03-04,2117.7,2083.6,2119.8,2080.7,805
2024-03-05,2133.5,2114.9,2133.5,2111.4,1287
2024-03-06,2150.3,2125.5,2150.3,2125.5,443
2024-03-07,2158.0,2147.0,2163.0,2147.0,152
2024-03-08,2178.6,2167.3,2194.9,2166.3,259
2024-03-11,2182.5,2181.0,2184.0,2177.2,738
2024-03-12,2160.4,2182.5,2182.7,2160.4,550
2024-03-13,2175.4,2162.5,2175.4,2162.5,20
2024-03-14,2163.0,2163.0,2163.0,2162.3,515
2024-03-15,2157.3,2161.7,2161.7,2157.3,100
2024-03-18,2160.7,2146.2,2160.7,2146.2,21
2024-03-19,2156.3,2156.1,2156.3,2156.1,12
2024-03-20,2157.9,2157.3,2185.9,2150.9,17
2024-03-21,2182.4,2207.0,2211.6,2182.4,63
2024-03-22,2158.1,2179.2,2179.6,2157.5,19
2024-03-25,2174.8,2166.2,2179.4,2166.2,79
2024-03-26,2175.6,2182.7,2182.7,2175.6,202373
2024-03-27,2190.6,2179.4,2196.2,2172.1,31200
2024-03-28,2217.4,2193.6,2234.1,2187.1,2040
2024-04-01,2236.5,2235.7,2264.2,2230.0,400
2024-04-02,2261.0,2252.0,2279.2,2247.6,435
2024-04-03,2294.4,2281.7,2298.8,2267.9,285
2024-04-04,2288.8,2301.7,2302.9,2280.0,251
2024-04-05,2325.7,2289.2,2328.4,2267.4,344
2024-04-08,2331.7,2325.6,2341.8,2319.0,202
2024-04-09,2343.5,2337.8,2364.7,2337.8,211
2024-04-10,2329.6,2346.6,2358.1,2327.7,377
2024-04-11,2354.8,2341.5,2376.3,2330.6,283
2024-04-12,2356.2,2377.3,2429.0,2334.3,584
2024-04-15,2365.8,2362.1,2384.7,2326.0,1801
2024-04-16,2390.8,2384.0,2390.8,2371.4,41
2024-04-17,2371.7,2384.2,2391.4,2369.3,37
2024-04-18,2382.3,2368.4,2384.4,2368.4,128
2024-04-19,2398.4,2379.3,2399.8,2377.3,160
2024-04-22,2332.2,2383.3,2383.3,2326.9,53
2024-04-23,2327.7,2327.7,2330.8,2294.2,171
2024-04-24,2324.5,2321.3,2328.7,2314.6,95
2024-04-25,2329.8,2315.0,2329.8,2305.0,1024
2024-04-26,2334.8,2347.9,2347.9,2332.8,717
2024-04-29,2345.4,2334.8,2345.5,2327.9,405
2024-04-30,2291.4,2322.5,2322.5,2291.4,113
2024-05-01,2299.9,2287.7,2327.3,2283.8,42
2024-05-02,2299.2,2321.7,2324.7,2292.3,56
2024-05-03,2299.0,2300.0,2301.0,2277.6,194
2024-05-06,2321.6,2322.8,2325.5,2314.2,9
2024-05-07,2315.2,2324.3,2324.3,2315.2,25
2024-05-08,2313.6,2313.6,2313.6,2313.6,4
2024-05-09,2332.1,2310.7,2339.5,2310.7,5
2024-05-10,2367.3,2367.3,2367.3,2367.3,126
2024-05-13,2336.1,2358.3,2358.3,2336.1,14
2024-05-14,2353.4,2336.0,2358.0,2336.0,6
2024-05-15,2388.7,2361.6,2388.7,2356.0,29
2024-05-16,2380.0,2389.5,2392.2,2380.0,7
2024-05-17,2412.2,2380.7,2415.8,2380.7,213
2024-05-20,2433.9,2415.8,2435.8,2409.7,40
2024-05-21,2421.7,2429.5,2429.5,2421.0,6
2024-05-22,2389.2,2417.5,2417.6,2375.8,180
2024-05-23,2335.0,2371.2,2371.2,2335.0,365
2024-05-24,2332.5,2342.6,2345.4,2332.5,25
2024-05-28,2355.2,2336.9,2359.7,2336.9,26
2024-05-29,2340.3,2340.3,2340.3,2340.3,119317
2024-05-30,2342.9,2336.9,2349.5,2320.8,32587
2024-05-31,2322.9,2344.1,2354.0,2319.0,941
2024-06-03,2346.6,2322.6,2347.5,2312.0,781
2024-06-04,2325.5,2347.5,2347.7,2313.9,890
2024-06-05,2354.1,2326.4,2354.3,2326.2,295
2024-06-06,2370.3,2355.0,2375.8,2355.0,179
2024-06-07,2305.2,2379.9,2385.1,2285.4,269
2024-06-10,2307.7,2290.6,2309.3,2290.5,69
2024-06-11,2307.5,2300.0,2314.1,2300.0,871
2024-06-12,2336.0,2314.9,2338.7,2310.3,132
2024-06-13,2300.2,2309.4,2317.7,2296.2,298
2024-06-14,2331.4,2307.0,2331.4,2305.8,948
2024-06-17,2312.4,2320.2,2320.2,2309.6,110
2024-06-18,2330.4,2311.8,2330.4,2311.8,43
2024-06-20,2353.8,2328.9,2354.0,2328.3,183
2024-06-21,2316.4,2331.2,2331.2,2316.4,76
2024-06-24,2330.0,2323.3,2332.9,2322.7,99
2024-06-25,2316.6,2324.4,2333.0,2316.6,105
2024-06-26,2299.2,2307.9,2314.4,2298.0,986
2024-06-27,2324.5,2296.8,2329.0,2295.0,1532
2024-06-28,2327.7,2325.4,2338.3,2319.0,92
2024-07-01,2327.6,2323.8,2329.7,2321.7,237
2024-07-02,2323.0,2330.7,2334.6,2323.0,30
2024-07-03,2359.8,2330.9,2361.6,2330.9,59
2024-07-05,2388.5,2354.9,2388.5,2354.9,72
2024-07-08,2355.2,2381.7,2383.8,2352.8,64
2024-07-09,2360.1,2363.1,2363.7,2360.1,9
2024-07-10,2372.2,2366.3,2377.0,2365.8,19
2024-07-11,2415.0,2378.7,2416.7,2378.7,72
2024-07-12,2414.0,2399.8,2414.0,2391.3,355
2024-07-15,2422.9,2430.0,2436.0,2422.9,540
2024-07-16,2462.4,2427.4,2462.4,2427.4,93
2024-07-17,2454.8,2472.9,2473.1,2454.8,10
2024-07-18,2451.8,2466.0,2466.0,2451.8,2
2024-07-19,2395.5,2418.8,2419.2,2395.5,15
2024-07-22,2392.0,2402.1,2402.1,2392.0,18
2024-07-23,2404.6,2395.8,2404.6,2388.7,41
2024-07-24,2413.3,2421.0,2421.0,2411.6,6
2024-07-25,2351.9,2365.5,2365.5,2351.9,31
2024-07-26,2380.0,2368.7,2386.9,2368.7,95
2024-07-29,2377.3,2377.3,2377.3,2377.3,126409
2024-07-30,2405.0,2380.9,2409.3,2373.8,25944
2024-07-31,2426.5,2407.1,2447.6,2402.8,1313
2024-08-01,2435.0,2446.7,2455.1,2430.4,690
2024-08-02,2425.7,2444.0,2477.0,2416.0,550
2024-08-05,2401.7,2442.0,2449.8,2367.4,334
2024-08-06,2389.1,2414.5,2421.8,2380.0,163
2024-08-07,2390.5,2392.2,2401.0,2384.5,130
2024-08-08,2422.2,2384.3,2422.8,2384.3,201
2024-08-09,2432.1,2422.3,2432.1,2418.5,611
2024-08-12,2462.4,2432.7,2469.8,2432.0,566
2024-08-13,2466.7,2461.0,2470.0,2456.5,510
2024-08-14,2439.4,2468.0,2472.1,2439.4,274
2024-08-15,2453.1,2451.8,2467.7,2431.2,285
2024-08-16,2498.6,2453.5,2508.0,2451.4,197
2024-08-19,2501.8,2508.5,2508.5,2487.2,88
2024-08-20,2511.3,2503.5,2527.3,2500.7,187
2024-08-21,2508.4,2511.0,2515.4,2503.9,96
2024-08-22,2478.9,2504.1,2504.1,2471.1,210
2024-08-23,2508.4,2486.5,2508.4,2486.5,94
2024-08-26,2517.7,2509.9,2523.1,2509.1,290
2024-08-27,2516.0,2515.2,2523.1,2506.9,100
2024-08-28,2501.0,2501.0,2501.0,2501.0,2353
2024-08-29,2525.7,2504.1,2525.7,2503.9,3966
2024-08-30,2493.8,2519.5,2525.4,2493.8,208
2024-09-03,2489.9,2501.6,2501.8,2476.3,206
2024-09-04,2493.4,2490.9,2493.4,2483.5,470
2024-09-05,2511.4,2493.7,2513.3,2493.4,54
2024-09-06,2493.5,2510.3,2517.9,2483.7,96
2024-09-09,2501.8,2491.3,2504.7,2491.3,96
2024-09-10,2512.3,2512.3,2512.3,2512.3,5
2024-09-11,2512.1,2525.8,2525.8,2502.3,90
2024-09-12,2551.2,2529.1,2557.0,2523.4,132
2024-09-13,2581.3,2568.8,2581.8,2565.0,31
2024-09-16,2580.4,2580.4,2580.4,2580.4,28
2024-09-17,2564.3,2581.2,2581.8,2564.3,22
2024-09-18,2570.7,2570.7,2570.7,2549.2,25
2024-09-19,2588.0,2566.0,2588.0,2566.0,99
2024-09-20,2619.9,2590.4,2621.8,2590.4,17
2024-09-23,2626.5,2626.5,2626.5,2626.5,9
2024-09-24,2651.2,2636.8,2662.3,2625.5,35
2024-09-25,2659.2,2656.3,2664.2,2649.3,175
2024-09-26,2669.9,2662.3,2669.9,2660.8,17216
2024-09-27,2644.3,2670.0,2672.1,2641.7,4228
2024-09-30,2636.1,2660.9,2662.1,2623.2,973
2024-10-01,2667.3,2631.4,2670.9,2631.4,153
2024-10-02,2647.1,2650.6,2657.2,2640.0,72
2024-10-03,2657.1,2642.8,2657.1,2640.0,354
2024-10-04,2645.8,2656.0,2667.0,2639.0,114
2024-10-07,2644.8,2648.7,2657.4,2639.0,284
2024-10-08,2615.0,2639.0,2639.0,2609.3,687
2024-10-09,2606.0,2603.0,2607.7,2603.0,152
2024-10-10,2620.6,2602.5,2628.3,2602.5,320
2024-10-11,2657.6,2638.3,2658.1,2638.2,12
2024-10-14,2647.8,2655.0,2655.3,2647.8,40
2024-10-15,2661.4,2661.4,2661.4,2661.4,39
2024-10-16,2674.0,2674.0,2674.0,2674.0,6
2024-10-17,2691.0,2677.4,2691.7,2677.2,30
2024-10-18,2713.7,2713.7,2719.6,2713.7,29
2024-10-21,2723.1,2721.9,2738.4,2719.5,52
2024-10-22,2744.2,2731.7,2746.0,2728.6,93
2024-10-23,2714.4,2742.5,2742.5,2714.2,18
2024-10-24,2734.9,2729.0,2736.1,2729.0,27
2024-10-25,2740.9,2725.5,2742.4,2725.5,29
2024-10-28,2742.9,2736.1,2742.9,2729.5,56
2024-10-29,2768.4,2768.4,2768.4,2768.4,848
2024-10-30,2788.5,2774.6,2789.0,2774.6,231
2024-10-31,2738.3,2787.4,2787.5,2733.5,849
2024-11-01,2738.6,2745.5,2756.0,2734.2,109
2024-11-04,2736.1,2736.5,2737.1,2736.1,16
2024-11-05,2740.3,2743.0,2743.9,2740.3,23
2024-11-06,2667.6,2734.5,2734.5,2659.4,427
2024-11-07,2698.4,2662.5,2699.1,2662.5,676
2024-11-08,2687.5,2688.5,2694.6,2682.9,1038
2024-11-11,2611.2,2671.7,2671.7,2611.2,20
2024-11-12,2600.0,2605.5,2605.5,2592.8,118
2024-11-13,2580.8,2611.1,2611.8,2580.8,53
2024-11-14,2568.2,2555.1,2576.2,2554.2,27
2024-11-15,2565.7,2565.7,2565.7,2565.7,20
2024-11-18,2610.6,2591.7,2610.7,2589.4,136
2024-11-19,2627.1,2621.9,2627.7,2619.3,87
2024-11-20,2648.2,2638.5,2648.2,2638.5,27
2024-11-21,2672.1,2659.3,2672.1,2655.7,33
2024-11-22,2709.9,2687.5,2710.5,2685.6,41
2024-11-25,2616.8,2689.4,2689.4,2616.8,94
2024-11-26,2620.3,2625.6,2625.6,2620.3,177858
2024-11-27,2639.9,2633.5,2657.9,2627.2,61653
2024-11-29,2657.0,2636.4,2664.3,2620.7,3861
2024-12-02,2634.9,2649.0,2649.8,2621.7,695
2024-12-03,2644.7,2639.0,2654.7,2636.0,1062
2024-12-04,2653.8,2639.2,2658.3,2637.0,249
2024-12-05,2626.6,2652.4,2655.0,2625.7,573
2024-12-06,2638.6,2620.2,2643.1,2617.5,571
2024-12-09,2664.9,2632.1,2677.1,2630.8,935
2024-12-10,2697.6,2662.3,2698.2,2661.0,437
2024-12-11,2733.8,2701.8,2733.8,2693.1,3387
2024-12-12,2687.5,2725.1,2725.1,2677.4,2365
2024-12-13,2656.0,2688.2,2689.3,2647.9,1125
2024-12-16,2651.4,2658.3,2663.3,2651.0,877
2024-12-17,2644.4,2651.8,2652.3,2632.5,705
2024-12-18,2636.5,2644.3,2647.1,2590.2,566
2024-12-19,2592.2,2582.1,2610.3,2582.1,238
2024-12-20,2628.7,2605.3,2631.6,2604.9,592
2024-12-23,2612.3,2620.0,2627.7,2611.1,451
2024-12-24,2620.0,2613.0,2620.0,2609.5,35
2024-12-26,2638.8,2628.5,2638.8,2627.9,84
2024-12-27,2617.2,2617.7,2617.7,2616.4,642
2024-12-30,2606.1,2620.7,2626.9,2597.0,794
2024-12-31,2629.2,2608.4,2629.2,2604.9,401
2025-01-02,2658.9,2633.0,2663.1,2633.0,1728
2025-01-03,2645.0,2658.7,2658.7,2641.8,591
2025-01-06,2638.4,2645.5,2647.0,2617.3,960
2025-01-07,2656.7,2653.4,2657.5,2653.0,643
2025-01-08,2664.5,2655.5,2676.9,2653.5,999
2025-01-09,2683.8,2669.7,2686.3,2667.9,1139
2025-01-10,2708.5,2686.1,2720.1,2683.7,403
2025-01-13,2673.5,2711.1,2711.2,2673.5,765
2025-01-14,2677.5,2673.6,2688.3,2670.8,794
2025-01-15,2712.5,2690.8,2712.5,2690.8,930
2025-01-16,2746.4,2731.7,2749.8,2731.7,1721
2025-01-17,2744.3,2736.0,2751.6,2725.5,1214
2025-01-21,2755.0,2746.0,2755.0,2724.8,1439
2025-01-22,2767.6,2754.5,2768.8,2753.5,2079
2025-01-23,2763.1,2760.0,2765.0,2745.4,2201
2025-01-24,2777.3,2759.8,2792.0,2759.8,1593
2025-01-27,2737.5,2761.1,2762.2,2737.5,984
2025-01-28,2766.8,2738.0,2766.8,2738.0,2307
2025-01-29,2769.1,2769.1,2769.1,2769.1,125692
2025-01-30,2823.0,2772.5,2829.5,2770.0,40141
2025-01-31,2812.5,2829.0,2838.0,2804.0,3443
2025-02-03,2833.9,2818.2,2848.4,2780.9,2649
2025-02-04,2853.3,2827.6,2853.3,2816.1,2187
2025-02-05,2871.6,2850.0,2880.5,2848.0,4519
2025-02-06,2856.0,2865.2,2871.7,2836.3,3116
2025-02-07,2867.3,2859.9,2889.5,2857.8,1822
2025-02-10,2914.3,2864.2,2916.1,2863.8,2237
2025-02-11,2912.5,2925.5,2945.4,2890.0,2554
2025-02-12,2909.0,2902.0,2912.3,2868.6,2504
2025-02-13,2925.9,2911.3,2937.7,2910.6,4670
2025-02-14,2883.6,2937.3,2944.4,2874.8,1992
2025-02-18,2931.6,2879.2,2936.4,2873.8,4010
2025-02-19,2919.4,2938.7,2946.0,2917.1,2630
2025-02-20,2940.0,2949.1,2955.8,2924.2,656
2025-02-21,2937.6,2938.8,2940.0,2917.3,570
2025-02-24,2947.9,2933.1,2957.9,2933.1,415
2025-02-25,2904.5,2938.7,2943.2,2890.0,1854
2025-02-26,2916.8,2913.5,2917.0,2913.0,2050
2025-02-27,2883.2,2918.5,2922.8,2870.4,3215
2025-02-28,2836.8,2877.1,2877.1,2834.1,990
2025-03-03,2890.2,2872.7,2891.8,2863.4,423
2025-03-04,2909.6,2886.1,2927.9,2886.1,885
2025-03-05,2915.3,2916.7,2922.0,2893.0,551
2025-03-06,2916.6,2904.0,2918.6,2903.8,870
2025-03-07,2904.7,2900.9,2927.3,2900.5,531
2025-03-10,2891.0,2910.1,2915.1,2880.2,55
2025-03-11,2912.9,2884.4,2916.7,2880.4,197
2025-03-12,2939.1,2912.0,2939.1,2910.0,213
2025-03-13,2984.3,2937.1,2988.0,2935.2,2366
2025-03-14,2994.5,2994.4,3004.8,2986.0,1800
2025-03-17,3000.0,2991.0,3001.5,2989.0,214
2025-03-18,3035.1,3006.4,3039.2,3004.4,428
2025-03-19,3035.9,3035.2,3050.9,3030.9,175
2025-03-20,3040.0,3047.3,3047.3,3034.4,185
2025-03-21,3018.2,3034.5,3037.5,3000.9,151
2025-03-24,3013.1,3024.3,3024.3,3006.0,137
2025-03-25,3023.7,3026.4,3028.8,3023.7,74
2025-03-26,3020.9,3033.2,3033.2,3019.5,83
2025-03-27,3060.2,3025.5,3065.0,3025.5,124359
2025-03-28,3086.5,3069.7,3094.9,3066.8,31206
2025-03-31,3122.8,3091.0,3132.5,3086.0,3438
2025-04-01,3118.9,3129.7,3149.5,3104.0,1721
2025-04-02,3139.9,3120.7,3168.6,3117.4,5946
2025-04-03,3097.0,3150.0,3166.9,3052.0,5516
2025-04-04,3012.0,3110.5,3127.7,3011.0,3247
2025-04-07,2951.3,3016.4,3050.8,2949.7,4424
2025-04-08,2968.4,2994.0,3014.5,2968.4,3213
2025-04-09,3056.5,2965.8,3090.4,2965.8,2175
2025-04-10,3155.2,3073.9,3167.0,3072.1,3456
2025-04-11,3222.2,3182.1,3235.0,3182.1,862
2025-04-14,3204.8,3215.5,3228.8,3194.5,263
2025-04-15,3218.7,3216.0,3218.7,3214.0,390
2025-04-16,3326.6,3238.3,3334.9,3238.3,1874
2025-04-17,3308.7,3345.0,3345.0,3287.8,824
2025-04-21,3406.2,3342.2,3418.5,3342.2,78
2025-04-22,3400.8,3422.2,3485.6,3361.7,785
2025-04-23,3276.3,3321.2,3370.3,3256.2,331
2025-04-24,3332.0,3305.4,3353.9,3304.9,560
2025-04-25,3282.4,3355.5,3355.5,3266.1,162
2025-04-28,3332.5,3284.5,3332.5,3284.5,1300
2025-04-29,3318.8,3340.0,3340.0,3299.9,1278
2025-04-30,3305.0,3318.7,3318.7,3268.0,207
2025-05-01,3210.0,3272.9,3275.0,3198.6,2131
2025-05-02,3231.9,3239.9,3257.0,3225.0,1349
2025-05-05,3311.3,3242.7,3315.7,3239.7,244
2025-05-06,3411.4,3365.5,3430.9,3356.8,2357
2025-05-07,3381.4,3418.7,3418.7,3364.7,1080
2025-05-08,3296.6,3390.0,3390.0,3288.7,200
2025-05-09,3335.4,3299.0,3335.5,3299.0,216
2025-05-12,3220.0,3300.7,3300.7,3205.0,886
2025-05-13,3240.3,3232.0,3251.4,3223.5,2424
2025-05-14,3181.4,3233.0,3233.0,3171.7,3518
2025-05-15,3220.7,3151.0,3228.1,3125.0,652
2025-05-16,3182.0,3227.7,3228.1,3173.9,199
2025-05-19,3228.9,3234.4,3241.0,3228.3,266
2025-05-20,3280.3,3219.0,3293.2,3207.5,356
2025-05-21,3309.3,3293.4,3317.5,3290.2,979
2025-05-22,3292.3,3327.3,3328.0,3282.7,1210
2025-05-23,3363.6,3328.0,3363.6,3323.5,47
2025-05-27,3299.1,3332.5,3341.0,3296.3,189
2025-05-28,3293.6,3293.6,3293.6,3293.6,127758
2025-05-29,3317.1,3283.7,3328.8,3242.4,24370
2025-05-30,3288.9,3315.1,3318.0,3270.9,2213
2025-06-02,3370.6,3296.9,3380.8,3296.9,976
2025-06-03,3350.2,3385.1,3390.0,3331.3,6410
2025-06-04,3373.5,3355.0,3380.0,3344.0,207
2025-06-05,3350.7,3371.5,3400.0,3343.7,731
2025-06-06,3322.7,3364.3,3364.3,3306.0,81
2025-06-09,3332.1,3315.6,3334.6,3290.0,1887
2025-06-10,3320.9,3302.0,3344.3,3302.0,65
2025-06-11,3321.3,3328.0,3356.0,3321.3,2106
2025-06-12,3380.9,3363.0,3395.9,3353.4,1818
2025-06-13,3431.2,3407.3,3444.0,3407.3,499
2025-06-16,3396.4,3442.0,3442.0,3385.4,480
2025-06-17,3386.6,3398.3,3398.3,3376.1,1477
2025-06-20,3368.1,3350.0,3372.9,3341.0,709
2025-06-23,3377.7,3365.9,3387.9,3350.0,30
2025-06-24,3317.4,3358.0,3358.0,3301.0,538
2025-06-25,3327.1,3321.6,3331.2,3310.6,373
2025-06-26,3333.5,3332.4,3333.5,3332.4,2058
2025-06-27,3273.7,3318.7,3318.7,3253.8,284
2025-06-30,3294.4,3265.9,3306.9,3262.0,1242
2025-07-01,3336.7,3310.1,3354.1,3310.1,371
2025-07-02,3348.0,3329.0,3357.5,3329.0,39
2025-07-07,3332.2,3305.5,3333.3,3299.2,254
2025-07-08,3307.0,3330.4,3334.5,3287.6,909
2025-07-09,3311.6,3289.4,3314.0,3282.0,114
2025-07-10,3317.4,3323.6,3330.5,3311.6,209
2025-07-11,3356.0,3330.5,3370.0,3330.5,776
2025-07-14,3351.5,3367.0,3375.5,3350.0,583
2025-07-15,3329.8,3341.0,3341.0,3329.8,210
2025-07-16,3352.5,3341.2,3352.9,3329.5,10
2025-07-17,3340.1,3313.8,3340.8,3313.8,667
2025-07-18,3353.0,3338.2,3353.0,3338.2,602
2025-07-21,3401.9,3350.3,3411.7,3350.3,53
2025-07-22,3439.2,3411.0,3441.0,3395.6,39
2025-07-23,3394.1,3430.3,3433.9,3388.1,63
2025-07-24,3371.0,3367.0,3371.0,3367.0,1175
2025-07-25,3334.0,3344.0,3345.0,3326.5,67
2025-07-28,3309.1,3326.6,3326.8,3309.1,533
2025-07-29,3323.4,3323.4,3323.4,3323.4,113144
2025-07-30,3295.8,3325.8,3331.8,3263.9,19252
2025-07-31,3293.2,3272.9,3312.0,3272.9,3704
2025-08-01,3347.7,3286.2,3360.6,3281.0,3420
2025-08-04,3374.4,3367.6,3386.5,3347.4,351
2025-08-05,3381.9,3378.5,3387.2,3351.2,915
2025-08-06,3380.0,3380.7,3383.3,3361.3,1492
2025-08-07,3400.3,3384.9,3422.9,3384.9,5464
2025-08-08,3439.1,3438.8,3477.0,3402.5,7657
2025-08-11,3353.1,3383.9,3383.9,3349.2,1488
2025-08-12,3348.9,3356.2,3356.2,3330.1,1611
2025-08-13,3358.7,3358.8,3363.4,3358.7,1011
2025-08-14,3335.2,3346.8,3356.0,3328.9,592
2025-08-15,3336.0,3346.8,3346.8,3335.9,1185
2025-08-18,3331.7,3333.5,3347.8,3331.7,646
2025-08-19,3313.4,3330.2,3343.5,3313.4,1655
2025-08-20,3343.4,3310.6,3343.5,3310.1,1213
2025-08-21,3336.9,3349.4,3349.4,3326.5,142
2025-08-22,3374.4,3349.4,3377.7,3349.4,1240
2025-08-25,3373.8,3366.0,3378.0,3366.0,1044
2025-08-26,3388.6,3378.9,3396.5,3371.1,905
2025-08-27,3404.6,3397.0,3404.6,3382.0,3222
2025-08-28,3431.8,3409.0,3434.6,3400.0,1035
2025-09-02,3549.4,3485.7,3559.2,3485.7,658
2025-09-03,3593.2,3554.8,3593.7,3553.2,72
2025-09-04,3565.8,3549.9,3573.6,3549.9,237
2025-09-05,3613.2,3567.8,3613.2,3567.8,925
2025-09-08,3638.1,3594.5,3641.0,3590.0,97
2025-09-09,3643.3,3647.1,3670.4,3627.8,535
2025-09-10,3643.6,3625.0,3655.4,3620.8,136
2025-09-11,3636.9,3632.9,3636.9,3618.4,307
2025-09-12,3649.4,3655.5,3656.8,3643.0,1300
2025-09-15,3682.2,3640.0,3686.4,3635.1,210
2025-09-16,3688.9,3681.4,3698.6,3681.4,373
2025-09-17,3681.8,3669.0,3685.2,3661.6,183
2025-09-18,3643.7,3654.6,3667.4,3637.0,80
2025-09-19,3671.5,3659.0,3685.9,3658.2,211
2025-09-22,3740.7,3688.2,3748.2,3688.0,410
2025-09-23,3780.6,3747.0,3786.0,3740.0,627
2025-09-24,3732.1,3769.8,3772.5,3732.1,588
2025-09-25,3736.9,3742.8,3756.0,3724.7,1899
2025-09-26,3775.3,3775.3,3775.3,3775.3,19308
2025-09-29,3820.9,3754.8,3827.6,3754.8,8860
2025-09-30,3840.8,3827.5,3865.5,3793.4,1611
2025-10-01,3867.5,3863.5,3891.9,3853.3,1778
2025-10-02,3839.7,3856.2,3888.6,3823.7,3418
2025-10-03,3880.8,3855.2,3886.8,3853.7,392
2025-10-06,3948.5,3931.3,3960.0,3926.8,1267
2025-10-07,3976.6,3959.4,3981.5,3940.0,2903
2025-10-08,4043.3,3987.2,4049.2,3987.2,2179
2025-10-09,3946.3,4011.2,4046.2,3940.0,3130
2025-10-10,3975.9,3957.0,4012.0,3945.5,1697
2025-10-13,4108.6,4016.0,4111.0,4016.0,1697
2025-10-14,4138.7,4131.7,4160.1,4085.8,2424
2025-10-15,4176.9,4145.0,4210.6,4145.0,3287
2025-10-16,4280.2,4198.8,4307.0,4196.6,4705
2025-10-17,4189.9,4354.7,4358.0,4182.2,4060
2025-10-20,4336.4,4244.1,4356.6,4214.6,1750
2025-10-21,4087.7,4332.7,4332.7,4087.7,2943
2025-10-22,4044.4,4109.7,4148.5,4006.0,1237
2025-10-23,4125.5,4078.4,4136.8,4070.7,354
2025-10-24,4118.4,4117.5,4120.6,4074.9,123
2025-10-27,4001.9,4060.0,4078.6,3971.3,220
2025-10-28,3966.2,3929.7,3966.2,3923.6,219
2025-10-29,3983.7,3983.7,3983.7,3983.7,1344
2025-10-30,4001.3,3960.0,4027.2,3913.7,935
2025-10-31,3982.2,4034.5,4034.5,3976.6,559
2025-11-04,3947.7,3994.2,3995.4,3927.4,657
2025-11-05,3980.3,3929.9,3983.5,3929.9,657
2025-11-06,4024.0,3992.4,4028.7,3973.2,83213
