Date,Price,Open,High,Low
2013-02-01,1669.4,1663.9,1681.2,1659.9
2013-02-04,1675.3,1668.0,1676.5,1661.6
2013-02-05,1672.4,1674.2,1683.4,1666.5
2013-02-06,1677.7,1672.2,1678.5,1668.0
2013-02-07,1670.4,1677.0,1682.1,1663.1
2013-02-08,1666.0,1671.5,1672.5,1664.8
2013-02-11,1648.2,1666.5,1668.0,1643.7
2013-02-12,1648.7,1643.8,1650.4,1642.4
2013-02-13,1644.2,1652.2,1652.3,1640.2
2013-02-14,1634.7,1641.1,1646.9,1632.7
2013-02-15,1608.8,1633.2,1633.9,1599.5
2013-02-19,1603.6,1610.0,1617.0,1599.7
2013-02-20,1577.6,1604.7,1606.9,1561.8
2013-02-21,1578.2,1568.5,1581.2,1555.2
2013-02-22,1572.4,1580.0,1585.4,1572.4
2013-02-25,1586.2,1579.4,1596.0,1577.7
2013-02-26,1615.2,1593.3,1615.2,1589.0
2013-02-27,1595.2,1612.8,1612.8,1591.8
2013-02-28,1577.7,1596.0,1601.6,1575.1
2013-03-01,1571.9,1579.6,1585.6,1566.0
2013-03-04,1572.1,1580.8,1580.8,1569.7
2013-03-05,1574.6,1577.6,1585.5,1571.4
2013-03-06,1574.6,1577.6,1582.6,1566.8
2013-03-07,1574.8,1580.0,1583.5,1573.9
2013-03-08,1576.6,1578.6,1581.2,1561.8
2013-03-11,1577.8,1576.0,1579.7,1576.0
2013-03-12,1591.5,1579.8,1595.6,1579.8
2013-03-13,1588.3,1592.3,1596.0,1585.0
2013-03-14,1590.6,1585.7,1590.6,1575.7
2013-03-15,1592.5,1590.5,1594.4,1590.2
2013-03-18,1604.6,1605.9,1607.7,1601.6
2013-03-19,1611.3,1613.1,1613.1,1611.3
2013-03-20,1607.5,1610.0,1612.5,1606.2
2013-03-21,1613.8,1612.8,1613.8,1611.9
2013-03-22,1606.2,1611.0,1611.0,1604.1
2013-03-25,1604.6,1607.1,1607.8,1596.1
2013-03-26,1595.8,1595.8,1595.8,1595.8
2013-03-27,1606.2,1598.5,1608.1,1590.3
2013-03-28,1594.8,1604.7,1606.6,1593.6
2013-04-01,1600.0,1596.8,1600.5,1594.8
2013-04-02,1575.1,1599.2,1602.6,1574.1
2013-04-03,1552.8,1575.7,1576.4,1549.2
2013-04-04,1551.8,1557.3,1557.3,1539.1
2013-04-05,1575.4,1553.2,1580.6,1550.1
2013-04-08,1572.0,1575.8,1577.8,1567.8
2013-04-09,1586.2,1571.6,1589.3,1570.0
2013-04-10,1558.3,1584.4,1586.0,1557.0
2013-04-11,1564.3,1557.1,1566.7,1554.8
2013-04-12,1501.0,1560.8,1560.8,1480.2
2013-04-15,1360.6,1478.2,1487.4,1338.0
2013-04-16,1386.8,1358.0,1401.0,1323.0
2013-04-17,1382.2,1373.2,1394.2,1370.2
2013-04-18,1392.0,1347.5,1396.4,1347.5
2013-04-19,1395.3,1419.3,1420.3,1395.1
2013-04-22,1421.0,1406.8,1434.9,1406.8
2013-04-23,1408.6,1429.5,1429.5,1405.8
2013-04-24,1423.4,1423.2,1430.1,1420.4
2013-04-25,1461.8,1433.0,1461.8,1433.0
2013-04-26,1453.6,1467.4,1476.2,1451.4
2013-04-29,1467.4,1462.7,1475.5,1462.3
2013-04-30,1472.2,1471.1,1476.6,1461.0
2013-05-01,1446.3,1475.8,1477.1,1440.0
2013-05-02,1467.7,1459.0,1471.2,1453.5
2013-05-03,1464.3,1465.5,1487.1,1461.4
2013-05-06,1468.1,1468.1,1477.2,1466.8
2013-05-07,1449.0,1462.0,1466.2,1441.2
2013-05-08,1473.9,1455.5,1474.7,1450.7
2013-05-09,1468.8,1471.2,1473.4,1453.0
2013-05-10,1436.8,1455.6,1459.3,1423.0
2013-05-13,1434.5,1440.0,1440.6,1427.8
2013-05-14,1424.7,1430.1,1444.4,1422.0
2013-05-15,1396.5,1425.7,1425.7,1390.1
2013-05-16,1387.1,1390.4,1395.1,1370.6
2013-05-17,1364.9,1386.7,1391.1,1359.1
2013-05-20,1384.3,1342.9,1387.5,1342.9
2013-05-21,1377.8,1386.5,1392.3,1358.5
2013-05-22,1367.6,1387.2,1395.7,1364.5
2013-05-23,1392.0,1380.6,1394.8,1377.8
2013-05-24,1386.8,1386.8,1386.8,1386.8
2013-05-28,1379.1,1380.8,1390.4,1379.1
2013-05-29,1391.3,1391.3,1391.3,1391.3
2013-05-30,1411.5,1392.1,1417.5,1388.3
2013-05-31,1392.6,1412.4,1421.1,1384.2
2013-06-03,1411.7,1389.1,1416.3,1388.3
2013-06-04,1397.1,1410.9,1413.7,1389.0
2013-06-05,1398.4,1397.5,1410.0,1395.6
2013-06-06,1415.7,1401.7,1422.7,1391.6
2013-06-07,1383.0,1411.5,1416.1,1377.9
2013-06-10,1386.2,1378.8,1386.9,1375.6
2013-06-11,1377.0,1384.2,1384.4,1366.0
2013-06-12,1391.8,1375.0,1393.5,1373.7
2013-06-13,1377.6,1386.8,1390.9,1373.4
2013-06-14,1387.3,1383.9,1389.6,1377.8
2013-06-17,1382.8,1390.3,1390.5,1380.0
2013-06-18,1366.6,1383.1,1383.5,1363.0
2013-06-19,1373.6,1368.1,1373.6,1348.1
2013-06-20,1285.9,1348.1,1348.1,1275.4
2013-06-21,1291.6,1280.4,1300.0,1268.9
2013-06-24,1276.8,1297.3,1297.3,1275.7
2013-06-25,1274.8,1281.3,1286.0,1273.2
2013-06-26,1229.6,1273.9,1273.9,1228.8
2013-06-27,1211.4,1224.7,1241.4,1198.3
2013-06-28,1223.8,1200.9,1232.3,1183.2
2013-07-01,1255.9,1234.7,1261.0,1234.2
2013-07-02,1243.6,1254.1,1266.3,1241.2
2013-07-03,1252.1,1243.8,1258.2,1240.3
2013-07-05,1212.9,1252.7,1254.1,1208.9
2013-07-08,1234.9,1218.8,1235.2,1215.4
2013-07-09,1245.9,1234.7,1254.5,1234.4
2013-07-10,1247.4,1244.6,1263.9,1244.6
2013-07-11,1280.1,1284.6,1285.0,1278.9
2013-07-12,1277.8,1282.3,1282.3,1274.3
2013-07-15,1283.8,1292.1,1292.4,1281.6
2013-07-16,1290.8,1279.4,1291.4,1279.4
2013-07-17,1277.9,1286.2,1294.4,1272.9
2013-07-18,1284.6,1275.3,1286.4,1275.2
2013-07-19,1293.3,1291.7,1293.3,1290.0
2013-07-22,1336.4,1317.0,1336.4,1317.0
2013-07-23,1335.1,1334.8,1342.3,1327.9
2013-07-24,1319.7,1342.2,1343.5,1318.6
2013-07-25,1329.0,1318.5,1336.8,1318.5
2013-07-26,1321.7,1326.5,1326.5,1321.7
2013-07-29,1328.4,1328.4,1328.4,1328.4
2013-07-30,1324.0,1327.2,1329.6,1316.2
2013-07-31,1312.4,1325.5,1338.4,1304.9
2013-08-01,1311.0,1323.0,1328.5,1306.9
2013-08-02,1310.6,1306.7,1317.0,1283.0
2013-08-05,1302.6,1311.2,1318.3,1297.5
2013-08-06,1283.2,1303.0,1305.9,1279.3
2013-08-07,1286.1,1282.5,1288.4,1274.0
2013-08-08,1310.7,1283.9,1312.8,1283.7
2013-08-09,1312.9,1315.1,1315.8,1306.7
2013-08-12,1334.7,1317.2,1342.4,1317.2
2013-08-13,1321.2,1331.9,1339.1,1320.2
2013-08-14,1334.0,1317.7,1336.3,1317.7
2013-08-15,1361.6,1340.1,1369.6,1319.9
2013-08-16,1371.7,1366.8,1378.9,1361.0
2013-08-19,1366.2,1379.0,1384.4,1363.9
2013-08-20,1373.1,1355.0,1377.0,1355.0
2013-08-21,1370.6,1372.5,1377.3,1360.9
2013-08-22,1371.2,1362.0,1380.4,1362.0
2013-08-23,1395.7,1376.8,1398.2,1373.9
2013-08-26,1393.0,1398.6,1402.8,1391.3
2013-08-27,1420.6,1403.8,1421.1,1398.7
2013-08-28,1419.0,1417.3,1428.0,1417.3
2013-08-29,1412.9,1417.4,1417.4,1404.5
2013-08-30,1396.1,1407.2,1409.8,1392.3
2013-09-03,1412.0,1393.0,1414.4,1382.3
2013-09-04,1389.9,1413.0,1413.0,1387.1
2013-09-05,1373.1,1393.5,1397.5,1367.1
2013-09-06,1386.7,1371.0,1390.1,1368.9
2013-09-09,1386.8,1389.8,1389.8,1386.5
2013-09-10,1364.1,1377.5,1377.5,1357.6
2013-09-11,1363.9,1365.8,1365.8,1356.7
2013-09-12,1330.4,1360.0,1360.0,1322.4
2013-09-13,1308.4,1322.9,1323.0,1305.3
2013-09-16,1317.9,1328.4,1329.6,1310.8
2013-09-17,1309.5,1313.0,1313.1,1309.5
2013-09-18,1307.8,1292.1,1347.7,1292.1
2013-09-19,1369.4,1362.9,1373.0,1362.9
2013-09-20,1332.5,1347.5,1347.5,1330.7
2013-09-23,1326.9,1327.1,1327.8,1317.6
2013-09-24,1316.0,1321.2,1324.9,1309.4
2013-09-25,1335.9,1322.7,1335.9,1322.7
2013-09-26,1323.6,1335.2,1338.3,1323.6
2013-09-27,1338.4,1321.5,1343.8,1319.7
2013-09-30,1326.5,1345.8,1350.9,1322.0
2013-10-01,1286.0,1328.0,1334.0,1284.5
2013-10-02,1320.6,1288.5,1321.0,1280.0
2013-10-03,1317.4,1312.0,1319.5,1302.5
2013-10-04,1309.7,1316.2,1318.1,1305.7
2013-10-07,1324.8,1313.8,1325.4,1311.8
2013-10-08,1324.2,1326.5,1330.0,1321.2
2013-10-09,1306.9,1317.6,1319.0,1295.3
2013-10-10,1296.6,1303.4,1310.8,1285.0
2013-10-11,1268.0,1286.9,1291.6,1263.8
2013-10-14,1276.4,1275.8,1285.8,1273.9
2013-10-15,1273.0,1270.5,1283.6,1254.1
2013-10-16,1282.0,1282.8,1284.0,1269.2
2013-10-17,1322.7,1307.0,1322.7,1307.0
2013-10-18,1314.4,1318.8,1326.0,1312.6
2013-10-21,1315.7,1316.8,1317.7,1315.7
2013-10-22,1342.5,1313.9,1342.6,1313.9
2013-10-23,1333.9,1331.9,1333.9,1331.9
2013-10-24,1350.2,1334.5,1350.2,1334.5
2013-10-25,1352.4,1346.2,1353.0,1346.2
2013-10-28,1352.0,1351.4,1359.2,1349.0
2013-10-29,1345.2,1359.6,1359.7,1345.2
2013-10-30,1349.0,1340.8,1355.8,1335.6
2013-10-31,1323.6,1334.0,1334.0,1321.7
2013-11-01,1313.1,1325.7,1325.7,1308.0
2013-11-04,1314.6,1314.6,1320.5,1312.1
2013-11-05,1308.0,1313.3,1317.5,1306.9
2013-11-06,1317.7,1313.5,1318.6,1312.5
2013-11-07,1308.4,1323.6,1323.6,1298.0
2013-11-08,1284.5,1308.0,1308.1,1281.3
2013-11-11,1281.0,1281.6,1281.8,1281.0
2013-11-12,1271.1,1282.3,1282.3,1271.1
2013-11-13,1268.3,1274.0,1280.5,1268.3
2013-11-14,1286.2,1280.2,1293.3,1278.1
2013-11-15,1287.3,1287.7,1288.5,1281.5
2013-11-18,1272.2,1284.7,1284.8,1272.2
2013-11-19,1273.4,1274.2,1275.2,1271.0
2013-11-20,1257.9,1269.0,1269.0,1241.9
2013-11-21,1243.5,1245.7,1247.1,1236.5
2013-11-22,1244.0,1243.2,1247.0,1241.4
2013-11-25,1241.1,1231.1,1241.1,1229.0
2013-11-26,1241.4,1243.0,1243.0,1241.4
2013-11-27,1237.8,1241.6,1254.8,1235.5
2013-11-29,1250.6,1237.8,1254.5,1233.7
2013-12-02,1222.3,1251.4,1251.5,1217.8
2013-12-03,1221.7,1219.2,1225.7,1215.6
2013-12-04,1248.2,1225.1,1250.4,1212.9
2013-12-05,1233.2,1240.0,1241.5,1218.6
2013-12-06,1230.3,1228.7,1242.0,1213.0
2013-12-09,1235.3,1230.2,1243.2,1229.0
2013-12-10,1262.4,1239.0,1267.0,1239.0
2013-12-11,1258.5,1261.9,1261.9,1252.1
2013-12-12,1226.0,1253.5,1255.4,1225.9
2013-12-13,1235.7,1226.7,1239.0,1222.2
2013-12-16,1245.5,1238.4,1250.6,1228.9
2013-12-17,1231.2,1237.0,1240.4,1231.2
2013-12-18,1236.1,1231.5,1245.1,1217.0
2013-12-19,1195.0,1226.6,1226.6,1188.7
2013-12-20,1205.1,1190.9,1207.8,1190.9
2013-12-23,1198.4,1205.2,1205.2,1195.9
2013-12-24,1205.1,1199.8,1205.6,1197.7
2013-12-26,1214.1,1207.1,1215.9,1207.1
2013-12-27,1216.1,1213.4,1218.5,1212.9
2013-12-30,1203.1,1215.0,1215.0,1194.4
2013-12-31,1201.9,1196.4,1212.4,1182.0
2014-01-02,1225.0,1204.3,1227.3,1204.3
2014-01-03,1238.4,1221.7,1239.0,1221.7
2014-01-06,1237.8,1232.8,1247.0,1221.9
2014-01-07,1229.4,1239.3,1242.4,1226.3
2014-01-08,1225.3,1227.5,1227.5,1218.6
2014-01-09,1229.3,1225.8,1229.3,1225.8
2014-01-10,1246.7,1235.0,1246.8,1234.0
2014-01-13,1250.9,1250.6,1252.7,1245.5
2014-01-14,1245.2,1251.0,1251.3,1242.0
2014-01-15,1238.1,1243.1,1243.2,1238.1
2014-01-16,1240.0,1239.3,1242.8,1239.0
2014-01-17,1251.7,1239.7,1254.3,1239.7
2014-01-21,1242.3,1256.4,1257.5,1240.0
2014-01-22,1239.0,1241.7,1242.0,1239.0
2014-01-23,1262.6,1235.2,1264.2,1235.2
2014-01-24,1264.5,1258.3,1269.4,1258.3
2014-01-27,1263.6,1259.8,1264.4,1254.4
2014-01-28,1251.0,1257.9,1258.4,1251.0
2014-01-29,1262.2,1262.2,1262.2,1262.2
2014-01-30,1242.2,1267.0,1267.7,1237.5
2014-01-31,1240.1,1243.6,1254.5,1238.4
2014-02-03,1260.4,1242.4,1266.3,1241.2
2014-02-04,1251.7,1258.4,1260.7,1247.8
2014-02-05,1257.3,1254.0,1273.7,1253.1
2014-02-06,1257.6,1258.0,1267.0,1253.5
2014-02-07,1263.3,1258.3,1271.4,1257.9
2014-02-10,1274.8,1269.6,1277.3,1265.7
2014-02-11,1290.1,1274.0,1292.0,1273.8
2014-02-12,1295.3,1290.5,1296.2,1285.5
2014-02-13,1300.4,1293.3,1303.5,1287.5
2014-02-14,1319.0,1301.7,1320.7,1301.7
2014-02-18,1324.7,1322.9,1330.6,1313.9
2014-02-19,1320.6,1318.3,1321.6,1309.1
2014-02-20,1317.1,1310.7,1323.5,1309.6
2014-02-21,1323.9,1320.0,1328.3,1317.4
2014-02-24,1338.3,1324.3,1339.0,1321.4
2014-02-25,1343.0,1336.4,1343.9,1333.1
2014-02-26,1328.2,1341.2,1342.0,1325.6
2014-02-27,1331.6,1329.3,1335.0,1324.6
2014-02-28,1321.4,1329.8,1332.6,1321.1
2014-03-03,1350.1,1335.9,1354.1,1332.9
2014-03-04,1337.8,1350.4,1350.4,1332.2
2014-03-05,1340.2,1334.8,1341.0,1334.8
2014-03-06,1351.7,1338.0,1351.7,1333.3
2014-03-07,1338.1,1349.5,1352.7,1329.2
2014-03-10,1341.4,1336.0,1344.7,1330.5
2014-03-11,1346.5,1340.0,1352.4,1338.1
2014-03-12,1370.3,1349.1,1370.5,1348.7
2014-03-13,1372.2,1366.8,1374.5,1366.5
2014-03-14,1379.0,1376.1,1386.6,1371.1
2014-03-17,1372.9,1386.1,1391.4,1372.2
2014-03-18,1359.0,1359.3,1361.8,1353.4
2014-03-19,1341.4,1357.1,1358.0,1332.7
2014-03-20,1330.5,1333.7,1333.7,1325.8
2014-03-21,1336.0,1339.1,1339.1,1335.8
2014-03-24,1311.2,1333.0,1333.0,1310.5
2014-03-25,1311.4,1315.5,1315.5,1307.5
2014-03-26,1303.4,1315.2,1315.2,1303.4
2014-03-27,1294.7,1294.7,1294.7,1294.7
2014-03-28,1293.8,1292.2,1299.4,1285.9
2014-03-31,1283.4,1294.3,1298.8,1282.4
2014-04-01,1279.6,1285.1,1287.9,1277.3
2014-04-02,1290.5,1280.2,1294.1,1280.2
2014-04-03,1284.4,1290.8,1293.5,1282.7
2014-04-04,1303.2,1285.5,1306.1,1284.4
2014-04-07,1298.0,1301.4,1304.0,1296.3
2014-04-08,1308.7,1296.6,1314.1,1296.6
2014-04-09,1305.5,1309.5,1313.6,1301.1
2014-04-10,1320.1,1311.8,1323.8,1311.2
2014-04-11,1318.7,1319.0,1322.8,1316.3
2014-04-14,1327.2,1320.1,1330.0,1320.1
2014-04-15,1300.0,1322.7,1322.7,1291.5
2014-04-16,1303.1,1302.7,1303.5,1295.0
2014-04-17,1293.4,1300.1,1303.0,1292.5
2014-04-21,1288.0,1290.0,1299.2,1283.8
2014-04-22,1280.6,1289.2,1291.6,1276.0
2014-04-23,1284.2,1284.3,1287.7,1282.4
2014-04-24,1290.5,1284.6,1297.9,1272.4
2014-04-25,1300.7,1293.8,1304.6,1293.8
2014-04-28,1298.9,1305.4,1305.4,1293.0
2014-04-29,1296.0,1295.5,1300.5,1289.1
2014-04-30,1295.6,1296.0,1296.5,1286.6
2014-05-01,1283.1,1288.7,1288.7,1278.0
2014-05-02,1302.6,1276.7,1302.7,1276.7
2014-05-05,1309.0,1305.6,1314.2,1305.5
2014-05-06,1308.3,1309.4,1309.4,1306.9
2014-05-07,1288.6,1310.3,1312.0,1288.0
2014-05-08,1287.4,1291.5,1291.5,1285.5
2014-05-09,1287.3,1287.3,1287.3,1287.3
2014-05-12,1295.6,1282.1,1295.9,1281.2
2014-05-13,1294.6,1295.5,1295.5,1292.0
2014-05-14,1305.7,1292.8,1306.9,1292.8
2014-05-15,1293.5,1302.5,1302.5,1292.8
2014-05-16,1293.3,1293.3,1293.3,1293.3
2014-05-19,1293.7,1293.7,1293.7,1293.7
2014-05-20,1294.5,1290.7,1294.5,1290.1
2014-05-21,1288.0,1287.4,1288.0,1287.4
2014-05-22,1294.9,1294.2,1295.0,1294.2
2014-05-23,1291.6,1293.2,1293.4,1291.6
2014-05-27,1265.4,1291.9,1291.9,1265.4
2014-05-28,1259.3,1259.3,1259.3,1259.3
2014-05-29,1256.3,1258.3,1260.6,1250.9
2014-05-30,1245.6,1255.1,1259.6,1241.8
2014-06-02,1243.7,1250.0,1250.7,1240.9
2014-06-03,1244.3,1244.1,1247.5,1240.5
2014-06-04,1244.0,1245.1,1248.8,1242.7
2014-06-05,1253.0,1244.0,1256.6,1241.2
2014-06-06,1252.1,1253.4,1256.6,1246.3
2014-06-09,1253.5,1252.7,1256.1,1252.6
2014-06-10,1259.8,1252.4,1262.3,1251.0
2014-06-11,1260.8,1259.9,1264.4,1259.1
2014-06-12,1273.6,1260.0,1274.5,1260.0
2014-06-13,1273.7,1272.5,1274.7,1271.3
2014-06-16,1274.9,1279.8,1282.1,1270.8
2014-06-17,1271.7,1272.8,1272.8,1260.9
2014-06-18,1272.4,1269.9,1272.7,1267.4
2014-06-19,1313.7,1277.2,1321.0,1277.2
2014-06-20,1316.2,1321.4,1321.4,1306.8
2014-06-23,1318.0,1312.3,1318.0,1312.3
2014-06-24,1320.9,1315.6,1325.6,1315.6
2014-06-25,1322.2,1315.3,1323.4,1312.0
2014-06-26,1316.1,1319.6,1319.6,1312.4
2014-06-27,1319.0,1317.4,1320.9,1313.3
2014-06-30,1321.8,1315.3,1328.7,1311.8
2014-07-01,1326.4,1326.7,1331.4,1326.2
2014-07-02,1330.7,1326.8,1330.7,1326.8
2014-07-03,1320.4,1327.3,1327.7,1313.0
2014-07-07,1316.5,1318.7,1320.3,1313.2
2014-07-08,1316.0,1318.4,1323.5,1316.0
2014-07-09,1323.8,1324.0,1330.4,1323.8
2014-07-10,1338.7,1330.5,1343.7,1328.0
2014-07-11,1337.0,1337.9,1339.0,1336.2
2014-07-14,1306.3,1332.8,1332.8,1304.7
2014-07-15,1296.9,1307.4,1311.9,1294.1
2014-07-16,1299.6,1298.4,1303.1,1296.9
2014-07-17,1316.7,1303.1,1323.8,1303.1
2014-07-18,1309.2,1322.7,1322.7,1306.2
2014-07-21,1313.7,1311.0,1315.5,1311.0
2014-07-22,1306.1,1306.1,1306.1,1306.1
2014-07-23,1304.5,1304.5,1304.5,1304.5
2014-07-24,1290.6,1297.5,1297.5,1290.6
2014-07-25,1303.1,1294.8,1303.1,1294.8
2014-07-28,1303.3,1307.4,1308.0,1303.3
2014-07-29,1298.3,1310.9,1310.9,1298.3
2014-07-30,1294.9,1298.6,1303.0,1291.0
2014-07-31,1281.3,1295.1,1297.3,1280.6
2014-08-01,1293.6,1284.1,1296.6,1279.7
2014-08-04,1287.7,1294.4,1295.0,1285.9
2014-08-05,1284.0,1288.0,1292.7,1282.6
2014-08-06,1306.7,1288.1,1309.0,1287.8
2014-08-07,1310.8,1305.3,1313.1,1302.5
2014-08-08,1308.9,1310.8,1321.4,1308.0
2014-08-11,1308.5,1308.4,1309.7,1305.3
2014-08-12,1308.8,1306.2,1315.8,1305.8
2014-08-13,1312.8,1308.8,1312.8,1305.0
2014-08-14,1313.9,1311.8,1316.4,1309.7
2014-08-15,1304.5,1311.7,1312.8,1292.0
2014-08-18,1297.7,1301.4,1302.1,1295.7
2014-08-19,1295.1,1298.8,1301.6,1294.0
2014-08-20,1293.4,1295.4,1295.8,1288.4
2014-08-21,1273.7,1290.0,1290.0,1272.0
2014-08-22,1278.6,1276.0,1280.0,1275.0
2014-08-25,1277.3,1277.3,1277.6,1273.7
2014-08-26,1283.8,1289.4,1289.5,1281.1
2014-08-27,1281.9,1281.5,1282.3,1281.5
2014-08-28,1288.7,1284.5,1293.7,1284.3
2014-08-29,1285.8,1289.5,1289.7,1284.8
2014-09-02,1263.7,1284.5,1286.4,1262.5
2014-09-03,1268.9,1266.3,1271.1,1263.1
2014-09-04,1265.1,1268.7,1272.7,1260.4
2014-09-05,1265.8,1263.2,1268.1,1263.2
2014-09-08,1252.7,1268.4,1268.4,1252.7
2014-09-09,1246.8,1246.8,1246.8,1246.8
2014-09-10,1243.5,1256.7,1256.7,1243.5
2014-09-11,1237.4,1237.4,1237.4,1237.4
2014-09-12,1229.9,1227.0,1229.9,1227.0
2014-09-15,1233.6,1226.7,1235.0,1226.7
2014-09-16,1235.2,1238.3,1238.3,1235.2
2014-09-17,1234.4,1236.2,1236.2,1221.9
2014-09-18,1225.7,1216.2,1225.7,1216.2
2014-09-19,1215.3,1218.3,1218.3,1215.3
2014-09-22,1216.8,1214.9,1216.8,1212.4
2014-09-23,1221.0,1221.0,1221.0,1221.0
2014-09-24,1218.6,1218.6,1218.6,1216.8
2014-09-25,1221.2,1209.5,1221.2,1209.5
2014-09-26,1214.1,1214.1,1214.1,1214.1
2014-09-29,1217.5,1216.3,1222.2,1214.8
2014-09-30,1210.5,1214.8,1218.2,1204.0
2014-10-01,1214.6,1207.7,1217.8,1205.5
2014-10-02,1214.2,1215.3,1219.5,1210.3
2014-10-03,1192.2,1212.4,1212.4,1191.0
2014-10-06,1206.7,1187.7,1208.0,1182.8
2014-10-07,1211.7,1209.1,1211.7,1205.3
2014-10-08,1205.3,1210.2,1217.9,1205.3
2014-10-09,1224.6,1223.9,1229.0,1223.9
2014-10-10,1221.0,1223.5,1223.5,1217.0
2014-10-13,1229.3,1229.8,1234.0,1227.0
2014-10-14,1233.6,1235.9,1235.9,1233.6
2014-10-15,1244.1,1243.7,1247.0,1243.7
2014-10-16,1240.5,1242.1,1243.0,1236.7
2014-10-17,1238.3,1237.4,1238.3,1232.6
2014-10-20,1244.0,1237.3,1244.0,1235.4
2014-10-21,1251.0,1251.0,1251.0,1251.0
2014-10-22,1244.8,1244.8,1244.8,1244.8
2014-10-23,1228.5,1228.0,1228.5,1227.9
2014-10-24,1231.2,1229.4,1232.7,1229.4
2014-10-27,1229.1,1230.2,1230.2,1227.3
2014-10-28,1229.2,1224.9,1231.0,1224.7
2014-10-29,1224.3,1224.3,1224.3,1224.3
2014-10-30,1198.1,1213.7,1214.7,1195.8
2014-10-31,1171.1,1199.6,1199.7,1161.4
2014-11-03,1169.4,1166.4,1172.3,1163.1
2014-11-04,1167.4,1166.9,1171.0,1165.0
2014-11-05,1145.4,1168.1,1168.7,1137.8
2014-11-06,1142.3,1141.1,1147.5,1137.9
2014-11-07,1169.6,1139.9,1169.7,1133.0
2014-11-10,1159.6,1171.0,1171.0,1150.7
2014-11-11,1162.8,1155.0,1170.5,1151.6
2014-11-12,1158.9,1162.5,1168.1,1157.5
2014-11-13,1161.1,1163.7,1164.5,1155.0
2014-11-14,1185.0,1155.2,1191.0,1148.0
2014-11-17,1183.0,1183.1,1186.9,1180.6
2014-11-18,1196.7,1197.1,1197.1,1193.9
2014-11-19,1193.6,1196.5,1198.3,1190.6
2014-11-20,1190.7,1191.8,1191.9,1190.7
2014-11-21,1197.5,1191.0,1202.4,1189.0
2014-11-24,1195.5,1197.7,1197.9,1195.5
2014-11-25,1197.1,1197.1,1197.1,1197.1
2014-11-26,1196.6,1200.5,1201.0,1193.7
2014-11-28,1175.2,1197.0,1198.2,1163.8
2014-12-01,1218.0,1160.0,1220.4,1141.7
2014-12-02,1199.2,1212.3,1212.3,1191.3
2014-12-03,1208.5,1198.1,1213.7,1196.1
2014-12-04,1207.5,1208.2,1213.0,1201.6
2014-12-05,1190.1,1203.1,1206.0,1186.7
2014-12-08,1194.7,1190.6,1207.0,1187.2
2014-12-09,1231.5,1202.0,1238.0,1202.0
2014-12-10,1228.9,1231.2,1234.6,1226.6
2014-12-11,1225.1,1226.6,1231.2,1216.2
2014-12-12,1222.0,1227.8,1227.8,1216.2
2014-12-15,1207.2,1223.1,1223.1,1198.4
2014-12-16,1193.9,1197.2,1222.0,1192.7
2014-12-17,1194.3,1198.2,1199.6,1184.0
2014-12-18,1194.7,1189.7,1207.3,1189.7
2014-12-19,1195.9,1198.0,1200.8,1195.9
2014-12-22,1179.7,1198.0,1198.0,1172.7
2014-12-23,1177.9,1179.3,1180.3,1175.0
2014-12-24,1173.5,1177.0,1179.3,1173.5
2014-12-26,1195.3,1177.2,1195.3,1177.2
2014-12-29,1181.7,1186.5,1186.5,1181.3
2014-12-30,1200.2,1181.4,1210.3,1181.4
2014-12-31,1183.9,1199.2,1199.2,1182.7
2015-01-02,1186.0,1184.0,1194.5,1169.5
2015-01-05,1203.9,1180.3,1206.9,1180.1
2015-01-06,1219.3,1203.5,1220.0,1203.5
2015-01-07,1210.6,1219.2,1219.2,1210.6
2015-01-08,1208.4,1207.0,1215.7,1206.3
2015-01-09,1216.0,1211.1,1220.2,1210.3
2015-01-12,1232.7,1224.2,1234.4,1219.1
2015-01-13,1234.3,1239.2,1239.3,1230.3
2015-01-14,1234.4,1229.6,1243.8,1225.6
2015-01-15,1264.7,1231.5,1265.0,1227.3
2015-01-16,1276.9,1256.1,1279.7,1256.1
2015-01-20,1294.2,1278.9,1297.3,1273.8
2015-01-21,1293.7,1295.2,1303.5,1286.7
2015-01-22,1300.7,1293.2,1302.1,1283.5
2015-01-23,1292.6,1299.8,1299.8,1292.6
2015-01-26,1279.4,1289.5,1290.6,1279.4
2015-01-27,1291.7,1277.2,1291.7,1277.2
2015-01-28,1285.9,1285.9,1286.8,1285.9
2015-01-29,1254.6,1283.3,1285.4,1251.0
2015-01-30,1278.5,1258.0,1284.3,1257.0
2015-02-02,1276.2,1284.1,1284.1,1266.0
2015-02-03,1259.7,1273.5,1284.7,1255.3
2015-02-04,1263.8,1262.0,1271.6,1256.8
2015-02-05,1262.0,1271.8,1272.6,1257.8
2015-02-06,1233.9,1265.0,1267.6,1228.0
2015-02-09,1240.8,1237.5,1242.3,1235.4
2015-02-10,1231.6,1237.5,1245.0,1231.2
2015-02-11,1219.0,1233.3,1237.4,1219.0
2015-02-12,1220.1,1217.9,1229.8,1217.9
2015-02-13,1226.5,1222.2,1232.8,1222.2
2015-02-17,1208.1,1227.7,1234.0,1203.0
2015-02-18,1199.7,1207.1,1210.2,1197.8
2015-02-19,1207.1,1216.5,1220.0,1205.0
2015-02-20,1204.4,1206.5,1213.1,1199.1
2015-02-23,1200.3,1201.3,1203.3,1191.6
2015-02-24,1196.9,1203.4,1203.5,1193.8
2015-02-25,1201.0,1204.3,1204.6,1201.0
2015-02-26,1209.6,1204.8,1219.0,1204.8
2015-02-27,1212.6,1207.7,1217.8,1204.5
2015-03-02,1207.7,1214.3,1222.7,1204.9
2015-03-03,1204.0,1201.5,1212.0,1195.0
2015-03-04,1200.6,1204.8,1206.9,1198.0
2015-03-05,1195.9,1201.7,1205.4,1195.9
2015-03-06,1164.1,1195.0,1195.7,1163.7
2015-03-09,1166.4,1169.4,1174.2,1166.3
2015-03-10,1160.1,1166.4,1168.4,1156.5
2015-03-11,1150.7,1162.0,1162.0,1147.7
2015-03-12,1152.1,1155.4,1160.5,1149.7
2015-03-13,1152.6,1158.2,1159.2,1152.6
2015-03-16,1153.3,1159.7,1162.3,1150.1
2015-03-17,1148.3,1153.6,1158.2,1144.3
2015-03-18,1151.4,1148.7,1174.3,1147.0
2015-03-19,1169.1,1171.6,1171.6,1159.3
2015-03-20,1184.8,1171.0,1185.4,1171.0
2015-03-23,1188.0,1181.6,1188.0,1181.2
2015-03-24,1191.7,1188.0,1193.0,1186.0
2015-03-25,1197.3,1192.5,1199.2,1192.5
2015-03-26,1205.1,1198.2,1213.7,1198.2
2015-03-27,1199.8,1197.0,1199.8,1196.3
2015-03-30,1184.8,1198.0,1198.5,1181.6
2015-03-31,1183.1,1185.8,1190.1,1178.2
2015-04-01,1208.1,1182.9,1208.2,1181.0
2015-04-02,1200.9,1204.0,1205.7,1194.8
2015-04-06,1218.6,1209.9,1224.2,1209.9
2015-04-07,1210.6,1214.8,1214.8,1208.2
2015-04-08,1203.1,1208.9,1211.4,1197.6
2015-04-09,1193.6,1201.7,1202.5,1193.0
2015-04-10,1204.6,1195.8,1209.6,1195.8
2015-04-13,1199.3,1208.1,1208.1,1198.3
2015-04-14,1192.8,1198.8,1200.6,1184.1
2015-04-15,1201.5,1194.6,1203.1,1188.6
2015-04-16,1198.0,1204.3,1208.5,1194.6
2015-04-17,1202.9,1200.2,1206.0,1200.2
2015-04-20,1193.5,1205.7,1206.9,1191.0
2015-04-21,1202.9,1193.2,1202.9,1192.8
2015-04-22,1186.9,1199.1,1202.6,1185.2
2015-04-23,1194.4,1187.2,1197.0,1186.1
2015-04-24,1175.2,1192.3,1194.7,1174.6
2015-04-27,1203.3,1182.3,1206.7,1181.4
2015-04-28,1214.0,1199.7,1214.0,1199.7
2015-04-29,1209.8,1211.2,1212.6,1201.9
2015-04-30,1182.4,1203.1,1205.9,1176.7
2015-05-01,1174.5,1178.1,1178.1,1170.0
2015-05-04,1186.8,1177.5,1189.4,1177.5
2015-05-05,1193.2,1187.5,1198.7,1186.9
2015-05-06,1190.3,1194.5,1194.6,1189.9
2015-05-07,1182.4,1181.5,1186.0,1179.7
2015-05-08,1189.1,1183.3,1189.1,1182.9
2015-05-11,1183.2,1189.7,1190.5,1179.3
2015-05-12,1192.6,1194.6,1194.8,1189.7
2015-05-13,1218.4,1192.7,1218.4,1191.0
2015-05-14,1225.4,1214.5,1225.6,1214.5
2015-05-15,1225.5,1218.5,1225.5,1214.8
2015-05-18,1227.8,1224.5,1228.1,1222.6
2015-05-19,1206.9,1223.9,1223.9,1206.0
2015-05-20,1208.9,1205.1,1210.8,1205.1
2015-05-21,1204.4,1204.5,1204.5,1203.7
2015-05-22,1204.3,1211.6,1211.9,1204.3
2015-05-26,1187.2,1193.6,1193.6,1186.0
2015-05-27,1185.9,1185.9,1185.9,1185.9
2015-05-28,1188.1,1187.1,1192.0,1179.6
2015-05-29,1189.4,1187.8,1193.3,1185.7
2015-06-01,1188.3,1190.6,1204.0,1184.3
2015-06-02,1194.1,1189.0,1194.3,1186.0
2015-06-03,1184.7,1193.9,1193.9,1179.1
2015-06-04,1174.9,1184.9,1185.3,1173.0
2015-06-05,1167.8,1176.4,1177.3,1164.0
2015-06-08,1173.2,1169.5,1176.1,1169.1
2015-06-09,1177.3,1172.9,1180.3,1172.7
2015-06-10,1186.1,1176.1,1190.1,1175.6
2015-06-11,1179.9,1183.2,1183.2,1174.4
2015-06-12,1178.8,1180.4,1181.2,1176.2
2015-06-15,1185.3,1179.9,1188.5,1172.7
2015-06-16,1180.5,1186.5,1186.5,1175.9
2015-06-17,1176.4,1177.6,1186.3,1174.9
2015-06-18,1201.5,1183.4,1202.0,1183.4
2015-06-19,1201.5,1199.7,1203.1,1199.7
2015-06-22,1183.7,1197.8,1197.8,1182.7
2015-06-23,1176.2,1183.8,1186.0,1176.2
2015-06-24,1172.6,1176.6,1176.6,1170.7
2015-06-25,1171.5,1175.8,1175.9,1171.5
2015-06-26,1172.9,1170.5,1172.9,1170.5
2015-06-29,1178.5,1185.1,1186.0,1173.8
2015-06-30,1171.5,1176.3,1176.4,1166.6
2015-07-01,1169.0,1173.1,1173.1,1166.6
2015-07-02,1163.0,1166.4,1168.1,1155.5
2015-07-06,1172.9,1171.1,1173.0,1162.2
2015-07-07,1152.4,1166.8,1166.8,1149.5
2015-07-08,1163.3,1152.6,1163.3,1146.4
2015-07-09,1159.0,1154.8,1163.6,1154.8
2015-07-10,1157.7,1160.1,1161.4,1157.5
2015-07-13,1155.2,1159.0,1159.0,1151.2
2015-07-14,1153.3,1157.2,1157.2,1153.0
2015-07-15,1147.2,1154.0,1154.0,1144.8
2015-07-16,1143.8,1146.2,1146.2,1142.9
2015-07-17,1131.8,1144.0,1144.0,1130.2
2015-07-20,1106.7,1130.4,1130.7,1095.1
2015-07-21,1103.4,1097.1,1106.4,1097.1
2015-07-22,1091.4,1093.0,1095.0,1086.0
2015-07-23,1094.0,1097.4,1097.6,1087.8
2015-07-24,1085.6,1078.6,1100.7,1078.6
2015-07-27,1096.5,1100.0,1102.5,1093.9
2015-07-28,1096.3,1097.2,1097.7,1096.3
2015-07-29,1092.7,1096.4,1096.9,1092.7
2015-07-30,1088.4,1096.1,1097.5,1081.0
2015-07-31,1094.9,1087.7,1102.8,1079.1
2015-08-03,1089.4,1095.5,1097.1,1085.0
2015-08-04,1090.7,1085.1,1093.9,1080.5
2015-08-05,1085.7,1086.5,1090.6,1082.5
2015-08-06,1090.2,1084.4,1092.2,1083.6
2015-08-07,1094.1,1088.9,1098.3,1081.7
2015-08-10,1104.2,1093.2,1107.6,1089.5
2015-08-11,1107.6,1103.8,1116.7,1094.0
2015-08-12,1123.2,1106.0,1124.5,1101.5
2015-08-13,1115.7,1124.3,1124.3,1113.0
2015-08-14,1112.9,1113.9,1118.8,1112.5
2015-08-17,1118.6,1113.8,1122.0,1113.8
2015-08-18,1117.1,1118.2,1118.4,1110.0
2015-08-19,1128.1,1117.0,1134.3,1116.8
2015-08-20,1153.0,1132.8,1153.3,1132.8
2015-08-21,1159.6,1154.1,1166.5,1150.5
2015-08-24,1153.4,1164.0,1169.0,1147.5
2015-08-25,1138.2,1151.5,1155.5,1134.0
2015-08-26,1124.6,1139.2,1143.0,1119.6
2015-08-27,1122.4,1127.2,1127.4,1118.4
2015-08-28,1133.1,1125.3,1139.0,1123.6
2015-08-31,1131.6,1131.1,1134.0,1124.8
2015-09-01,1138.7,1133.5,1144.7,1133.5
2015-09-02,1132.5,1137.3,1140.4,1130.8
2015-09-03,1123.7,1130.3,1132.9,1120.3
2015-09-04,1120.6,1123.4,1125.2,1116.2
2015-09-08,1120.4,1119.8,1124.3,1116.4
2015-09-09,1102.2,1123.5,1123.5,1102.1
2015-09-10,1109.5,1107.3,1113.5,1105.5
2015-09-11,1103.5,1110.8,1111.7,1098.2
2015-09-14,1107.7,1107.8,1108.6,1104.1
2015-09-15,1102.8,1104.5,1104.5,1102.8
2015-09-16,1119.2,1109.8,1119.9,1109.8
2015-09-17,1117.3,1118.6,1130.5,1117.1
2015-09-18,1138.1,1128.3,1141.2,1127.8
2015-09-21,1133.1,1137.6,1138.5,1130.8
2015-09-22,1125.0,1132.6,1135.0,1122.5
2015-09-23,1131.6,1128.6,1132.2,1128.3
2015-09-24,1153.8,1133.0,1155.9,1133.0
2015-09-25,1146.0,1149.8,1149.8,1143.4
2015-09-28,1132.0,1133.2,1133.2,1132.0
2015-09-29,1127.1,1132.2,1134.4,1124.3
2015-09-30,1115.5,1124.3,1126.0,1112.1
2015-10-01,1114.2,1115.2,1119.0,1113.3
2015-10-02,1137.1,1112.2,1141.2,1105.8
2015-10-05,1138.1,1137.1,1141.7,1132.5
2015-10-06,1146.8,1136.3,1150.0,1136.3
2015-10-07,1149.0,1147.6,1152.9,1143.0
2015-10-08,1144.7,1142.7,1146.7,1138.7
2015-10-09,1156.3,1151.6,1157.2,1151.6
2015-10-12,1164.9,1155.9,1166.8,1155.9
2015-10-13,1165.8,1163.5,1166.2,1154.9
2015-10-14,1180.1,1172.4,1189.0,1167.3
2015-10-15,1187.9,1184.2,1188.3,1177.8
2015-10-16,1183.6,1182.5,1184.1,1176.2
2015-10-19,1173.3,1176.5,1177.8,1169.3
2015-10-20,1178.0,1168.7,1179.1,1168.7
2015-10-21,1167.6,1175.9,1176.4,1164.9
2015-10-22,1166.6,1166.2,1168.6,1163.5
2015-10-23,1163.3,1166.2,1178.7,1163.3
2015-10-26,1167.0,1165.1,1170.0,1163.8
2015-10-27,1166.8,1164.5,1166.8,1162.0
2015-10-28,1177.1,1175.1,1182.7,1175.1
2015-10-29,1147.2,1158.0,1162.0,1144.9
2015-10-30,1141.5,1147.5,1147.6,1139.2
2015-11-02,1135.8,1137.9,1138.7,1132.6
2015-11-03,1114.2,1133.3,1134.7,1114.2
2015-11-04,1106.5,1119.0,1121.9,1106.5
2015-11-05,1104.4,1107.9,1110.7,1104.4
2015-11-06,1087.6,1105.2,1109.5,1084.8
2015-11-09,1087.9,1088.6,1088.6,1087.9
2015-11-10,1088.2,1090.1,1091.3,1085.0
2015-11-11,1084.7,1091.4,1091.4,1084.2
2015-11-12,1080.8,1086.0,1086.6,1080.8
2015-11-13,1080.8,1083.1,1085.9,1080.8
2015-11-16,1083.7,1092.0,1092.4,1083.7
2015-11-17,1068.7,1075.5,1075.8,1065.1
2015-11-18,1068.8,1064.0,1071.9,1064.0
2015-11-19,1078.0,1077.4,1082.4,1077.4
2015-11-20,1076.4,1082.9,1082.9,1076.4
2015-11-23,1066.8,1070.0,1071.5,1066.8
2015-11-24,1074.3,1073.2,1079.4,1073.2
2015-11-25,1070.5,1070.2,1072.0,1068.5
2015-11-27,1056.2,1070.7,1074.2,1051.1
2015-11-30,1065.8,1056.5,1068.4,1052.1
2015-12-01,1063.8,1064.6,1074.6,1063.4
2015-12-02,1054.2,1068.7,1069.5,1049.6
2015-12-03,1061.7,1054.4,1064.6,1046.2
2015-12-04,1084.5,1063.0,1088.8,1058.7
2015-12-07,1076.4,1084.9,1086.5,1067.4
2015-12-08,1076.3,1071.0,1078.4,1069.6
2015-12-09,1077.6,1075.1,1086.0,1070.6
2015-12-10,1073.1,1073.0,1076.3,1071.7
2015-12-11,1076.9,1067.8,1079.4,1064.4
2015-12-14,1064.7,1074.0,1076.7,1060.0
2015-12-15,1062.9,1064.6,1066.2,1061.8
2015-12-16,1078.0,1064.8,1078.7,1064.3
2015-12-17,1050.8,1072.6,1072.6,1050.5
2015-12-18,1066.2,1053.7,1070.3,1052.7
2015-12-21,1081.9,1070.2,1081.9,1070.2
2015-12-22,1074.8,1078.6,1078.6,1073.8
2015-12-23,1069.4,1074.5,1074.8,1069.4
2015-12-24,1077.2,1074.3,1077.8,1073.5
2015-12-28,1070.5,1077.9,1098.8,1070.5
2015-12-29,1077.5,1079.1,1079.7,1077.5
2015-12-30,1060.1,1068.6,1070.2,1059.7
2015-12-31,1060.3,1061.9,1062.0,1058.5
2016-01-04,1075.1,1063.4,1082.5,1063.2
2016-01-05,1078.4,1075.6,1081.5,1075.3
2016-01-06,1091.9,1081.6,1093.7,1081.6
2016-01-07,1107.7,1091.6,1109.4,1091.6
2016-01-08,1097.8,1111.1,1111.1,1093.0
2016-01-11,1096.5,1105.7,1107.9,1096.5
2016-01-12,1085.6,1093.8,1098.5,1084.0
2016-01-13,1087.5,1081.5,1093.9,1081.5
2016-01-14,1073.9,1091.5,1091.5,1073.7
2016-01-15,1091.5,1085.0,1095.8,1081.8
2016-01-19,1089.9,1089.8,1094.4,1084.9
2016-01-20,1107.1,1099.8,1109.8,1099.8
2016-01-21,1099.1,1103.6,1103.6,1094.1
2016-01-22,1097.2,1098.0,1103.2,1097.2
2016-01-25,1106.2,1099.3,1109.3,1099.3
2016-01-26,1121.7,1115.1,1121.7,1114.3
2016-01-27,1116.1,1117.8,1117.8,1115.8
2016-01-28,1115.6,1125.4,1125.7,1109.8
2016-01-29,1116.4,1114.4,1118.6,1108.8
2016-02-01,1127.9,1116.7,1130.0,1115.3
2016-02-02,1127.3,1128.3,1131.4,1123.0
2016-02-03,1141.3,1128.5,1146.0,1125.0
2016-02-04,1157.6,1142.5,1157.6,1141.0
2016-02-05,1157.8,1155.6,1174.8,1146.0
2016-02-08,1197.9,1173.5,1200.4,1165.0
2016-02-09,1198.7,1188.7,1199.2,1186.7
2016-02-10,1194.7,1189.8,1197.7,1182.1
2016-02-11,1247.9,1205.6,1260.8,1204.6
2016-02-12,1239.1,1247.8,1247.8,1233.5
2016-02-16,1207.9,1233.1,1233.6,1193.6
2016-02-17,1211.1,1196.5,1212.9,1196.5
2016-02-18,1226.1,1209.6,1239.2,1201.6
2016-02-19,1230.4,1230.8,1232.8,1221.8
2016-02-22,1209.5,1226.1,1226.1,1203.0
2016-02-23,1222.3,1207.4,1226.1,1207.4
2016-02-24,1238.7,1230.0,1250.1,1230.0
2016-02-25,1238.2,1239.4,1241.5,1235.0
2016-02-26,1219.8,1232.4,1239.1,1212.2
2016-02-29,1233.9,1218.6,1241.0,1218.6
2016-03-01,1230.3,1240.5,1248.4,1229.0
2016-03-02,1241.1,1232.8,1242.6,1226.0
2016-03-03,1257.4,1238.4,1267.9,1238.0
2016-03-04,1269.9,1263.0,1279.9,1250.9
2016-03-07,1263.2,1259.8,1272.3,1259.7
2016-03-08,1262.1,1268.7,1276.3,1261.0
2016-03-09,1256.6,1254.5,1260.0,1244.8
2016-03-10,1272.0,1250.0,1273.0,1237.5
2016-03-11,1258.7,1270.0,1280.7,1249.4
2016-03-14,1244.4,1256.0,1258.0,1234.5
2016-03-15,1230.4,1228.3,1236.0,1228.0
2016-03-16,1229.3,1229.5,1263.8,1228.9
2016-03-17,1264.5,1261.5,1270.1,1255.9
2016-03-18,1253.8,1257.1,1264.4,1251.5
2016-03-21,1243.8,1256.2,1256.2,1243.4
2016-03-22,1248.2,1244.0,1252.4,1243.8
2016-03-23,1223.7,1247.7,1247.7,1218.6
2016-03-24,1221.4,1214.2,1221.4,1214.2
2016-03-28,1219.9,1211.5,1222.2,1210.0
2016-03-29,1235.6,1217.8,1235.6,1217.7
2016-03-30,1226.9,1241.4,1245.0,1223.4
2016-03-31,1234.2,1225.6,1239.6,1224.5
2016-04-01,1222.2,1232.3,1235.2,1209.2
2016-04-04,1218.0,1221.7,1222.3,1215.0
2016-04-05,1228.4,1215.4,1236.7,1215.4
2016-04-06,1222.5,1230.4,1230.4,1217.6
2016-04-07,1236.2,1224.8,1242.9,1224.6
2016-04-08,1242.5,1241.0,1242.8,1232.0
2016-04-11,1256.7,1241.5,1258.7,1241.5
2016-04-12,1259.4,1260.0,1261.7,1253.7
2016-04-13,1246.8,1256.5,1256.9,1241.3
2016-04-14,1225.0,1231.4,1243.7,1224.5
2016-04-15,1233.1,1225.7,1235.0,1225.7
2016-04-18,1233.6,1238.7,1241.1,1232.2
2016-04-19,1253.0,1231.6,1256.2,1228.8
2016-04-20,1253.2,1256.1,1256.1,1243.0
2016-04-21,1249.0,1247.7,1270.6,1247.6
2016-04-22,1228.7,1248.5,1248.5,1228.0
2016-04-25,1238.9,1231.6,1240.9,1231.6
2016-04-26,1242.2,1239.8,1244.2,1233.0
2016-04-27,1249.2,1248.6,1249.5,1248.6
2016-04-28,1265.5,1245.9,1270.1,1238.5
2016-04-29,1289.2,1267.3,1295.5,1267.2
2016-05-02,1294.7,1292.1,1304.4,1290.4
2016-05-03,1290.7,1292.7,1301.5,1284.5
2016-05-04,1273.3,1286.9,1290.0,1273.0
2016-05-05,1271.4,1282.9,1286.0,1270.8
2016-05-06,1292.9,1278.6,1295.6,1276.9
2016-05-09,1265.6,1286.5,1286.5,1262.3
2016-05-10,1263.9,1265.1,1267.4,1258.7
2016-05-11,1274.6,1266.9,1279.2,1266.9
2016-05-12,1270.3,1267.0,1281.2,1264.0
2016-05-13,1271.9,1271.4,1275.7,1264.6
2016-05-16,1273.4,1272.8,1287.8,1272.8
2016-05-17,1276.2,1272.5,1281.6,1270.8
2016-05-18,1273.7,1276.4,1276.4,1256.8
2016-05-19,1254.2,1248.0,1255.5,1247.5
2016-05-20,1252.4,1256.6,1256.6,1252.4
2016-05-23,1251.1,1251.6,1251.6,1247.5
2016-05-24,1228.9,1240.0,1240.0,1228.2
2016-05-25,1223.5,1219.3,1223.5,1218.6
2016-05-26,1220.1,1232.6,1232.6,1220.1
2016-05-27,1213.8,1220.3,1223.2,1206.4
2016-05-31,1214.8,1212.5,1217.6,1199.0
2016-06-01,1211.9,1215.7,1219.8,1205.4
2016-06-02,1209.8,1212.4,1217.0,1209.6
2016-06-03,1240.1,1209.1,1244.5,1206.4
2016-06-06,1244.6,1244.4,1247.3,1240.0
2016-06-07,1244.4,1244.0,1244.9,1236.5
2016-06-08,1259.8,1247.6,1264.0,1247.3
2016-06-09,1270.2,1262.5,1271.4,1258.1
2016-06-10,1273.4,1267.6,1278.0,1265.3
2016-06-13,1284.4,1276.2,1287.3,1273.0
2016-06-14,1285.6,1281.8,1289.7,1277.8
2016-06-15,1285.8,1284.6,1296.2,1278.8
2016-06-16,1296.1,1296.3,1316.4,1281.1
2016-06-17,1292.5,1280.3,1300.1,1280.3
2016-06-20,1290.0,1288.9,1291.2,1280.3
2016-06-21,1270.5,1293.9,1293.9,1266.3
2016-06-22,1268.0,1267.0,1269.2,1264.9
2016-06-23,1261.2,1263.4,1270.5,1255.2
2016-06-24,1320.0,1253.7,1355.6,1253.7
2016-06-27,1322.5,1330.0,1331.7,1320.0
2016-06-28,1315.3,1314.8,1315.6,1314.1
2016-06-29,1323.9,1311.6,1327.4,1311.6
2016-06-30,1318.4,1315.8,1323.5,1314.5
2016-07-01,1336.7,1324.5,1344.2,1321.9
2016-07-05,1356.4,1342.2,1356.8,1339.7
2016-07-06,1364.9,1359.0,1374.9,1359.0
2016-07-07,1360.1,1366.8,1368.6,1350.5
2016-07-08,1356.6,1361.3,1365.8,1335.0
2016-07-11,1355.0,1371.7,1371.8,1353.0
2016-07-12,1334.1,1353.6,1356.0,1330.3
2016-07-13,1342.4,1341.5,1342.4,1336.7
2016-07-14,1331.3,1341.4,1341.4,1322.7
2016-07-15,1326.5,1333.7,1333.7,1322.9
2016-07-18,1328.4,1327.5,1335.0,1326.2
2016-07-19,1331.5,1328.5,1333.2,1326.4
2016-07-20,1318.8,1331.0,1337.5,1315.5
2016-07-21,1330.5,1312.8,1330.5,1312.8
2016-07-22,1323.1,1330.7,1330.7,1320.4
2016-07-25,1319.3,1315.7,1319.3,1313.8
2016-07-26,1320.7,1315.2,1320.7,1315.2
2016-07-27,1326.6,1326.0,1326.6,1326.0
2016-07-28,1332.3,1339.5,1344.3,1330.1
2016-07-29,1349.0,1333.2,1353.3,1325.8
2016-08-01,1351.4,1348.8,1353.5,1345.6
2016-08-02,1364.4,1352.1,1366.0,1346.6
2016-08-03,1356.1,1362.4,1364.7,1353.3
2016-08-04,1358.8,1354.4,1361.6,1347.0
2016-08-05,1336.4,1357.6,1360.8,1333.7
2016-08-08,1333.4,1330.0,1335.4,1327.8
2016-08-09,1339.0,1331.8,1339.4,1328.5
2016-08-10,1344.3,1344.8,1354.2,1344.3
2016-08-11,1342.5,1341.6,1350.4,1334.8
2016-08-12,1335.8,1336.8,1351.8,1333.2
2016-08-15,1340.3,1336.5,1340.6,1333.6
2016-08-16,1350.5,1342.2,1355.0,1341.0
2016-08-17,1342.7,1345.5,1347.3,1338.6
2016-08-18,1351.2,1351.3,1354.4,1348.2
2016-08-19,1340.4,1350.1,1350.1,1338.6
2016-08-22,1337.7,1334.4,1337.7,1333.3
2016-08-23,1340.6,1337.0,1341.2,1334.3
2016-08-24,1324.4,1337.2,1337.2,1322.9
2016-08-25,1320.1,1321.4,1324.0,1317.0
2016-08-26,1321.5,1323.8,1340.5,1320.1
2016-08-29,1322.9,1315.0,1323.0,1315.0
2016-08-30,1311.7,1322.0,1322.1,1308.0
2016-08-31,1306.9,1310.3,1313.7,1306.3
2016-09-01,1312.2,1305.3,1313.1,1301.5
2016-09-02,1322.1,1309.6,1326.7,1309.2
2016-09-06,1349.4,1323.3,1349.4,1323.2
2016-09-07,1344.3,1348.4,1350.5,1343.9
2016-09-08,1336.8,1344.8,1345.4,1335.7
2016-09-09,1330.1,1338.5,1338.5,1328.0
2016-09-12,1321.0,1327.0,1329.3,1319.9
2016-09-13,1319.0,1324.6,1324.6,1315.0
2016-09-14,1321.5,1319.2,1322.3,1319.2
2016-09-15,1313.5,1320.7,1320.7,1310.8
2016-09-16,1305.8,1312.2,1312.6,1305.8
2016-09-19,1313.5,1313.5,1313.5,1313.5
2016-09-20,1313.7,1313.7,1313.7,1313.7
2016-09-21,1326.9,1326.3,1326.9,1324.0
2016-09-22,1340.4,1338.6,1340.4,1338.2
2016-09-23,1337.2,1337.2,1337.2,1337.2
2016-09-26,1339.7,1335.2,1341.8,1335.2
2016-09-27,1325.9,1328.0,1328.7,1325.9
2016-09-28,1319.4,1319.4,1319.4,1319.4
2016-09-29,1321.7,1321.2,1325.0,1314.7
2016-09-30,1313.3,1320.6,1327.7,1312.9
2016-10-03,1309.0,1313.5,1316.8,1308.2
2016-10-04,1266.3,1307.6,1310.2,1266.3
2016-10-05,1265.2,1272.1,1274.0,1261.3
2016-10-06,1249.8,1265.3,1265.3,1249.8
2016-10-07,1248.9,1253.9,1263.6,1248.9
2016-10-11,1253.0,1258.9,1258.9,1253.0
2016-10-12,1251.1,1251.7,1254.0,1251.1
2016-10-13,1255.0,1258.7,1259.0,1255.0
2016-10-14,1253.1,1253.9,1253.9,1250.6
2016-10-17,1254.4,1249.9,1255.0,1249.9
2016-10-18,1260.8,1260.9,1261.7,1260.8
2016-10-19,1267.9,1262.9,1271.5,1262.9
2016-10-20,1265.6,1270.0,1270.5,1265.5
2016-10-21,1265.9,1265.9,1265.9,1265.9
2016-10-24,1262.0,1269.2,1269.2,1261.8
2016-10-25,1271.9,1264.1,1274.1,1264.1
2016-10-26,1264.8,1274.0,1274.0,1264.8
2016-10-27,1267.9,1269.4,1269.4,1267.9
2016-10-28,1275.5,1270.3,1281.5,1262.0
2016-10-31,1271.5,1276.6,1276.6,1271.5
2016-11-01,1286.4,1279.3,1290.7,1279.0
2016-11-02,1306.8,1288.3,1307.0,1288.3
2016-11-03,1302.1,1296.4,1303.1,1287.3
2016-11-04,1303.3,1300.0,1303.3,1296.7
2016-11-07,1278.3,1292.0,1294.5,1278.3
2016-11-08,1273.4,1284.1,1289.4,1273.2
2016-11-09,1272.6,1272.2,1318.6,1270.0
2016-11-10,1265.5,1274.4,1287.5,1253.3
2016-11-14,1221.2,1227.8,1229.5,1210.4
2016-11-15,1224.0,1224.3,1226.0,1222.5
2016-11-16,1223.4,1229.3,1229.3,1223.0
2016-11-17,1216.5,1224.6,1225.0,1211.0
2016-11-18,1208.5,1211.9,1211.9,1207.2
2016-11-21,1209.6,1209.6,1209.6,1209.6
2016-11-22,1211.0,1210.4,1211.1,1207.6
2016-11-23,1189.1,1212.8,1213.8,1186.8
2016-11-25,1178.2,1177.0,1189.3,1177.0
2016-11-28,1190.6,1188.0,1190.6,1188.0
2016-11-29,1187.9,1193.2,1194.8,1179.4
2016-11-30,1170.8,1187.1,1193.3,1167.9
2016-12-01,1166.9,1172.7,1174.6,1160.0
2016-12-02,1175.1,1172.3,1177.3,1166.4
2016-12-05,1174.0,1181.8,1186.7,1157.0
2016-12-06,1167.6,1170.9,1174.5,1167.1
2016-12-07,1175.0,1167.7,1178.5,1166.4
2016-12-08,1169.8,1173.8,1177.8,1169.1
2016-12-09,1159.4,1166.6,1168.8,1156.0
2016-12-12,1163.5,1158.3,1163.9,1153.0
2016-12-13,1156.7,1163.5,1164.0,1155.4
2016-12-14,1161.3,1159.8,1164.0,1142.0
2016-12-15,1127.8,1139.8,1143.3,1123.9
2016-12-16,1135.3,1126.9,1140.9,1126.9
2016-12-19,1140.5,1139.4,1140.7,1137.9
2016-12-20,1131.5,1133.5,1133.5,1126.5
2016-12-21,1131.1,1136.1,1136.1,1130.0
2016-12-22,1128.8,1131.2,1132.8,1128.3
2016-12-23,1131.9,1130.9,1132.8,1130.3
2016-12-27,1137.3,1134.3,1142.2,1134.3
2016-12-28,1139.4,1141.2,1141.2,1138.0
2016-12-29,1156.4,1143.8,1158.8,1143.6
2016-12-30,1150.0,1162.0,1162.0,1150.0
2017-01-03,1160.4,1155.2,1160.8,1146.5
2017-01-04,1163.8,1156.3,1165.0,1156.3
2017-01-05,1179.7,1172.0,1183.3,1171.5
2017-01-06,1171.9,1176.5,1176.5,1171.9
2017-01-09,1183.5,1173.9,1183.6,1173.0
2017-01-10,1184.2,1184.3,1188.9,1182.3
2017-01-11,1195.6,1187.5,1197.0,1176.5
2017-01-12,1198.9,1192.7,1204.3,1192.3
2017-01-13,1195.3,1195.7,1196.0,1187.7
2017-01-17,1212.0,1205.5,1214.6,1200.8
2017-01-18,1211.3,1213.6,1214.7,1203.1
2017-01-19,1200.9,1200.5,1204.0,1195.8
2017-01-20,1204.3,1202.8,1212.1,1202.8
2017-01-23,1215.0,1212.0,1215.0,1210.0
2017-01-24,1210.3,1219.0,1219.0,1207.7
2017-01-25,1197.3,1202.0,1202.8,1194.9
2017-01-26,1189.5,1199.7,1199.7,1185.6
2017-01-27,1188.1,1187.9,1188.3,1187.9
2017-01-30,1193.2,1191.7,1198.5,1187.1
2017-01-31,1208.6,1194.9,1214.7,1193.5
2017-02-01,1205.6,1211.9,1211.9,1197.9
2017-02-02,1216.7,1209.7,1224.2,1208.9
2017-02-03,1218.5,1214.9,1220.6,1206.2
2017-02-06,1230.0,1221.9,1235.4,1218.5
2017-02-07,1234.2,1234.2,1236.2,1228.5
2017-02-08,1237.6,1232.1,1243.9,1231.0
2017-02-09,1235.1,1239.4,1243.5,1226.9
2017-02-10,1234.4,1227.6,1234.4,1221.5
2017-02-13,1224.4,1230.5,1231.1,1219.0
2017-02-14,1223.9,1225.9,1233.5,1222.1
2017-02-15,1231.7,1225.5,1231.7,1217.3
2017-02-16,1240.0,1234.5,1240.7,1233.2
2017-02-17,1237.6,1240.7,1241.2,1234.8
2017-02-21,1237.5,1237.3,1237.5,1228.1
2017-02-22,1232.0,1236.1,1238.6,1231.8
2017-02-23,1250.2,1236.1,1250.3,1236.1
2017-02-24,1256.9,1250.0,1258.8,1250.0
2017-02-27,1257.4,1254.7,1263.1,1250.4
2017-02-28,1252.6,1253.6,1257.3,1247.2
2017-03-01,1248.9,1247.8,1248.9,1236.9
2017-03-02,1231.9,1247.2,1247.6,1230.7
2017-03-03,1225.5,1231.7,1235.2,1222.9
2017-03-06,1224.5,1235.2,1235.2,1224.5
2017-03-07,1215.1,1224.3,1225.4,1213.7
2017-03-08,1208.5,1212.2,1212.2,1206.7
2017-03-09,1202.4,1204.5,1205.6,1202.3
2017-03-10,1200.7,1196.2,1203.3,1196.2
2017-03-13,1202.4,1206.2,1210.0,1202.3
2017-03-14,1201.9,1203.1,1205.9,1196.8
2017-03-15,1200.1,1198.2,1221.2,1197.7
2017-03-16,1226.5,1222.2,1231.4,1222.2
2017-03-17,1229.8,1227.1,1230.9,1227.1
2017-03-20,1233.6,1229.3,1234.4,1229.3
2017-03-21,1246.1,1226.4,1246.1,1226.4
2017-03-22,1249.3,1247.9,1249.5,1247.7
2017-03-23,1246.9,1246.4,1247.5,1244.8
2017-03-24,1248.2,1248.0,1248.3,1247.6
2017-03-27,1255.4,1255.8,1257.7,1253.8
2017-03-28,1255.3,1255.9,1255.9,1255.3
2017-03-29,1253.4,1252.2,1253.4,1252.1
2017-03-30,1245.0,1253.1,1253.6,1241.1
2017-03-31,1247.3,1242.1,1248.8,1238.7
2017-04-03,1250.8,1247.5,1252.4,1243.6
2017-04-04,1255.0,1253.1,1260.3,1253.0
2017-04-05,1245.4,1255.4,1255.4,1243.0
2017-04-06,1250.3,1256.1,1257.5,1249.0
2017-04-07,1254.3,1249.5,1269.1,1249.5
2017-04-10,1251.1,1252.7,1255.2,1246.8
2017-04-11,1271.2,1254.5,1273.5,1254.5
2017-04-12,1275.3,1275.0,1285.1,1272.0
2017-04-13,1285.9,1285.3,1287.6,1282.0
2017-04-17,1289.4,1291.8,1294.8,1284.3
2017-04-18,1291.7,1283.9,1291.7,1278.6
2017-04-19,1281.4,1288.0,1288.0,1274.0
2017-04-20,1281.9,1279.7,1281.9,1276.2
2017-04-21,1287.4,1279.8,1287.4,1279.2
2017-04-24,1275.8,1275.0,1276.4,1265.0
2017-04-25,1265.6,1275.6,1276.9,1262.1
2017-04-26,1262.1,1266.0,1266.0,1262.1
2017-04-27,1263.7,1266.7,1267.2,1262.2
2017-04-28,1266.1,1265.9,1267.2,1264.7
2017-05-01,1253.3,1268.7,1269.3,1253.3
2017-05-02,1255.1,1256.2,1256.2,1251.2
2017-05-03,1246.4,1255.1,1255.8,1238.7
2017-05-04,1226.5,1239.8,1239.8,1224.2
2017-05-05,1224.8,1227.0,1233.7,1224.8
2017-05-08,1225.3,1224.0,1234.0,1224.0
2017-05-09,1214.3,1226.1,1226.2,1214.0
2017-05-10,1217.3,1219.8,1220.2,1217.3
2017-05-11,1222.7,1218.5,1222.7,1218.3
2017-05-12,1226.2,1228.0,1229.5,1226.1
2017-05-15,1228.6,1227.5,1232.7,1227.5
2017-05-16,1235.0,1230.4,1237.3,1230.4
2017-05-17,1257.5,1241.0,1259.2,1240.7
2017-05-18,1251.7,1254.8,1260.0,1245.8
2017-05-19,1252.7,1252.7,1252.7,1252.7
2017-05-22,1260.7,1251.7,1260.7,1251.7
2017-05-23,1254.8,1261.5,1261.6,1250.6
2017-05-24,1252.4,1251.9,1257.8,1249.7
2017-05-25,1255.8,1257.1,1258.3,1255.8
2017-05-26,1267.6,1267.6,1267.6,1267.6
2017-05-30,1262.1,1267.4,1270.0,1258.4
2017-05-31,1272.0,1262.4,1273.2,1258.5
2017-06-01,1267.0,1268.0,1269.2,1260.8
2017-06-02,1276.8,1265.2,1279.0,1259.0
2017-06-05,1279.3,1279.2,1282.0,1277.0
2017-06-06,1294.4,1279.4,1295.2,1279.4
2017-06-07,1290.1,1291.6,1293.1,1284.3
2017-06-08,1276.3,1285.4,1287.6,1268.1
2017-06-09,1268.5,1277.9,1277.9,1264.6
2017-06-12,1266.1,1266.4,1269.3,1263.2
2017-06-13,1265.8,1264.1,1266.9,1259.7
2017-06-14,1272.8,1269.4,1278.0,1256.8
2017-06-15,1252.2,1263.2,1264.2,1250.3
2017-06-16,1254.0,1252.8,1255.3,1251.3
2017-06-19,1244.2,1252.1,1252.2,1241.9
2017-06-20,1241.0,1242.2,1245.5,1240.5
2017-06-21,1243.4,1244.1,1245.0,1240.0
2017-06-22,1247.6,1251.0,1252.7,1246.3
2017-06-23,1256.2,1250.0,1273.6,1249.8
2017-06-26,1246.3,1260.2,1260.2,1241.6
2017-06-27,1246.4,1251.6,1251.8,1245.9
2017-06-28,1248.0,1248.5,1248.5,1248.0
2017-06-29,1244.2,1248.2,1250.7,1238.1
2017-06-30,1240.7,1243.7,1243.7,1239.1
2017-07-03,1217.9,1236.0,1236.0,1217.9
2017-07-05,1220.4,1222.5,1225.0,1217.1
2017-07-06,1222.2,1225.1,1225.1,1222.2
2017-07-07,1208.6,1219.1,1220.4,1208.6
2017-07-10,1212.1,1211.4,1212.1,1209.6
2017-07-11,1213.6,1208.7,1214.9,1208.7
2017-07-12,1218.1,1218.3,1219.4,1217.9
2017-07-13,1216.3,1221.4,1221.4,1216.3
2017-07-14,1226.6,1214.9,1227.5,1214.8
2017-07-17,1232.8,1229.9,1233.4,1229.9
2017-07-18,1241.1,1236.2,1241.2,1236.2
2017-07-19,1241.2,1240.4,1241.2,1240.1
2017-07-20,1244.8,1236.6,1244.8,1236.6
2017-07-21,1254.3,1250.7,1254.3,1250.5
2017-07-24,1253.9,1256.0,1256.0,1253.9
2017-07-25,1251.7,1252.7,1253.6,1249.2
2017-07-26,1249.0,1244.8,1249.0,1244.8
2017-07-27,1259.6,1259.6,1259.6,1259.6
2017-07-28,1268.4,1258.4,1270.0,1256.9
2017-07-31,1266.6,1268.9,1270.8,1265.8
2017-08-01,1272.6,1268.4,1273.3,1262.0
2017-08-02,1271.8,1268.5,1272.1,1262.9
2017-08-03,1267.8,1265.9,1269.8,1256.6
2017-08-04,1258.3,1269.0,1269.6,1253.9
2017-08-07,1258.2,1258.7,1259.1,1255.3
2017-08-08,1256.4,1256.9,1264.1,1251.4
2017-08-09,1273.0,1260.2,1277.8,1260.2
2017-08-10,1283.7,1276.6,1287.4,1274.9
2017-08-11,1287.7,1286.3,1291.1,1282.0
2017-08-14,1284.2,1288.4,1288.4,1278.8
2017-08-15,1273.7,1280.5,1280.5,1267.4
2017-08-16,1276.9,1271.3,1282.6,1269.4
2017-08-17,1286.4,1283.8,1288.5,1283.2
2017-08-18,1285.7,1288.6,1300.7,1284.3
2017-08-21,1290.8,1285.2,1290.8,1284.7
2017-08-22,1285.1,1287.2,1288.4,1283.2
2017-08-23,1288.9,1289.4,1289.4,1286.9
2017-08-24,1286.5,1288.7,1288.7,1284.0
2017-08-25,1292.5,1285.4,1292.7,1280.3
2017-08-28,1309.7,1293.5,1311.3,1293.5
2017-08-29,1313.1,1318.8,1323.8,1313.1
2017-08-30,1308.1,1308.2,1312.5,1304.9
2017-08-31,1316.2,1306.6,1322.3,1301.7
2017-09-01,1324.5,1320.2,1327.7,1316.9
2017-09-05,1339.2,1335.2,1339.2,1328.6
2017-09-06,1333.9,1340.0,1340.3,1332.6
2017-09-07,1345.1,1336.4,1349.0,1336.4
2017-09-08,1346.0,1351.0,1355.8,1345.6
2017-09-11,1331.0,1331.0,1331.0,1327.3
2017-09-12,1328.0,1327.0,1328.0,1325.2
2017-09-13,1323.4,1323.4,1323.4,1323.4
2017-09-14,1324.7,1319.6,1329.3,1319.6
2017-09-15,1320.4,1320.6,1321.2,1319.8
2017-09-18,1306.3,1309.8,1310.4,1306.0
2017-09-19,1306.2,1307.9,1310.3,1305.1
2017-09-20,1312.0,1312.0,1312.0,1298.7
2017-09-21,1290.6,1299.1,1304.1,1290.3
2017-09-22,1293.3,1295.0,1295.7,1293.3
2017-09-25,1306.8,1293.1,1309.2,1291.0
2017-09-26,1297.0,1304.5,1305.6,1297.0
2017-09-27,1283.4,1283.4,1283.4,1283.4
2017-09-28,1285.5,1283.1,1288.0,1277.0
2017-09-29,1281.5,1284.2,1289.4,1281.5
2017-10-02,1272.7,1275.0,1276.1,1270.4
2017-10-03,1271.5,1269.7,1273.3,1268.6
2017-10-04,1273.7,1273.8,1280.8,1270.0
2017-10-05,1269.9,1277.8,1277.8,1267.6
2017-10-06,1271.6,1267.6,1272.0,1260.5
2017-10-09,1281.8,1280.6,1284.0,1279.0
2017-10-10,1290.6,1282.6,1293.0,1281.7
2017-10-11,1285.8,1287.3,1292.0,1284.9
2017-10-12,1293.3,1291.5,1294.5,1289.3
2017-10-13,1301.5,1293.3,1301.7,1291.7
2017-10-16,1299.9,1302.0,1303.8,1291.9
2017-10-17,1283.0,1295.1,1295.1,1283.0
2017-10-18,1279.9,1279.9,1279.9,1279.9
2017-10-19,1286.9,1286.4,1286.9,1285.1
2017-10-20,1277.4,1279.6,1279.6,1277.4
2017-10-23,1277.7,1274.7,1280.8,1271.5
2017-10-24,1275.0,1275.5,1275.5,1273.7
2017-10-25,1275.4,1269.9,1275.4,1269.9
2017-10-26,1266.3,1273.5,1273.5,1264.7
2017-10-27,1268.5,1268.4,1268.5,1267.1
2017-10-30,1274.1,1270.0,1274.1,1267.9
2017-10-31,1267.0,1273.1,1274.6,1266.1
2017-11-01,1274.1,1272.2,1274.8,1270.3
2017-11-02,1274.9,1274.9,1274.9,1274.9
2017-11-03,1266.5,1265.3,1267.9,1265.3
2017-11-06,1279.4,1269.0,1280.5,1269.0
2017-11-07,1273.7,1276.8,1276.8,1270.4
2017-11-08,1281.6,1275.9,1284.9,1274.7
2017-11-09,1285.6,1279.7,1286.9,1279.7
2017-11-10,1272.4,1283.5,1283.5,1272.4
2017-11-13,1277.3,1277.3,1277.3,1277.0
2017-11-14,1281.5,1276.9,1281.5,1276.9
2017-11-15,1276.5,1281.4,1284.7,1275.9
2017-11-16,1277.4,1277.5,1277.5,1277.4
2017-11-17,1295.8,1288.3,1295.8,1288.3
2017-11-20,1274.6,1274.6,1275.9,1274.6
2017-11-21,1281.1,1281.1,1281.1,1281.1
2017-11-22,1291.6,1284.7,1291.6,1282.9
2017-11-24,1286.7,1286.7,1286.7,1286.7
2017-11-27,1293.8,1293.8,1293.8,1293.8
2017-11-28,1294.7,1294.7,1294.7,1294.7
2017-11-29,1282.1,1293.4,1296.2,1281.1
2017-11-30,1273.2,1283.1,1284.5,1269.7
2017-12-01,1278.8,1274.1,1288.6,1271.0
2017-12-04,1274.3,1272.5,1276.1,1270.3
2017-12-05,1261.6,1275.4,1275.8,1260.0
2017-12-06,1262.8,1264.9,1267.8,1261.6
2017-12-07,1249.8,1262.3,1262.4,1243.9
2017-12-08,1245.2,1246.3,1249.3,1241.5
2017-12-11,1243.7,1248.4,1249.2,1239.9
2017-12-12,1238.5,1241.3,1244.4,1236.5
2017-12-13,1245.4,1241.9,1254.5,1239.8
2017-12-14,1253.8,1252.9,1257.7,1250.3
2017-12-15,1254.3,1253.1,1260.3,1253.1
2017-12-18,1262.2,1256.2,1262.4,1255.7
2017-12-19,1260.7,1261.1,1264.3,1259.5
2017-12-20,1266.1,1261.3,1266.6,1261.3
2017-12-21,1267.3,1266.4,1267.4,1264.3
2017-12-22,1275.4,1266.3,1276.3,1266.3
2017-12-26,1284.1,1282.4,1284.1,1281.8
2017-12-27,1287.0,1284.0,1287.0,1284.0
2017-12-28,1294.1,1288.2,1294.1,1288.2
2017-12-29,1306.3,1294.2,1306.3,1294.0
2018-01-02,1313.7,1302.3,1317.6,1302.3
2018-01-03,1316.2,1320.0,1320.1,1312.1
2018-01-04,1319.4,1319.4,1322.0,1319.4
2018-01-05,1320.3,1320.3,1320.3,1320.3
2018-01-08,1318.6,1319.9,1319.9,1314.6
2018-01-09,1311.7,1309.6,1311.7,1309.6
2018-01-10,1317.4,1320.3,1320.7,1315.3
2018-01-11,1320.6,1317.1,1320.6,1316.3
2018-01-12,1333.4,1327.8,1338.2,1327.8
2018-01-16,1335.4,1331.1,1335.4,1331.0
2018-01-17,1338.0,1334.4,1338.0,1326.8
2018-01-18,1326.0,1328.9,1328.9,1326.0
2018-01-19,1331.9,1330.1,1333.0,1330.1
2018-01-22,1330.9,1328.4,1330.9,1328.4
2018-01-23,1335.7,1335.8,1335.9,1335.7
2018-01-24,1355.9,1355.9,1357.2,1355.9
2018-01-25,1362.4,1356.3,1362.4,1346.7
2018-01-26,1351.6,1351.6,1352.0,1350.9
2018-01-30,1335.4,1338.7,1347.8,1332.8
2018-01-31,1339.0,1337.5,1346.9,1331.8
2018-02-01,1344.3,1343.8,1350.6,1336.8
2018-02-02,1333.7,1348.5,1352.1,1327.7
2018-02-05,1333.0,1331.1,1340.2,1329.0
2018-02-06,1326.1,1338.2,1343.7,1319.5
2018-02-07,1311.6,1325.4,1331.1,1310.5
2018-02-08,1316.9,1317.1,1321.1,1307.0
2018-02-09,1313.1,1320.9,1322.0,1311.9
2018-02-12,1324.2,1323.8,1325.5,1318.0
2018-02-13,1328.1,1324.5,1329.6,1323.4
2018-02-14,1355.5,1332.8,1355.5,1324.0
2018-02-15,1352.1,1352.0,1355.9,1349.7
2018-02-16,1353.2,1354.0,1361.4,1344.9
2018-02-20,1328.8,1348.4,1350.2,1328.5
2018-02-21,1330.0,1326.8,1331.5,1324.4
2018-02-22,1330.6,1322.0,1331.4,1322.0
2018-02-23,1328.2,1328.0,1332.1,1327.7
2018-02-26,1330.7,1335.0,1340.5,1330.7
2018-02-27,1315.5,1331.7,1332.6,1312.7
2018-02-28,1315.5,1315.4,1321.0,1315.4
2018-03-01,1302.9,1310.4,1318.1,1301.8
2018-03-02,1321.1,1314.3,1323.2,1314.3
2018-03-05,1318.1,1323.5,1325.9,1318.1
2018-03-06,1333.6,1321.6,1333.6,1321.4
2018-03-07,1326.0,1338.1,1338.1,1326.0
2018-03-08,1319.9,1324.8,1326.8,1319.3
2018-03-09,1322.4,1316.8,1322.4,1313.0
2018-03-12,1319.4,1319.4,1319.4,1319.4
2018-03-13,1325.9,1325.9,1325.9,1325.3
2018-03-14,1324.4,1322.2,1324.4,1322.2
2018-03-15,1316.8,1316.8,1316.8,1316.8
2018-03-16,1311.3,1310.1,1311.3,1310.1
2018-03-19,1316.8,1309.4,1316.9,1307.3
2018-03-20,1311.1,1311.1,1311.1,1311.1
2018-03-21,1320.7,1312.4,1328.8,1312.4
2018-03-22,1326.6,1326.6,1326.6,1326.6
2018-03-23,1349.3,1343.2,1349.3,1343.2
2018-03-26,1354.4,1348.5,1354.4,1345.1
2018-03-27,1341.3,1341.0,1341.3,1341.0
2018-03-28,1324.2,1345.0,1346.4,1322.4
2018-03-29,1322.8,1324.0,1327.1,1321.7
2018-04-02,1342.1,1327.0,1344.2,1324.7
2018-04-03,1332.8,1340.4,1341.5,1328.5
2018-04-04,1335.8,1331.8,1347.3,1331.6
2018-04-05,1324.3,1333.5,1333.7,1322.6
2018-04-06,1331.9,1326.5,1333.0,1319.0
2018-04-09,1336.3,1333.0,1337.5,1327.0
2018-04-10,1342.0,1335.2,1342.0,1333.0
2018-04-11,1356.5,1340.1,1365.4,1340.1
2018-04-12,1338.4,1351.2,1351.5,1334.6
2018-04-13,1344.8,1335.9,1346.0,1335.9
2018-04-16,1347.5,1341.0,1348.8,1341.0
2018-04-17,1347.2,1348.0,1348.1,1339.0
2018-04-18,1351.2,1343.5,1354.2,1343.5
2018-04-19,1346.8,1348.6,1355.2,1341.6
2018-04-20,1336.7,1342.5,1343.4,1335.3
2018-04-23,1322.5,1334.0,1334.4,1322.5
2018-04-24,1331.4,1326.4,1331.7,1326.2
2018-04-25,1321.2,1324.0,1325.0,1320.0
2018-04-26,1316.3,1315.7,1316.3,1315.7
2018-04-27,1320.3,1315.3,1321.7,1312.8
2018-04-30,1316.2,1309.6,1316.2,1309.6
2018-05-01,1303.8,1313.2,1313.8,1303.4
2018-05-02,1302.6,1309.0,1309.3,1302.6
2018-05-03,1310.7,1310.7,1310.7,1310.7
2018-05-04,1312.7,1312.7,1312.7,1312.7
2018-05-07,1312.2,1310.6,1312.5,1310.2
2018-05-08,1312.0,1310.1,1312.0,1308.5
2018-05-09,1311.3,1311.3,1311.3,1311.3
2018-05-10,1320.8,1312.2,1320.8,1312.2
2018-05-11,1319.0,1319.0,1319.0,1319.0
2018-05-14,1316.5,1319.9,1319.9,1316.5
2018-05-15,1288.9,1304.6,1304.7,1288.9
2018-05-16,1290.2,1290.9,1294.0,1285.4
2018-05-17,1288.2,1291.3,1291.3,1288.2
2018-05-18,1290.2,1285.2,1290.2,1285.2
2018-05-21,1290.2,1287.4,1292.1,1287.4
2018-05-22,1291.7,1291.7,1291.7,1291.7
2018-05-23,1289.3,1289.3,1289.3,1289.3
2018-05-24,1303.7,1303.7,1303.7,1303.7
2018-05-25,1303.3,1303.3,1303.3,1303.3
2018-05-29,1298.7,1298.7,1298.7,1298.7
2018-05-30,1301.5,1298.0,1303.7,1295.2
2018-05-31,1300.1,1301.0,1306.8,1296.6
2018-06-01,1294.8,1298.6,1299.5,1288.9
2018-06-04,1293.1,1293.9,1297.1,1290.0
2018-06-05,1297.5,1292.1,1299.8,1289.9
2018-06-06,1297.1,1296.1,1300.4,1294.1
2018-06-07,1298.7,1298.4,1302.8,1296.2
2018-06-08,1298.1,1295.3,1299.4,1294.8
2018-06-11,1298.9,1299.3,1302.0,1295.2
2018-06-12,1295.1,1297.8,1298.1,1292.7
2018-06-13,1296.9,1294.0,1299.4,1290.9
2018-06-14,1304.0,1297.2,1307.7,1297.2
2018-06-15,1274.6,1297.2,1307.7,1274.0
2018-06-18,1276.2,1280.7,1280.7,1276.2
2018-06-19,1275.6,1278.7,1281.8,1269.9
2018-06-20,1271.2,1274.4,1274.4,1271.2
2018-06-21,1267.2,1262.7,1268.9,1260.0
2018-06-22,1267.4,1268.1,1270.2,1267.0
2018-06-25,1265.6,1270.6,1271.2,1265.6
2018-06-26,1256.6,1267.2,1267.2,1256.6
2018-06-27,1252.8,1255.5,1255.5,1252.3
2018-06-28,1247.8,1251.7,1251.7,1244.8
2018-06-29,1251.3,1250.3,1253.3,1249.1
2018-07-02,1239.8,1249.9,1249.9,1239.8
2018-07-03,1251.6,1238.1,1254.1,1237.0
2018-07-05,1257.3,1255.5,1257.3,1253.6
2018-07-06,1254.3,1255.5,1255.5,1254.3
2018-07-09,1258.1,1258.2,1262.3,1257.7
2018-07-10,1253.8,1256.2,1256.9,1249.3
2018-07-11,1242.8,1253.2,1253.2,1242.8
2018-07-12,1245.0,1240.9,1246.7,1240.9
2018-07-13,1239.6,1244.7,1247.0,1239.6
2018-07-16,1238.1,1242.7,1243.8,1238.1
2018-07-17,1225.7,1225.7,1225.7,1225.7
2018-07-18,1226.3,1226.7,1226.7,1222.2
2018-07-19,1222.4,1227.2,1228.0,1211.7
2018-07-20,1229.5,1229.5,1229.5,1229.5
2018-07-23,1224.0,1222.0,1224.0,1222.0
2018-07-24,1223.9,1223.9,1223.9,1223.9
2018-07-25,1231.4,1231.4,1231.4,1231.4
2018-07-26,1225.3,1227.8,1227.8,1225.3
2018-07-27,1222.6,1222.6,1222.6,1222.6
2018-07-30,1221.3,1222.5,1223.9,1218.1
2018-07-31,1223.7,1220.4,1228.1,1213.0
2018-08-01,1217.9,1222.9,1223.7,1214.4
2018-08-02,1210.6,1214.7,1219.3,1205.8
2018-08-03,1214.2,1206.5,1218.6,1205.1
2018-08-06,1208.6,1214.4,1214.4,1206.6
2018-08-07,1209.6,1207.8,1214.8,1207.8
2018-08-08,1212.6,1212.0,1215.2,1205.9
2018-08-09,1211.9,1214.5,1215.3,1211.6
2018-08-10,1211.1,1212.5,1216.4,1205.6
2018-08-13,1191.3,1207.0,1207.4,1191.3
2018-08-14,1193.0,1193.1,1197.5,1192.8
2018-08-15,1177.5,1187.8,1188.1,1174.6
2018-08-16,1176.2,1173.2,1180.2,1161.4
2018-08-17,1176.5,1174.7,1181.2,1174.7
2018-08-20,1186.8,1184.8,1190.0,1184.4
2018-08-21,1192.6,1189.8,1192.6,1189.8
2018-08-22,1196.3,1194.7,1196.3,1194.7
2018-08-23,1187.0,1189.3,1190.3,1184.9
2018-08-24,1206.3,1185.3,1208.0,1185.3
2018-08-27,1209.0,1210.3,1211.4,1205.2
2018-08-28,1207.4,1209.7,1217.0,1202.3
2018-08-29,1204.5,1205.2,1205.2,1202.4
2018-08-30,1197.7,1205.4,1205.6,1196.0
2018-08-31,1200.3,1207.1,1208.2,1199.1
2018-09-04,1192.7,1193.8,1193.8,1189.9
2018-09-05,1194.9,1192.5,1196.0,1192.5
2018-09-06,1197.9,1202.0,1202.0,1197.9
2018-09-07,1193.6,1198.3,1198.3,1193.1
2018-09-10,1193.0,1193.0,1193.0,1193.0
2018-09-11,1195.4,1190.4,1196.3,1190.4
2018-09-12,1204.7,1205.0,1205.0,1204.7
2018-09-13,1202.0,1203.4,1203.4,1200.0
2018-09-14,1195.0,1195.0,1195.0,1195.0
2018-09-17,1199.7,1199.7,1199.7,1199.7
2018-09-18,1196.8,1198.7,1198.7,1196.8
2018-09-19,1202.2,1202.2,1202.2,1202.2
2018-09-20,1206.2,1206.2,1206.2,1206.2
2018-09-21,1196.2,1196.2,1196.2,1196.2
2018-09-24,1199.3,1199.3,1199.3,1199.3
2018-09-25,1200.0,1202.1,1202.8,1200.0
2018-09-26,1194.0,1194.0,1194.0,1194.0
2018-09-27,1182.3,1194.6,1197.3,1180.5
2018-09-28,1191.5,1181.7,1191.9,1180.0
2018-10-01,1187.1,1191.6,1191.6,1185.8
2018-10-02,1202.4,1193.0,1206.0,1190.3
2018-10-03,1198.3,1202.6,1202.6,1196.6
2018-10-04,1197.2,1199.3,1204.6,1197.2
2018-10-05,1201.2,1197.1,1205.3,1196.9
2018-10-08,1184.4,1201.0,1201.0,1183.7
2018-10-09,1187.2,1185.6,1189.1,1185.6
2018-10-10,1189.3,1189.3,1192.0,1189.3
2018-10-11,1223.5,1198.1,1224.6,1196.3
2018-10-12,1218.1,1221.6,1221.6,1216.0
2018-10-15,1226.4,1222.4,1232.3,1222.4
2018-10-16,1227.3,1227.1,1230.5,1227.1
2018-10-17,1223.7,1225.9,1225.9,1223.7
2018-10-18,1226.5,1226.5,1226.5,1226.5
2018-10-19,1225.3,1225.3,1225.3,1225.3
2018-10-22,1221.2,1224.5,1224.5,1219.6
2018-10-23,1233.4,1224.8,1237.8,1224.8
2018-10-24,1227.8,1231.6,1231.6,1227.8
2018-10-25,1229.1,1238.6,1238.6,1229.1
2018-10-26,1232.5,1234.3,1234.8,1232.5
2018-10-29,1224.5,1224.5,1224.5,1224.5
2018-10-30,1222.6,1227.7,1227.7,1219.8
2018-10-31,1212.3,1216.0,1216.6,1212.0
2018-11-01,1236.0,1215.4,1236.0,1215.4
2018-11-02,1230.9,1233.3,1233.3,1230.9
2018-11-05,1229.8,1230.6,1231.5,1226.7
2018-11-06,1223.8,1230.7,1233.8,1223.8
2018-11-07,1226.2,1228.6,1228.6,1226.2
2018-11-08,1222.9,1222.9,1222.9,1222.9
2018-11-09,1206.4,1207.9,1207.9,1206.4
2018-11-12,1201.3,1201.6,1201.6,1201.3
2018-11-13,1199.2,1196.3,1201.3,1196.3
2018-11-14,1207.9,1207.9,1207.9,1207.9
2018-11-15,1212.8,1212.8,1212.8,1212.8
2018-11-16,1220.8,1216.7,1223.8,1216.7
2018-11-19,1223.1,1223.1,1223.1,1223.1
2018-11-20,1219.0,1225.3,1228.8,1219.0
2018-11-21,1225.8,1225.8,1225.8,1225.8
2018-11-23,1221.0,1224.8,1224.8,1221.0
2018-11-26,1220.2,1220.2,1222.0,1220.2
2018-11-27,1211.2,1221.9,1222.0,1211.2
2018-11-28,1221.4,1211.5,1221.4,1211.5
2018-11-29,1224.1,1221.0,1228.7,1220.5
2018-11-30,1220.2,1224.1,1225.0,1216.1
2018-12-03,1233.9,1222.5,1234.1,1221.3
2018-12-04,1241.1,1231.0,1241.4,1230.4
2018-12-06,1238.1,1237.5,1244.4,1234.8
2018-12-07,1246.8,1238.3,1249.8,1237.6
2018-12-10,1243.7,1249.6,1249.6,1241.7
2018-12-11,1241.9,1245.8,1248.7,1241.5
2018-12-12,1244.4,1245.3,1245.6,1244.1
2018-12-13,1242.7,1243.5,1243.5,1241.0
2018-12-14,1237.0,1241.7,1241.7,1234.1
2018-12-17,1247.4,1239.3,1247.4,1239.3
2018-12-18,1249.2,1248.2,1249.2,1245.6
2018-12-19,1252.1,1255.8,1255.8,1252.1
2018-12-20,1263.6,1243.2,1263.6,1243.2
2018-12-21,1253.8,1260.3,1261.3,1253.8
2018-12-24,1267.5,1260.3,1268.5,1260.3
2018-12-26,1269.2,1269.3,1277.4,1269.2
2018-12-27,1277.3,1276.7,1277.3,1276.7
2018-12-28,1279.9,1273.5,1280.1,1273.5
2018-12-31,1278.3,1278.0,1281.3,1277.6
2019-01-02,1281.0,1286.0,1286.0,1277.6
2019-01-03,1291.8,1286.8,1292.0,1286.7
2019-01-04,1282.7,1294.2,1294.2,1275.3
2019-01-07,1286.8,1286.8,1286.8,1286.6
2019-01-08,1283.2,1280.5,1283.2,1278.2
2019-01-09,1289.3,1279.4,1289.3,1279.2
2019-01-10,1284.7,1284.7,1284.7,1284.7
2019-01-11,1287.1,1291.2,1291.2,1286.3
2019-01-14,1289.1,1292.4,1293.9,1289.1
2019-01-15,1286.2,1290.1,1292.7,1286.2
2019-01-16,1291.6,1291.6,1291.6,1291.6
2019-01-17,1291.0,1291.6,1292.7,1288.5
2019-01-18,1281.3,1281.3,1281.3,1281.3
2019-01-22,1282.5,1282.5,1283.3,1282.5
2019-01-23,1283.1,1281.7,1283.9,1278.7
2019-01-24,1279.1,1279.1,1279.1,1278.5
2019-01-25,1297.4,1297.4,1297.4,1297.4
2019-01-28,1302.4,1300.8,1307.1,1298.4
2019-01-29,1308.2,1308.2,1308.2,1308.2
2019-01-30,1309.9,1310.4,1323.4,1308.1
2019-01-31,1319.7,1320.0,1325.4,1316.7
2019-02-01,1316.9,1320.3,1320.7,1315.4
2019-02-04,1314.3,1318.1,1318.1,1308.3
2019-02-05,1314.2,1311.1,1315.1,1311.0
2019-02-06,1309.5,1312.5,1313.5,1305.0
2019-02-07,1309.4,1302.9,1310.4,1302.2
2019-02-08,1313.7,1309.5,1314.0,1307.8
2019-02-11,1307.0,1313.4,1313.4,1304.7
2019-02-12,1309.2,1310.0,1312.0,1307.6
2019-02-13,1310.8,1311.6,1316.0,1308.1
2019-02-14,1309.8,1305.0,1311.8,1301.6
2019-02-15,1318.1,1313.6,1318.8,1313.6
2019-02-19,1340.1,1320.9,1340.1,1320.5
2019-02-20,1343.3,1342.2,1344.0,1338.0
2019-02-21,1323.5,1331.3,1334.9,1320.9
2019-02-22,1329.2,1324.2,1331.3,1321.0
2019-02-25,1325.9,1329.2,1331.6,1325.6
2019-02-26,1325.1,1323.3,1325.5,1323.3
2019-02-27,1317.7,1327.7,1327.9,1316.5
2019-02-28,1312.8,1321.1,1323.7,1311.5
2019-03-01,1296.4,1312.2,1312.2,1288.9
2019-03-04,1284.8,1285.5,1287.0,1281.9
2019-03-05,1282.0,1287.0,1287.0,1282.0
2019-03-06,1284.9,1287.1,1287.1,1282.6
2019-03-07,1283.8,1281.0,1284.6,1281.0
2019-03-08,1297.0,1292.1,1297.4,1291.6
2019-03-11,1288.8,1291.0,1291.0,1288.8
2019-03-12,1296.3,1294.7,1296.3,1294.7
2019-03-13,1307.5,1307.5,1307.5,1307.5
2019-03-14,1293.4,1293.4,1293.4,1293.4
2019-03-15,1301.8,1300.9,1304.7,1300.5
2019-03-18,1300.3,1297.3,1302.2,1297.3
2019-03-19,1305.0,1306.9,1306.9,1304.8
2019-03-20,1300.5,1300.7,1300.7,1300.5
2019-03-21,1306.1,1306.1,1306.1,1306.1
2019-03-22,1311.6,1311.6,1311.6,1311.6
2019-03-25,1321.9,1320.7,1322.9,1320.7
2019-03-26,1314.3,1315.6,1315.6,1314.3
2019-03-27,1309.9,1309.9,1309.9,1309.9
2019-03-28,1289.8,1308.4,1311.1,1287.7
2019-03-29,1293.0,1289.6,1298.5,1286.1
2019-04-01,1288.4,1291.8,1295.9,1285.7
2019-04-02,1290.0,1286.3,1290.9,1284.5
2019-04-03,1289.9,1291.4,1293.1,1287.5
2019-04-04,1289.0,1290.6,1292.6,1279.5
2019-04-05,1290.4,1292.0,1292.0,1283.6
2019-04-08,1297.1,1292.2,1302.1,1291.8
2019-04-09,1303.5,1298.5,1304.9,1298.5
2019-04-10,1309.1,1304.0,1309.1,1301.5
2019-04-11,1288.6,1307.0,1307.1,1288.6
2019-04-12,1290.6,1293.4,1293.4,1289.2
2019-04-15,1286.8,1284.8,1287.3,1282.3
2019-04-16,1272.6,1285.2,1285.2,1272.2
2019-04-17,1272.2,1273.5,1273.5,1271.6
2019-04-18,1271.9,1270.8,1273.6,1270.1
2019-04-22,1273.5,1273.5,1273.5,1273.5
2019-04-23,1269.3,1266.4,1269.8,1266.0
2019-04-24,1275.5,1268.4,1275.5,1267.8
2019-04-25,1275.8,1280.6,1280.8,1275.8
2019-04-26,1284.9,1284.9,1284.9,1284.9
2019-04-29,1278.6,1284.8,1284.9,1277.1
2019-04-30,1282.8,1281.7,1283.3,1280.8
2019-05-01,1281.4,1278.7,1283.3,1278.7
2019-05-02,1269.7,1269.2,1270.8,1266.6
2019-05-03,1279.2,1270.1,1279.2,1270.1
2019-05-06,1281.7,1282.2,1282.2,1280.3
2019-05-07,1283.5,1280.5,1283.5,1280.5
2019-05-08,1279.4,1279.4,1279.4,1279.4
2019-05-09,1283.5,1278.9,1285.0,1278.8
2019-05-10,1285.7,1285.4,1286.5,1283.3
2019-05-13,1300.1,1286.7,1300.1,1281.8
2019-05-14,1294.7,1297.8,1297.8,1294.7
2019-05-15,1296.3,1296.9,1296.9,1296.0
2019-05-16,1285.0,1285.2,1285.4,1285.0
2019-05-17,1274.5,1280.0,1280.0,1274.5
2019-05-20,1276.1,1276.1,1276.1,1276.1
2019-05-21,1272.0,1272.0,1272.0,1272.0
2019-05-22,1273.6,1273.6,1273.6,1273.6
2019-05-23,1284.8,1284.8,1284.8,1284.8
2019-05-24,1283.0,1283.0,1283.0,1283.0
2019-05-28,1276.5,1276.5,1276.5,1276.5
2019-05-29,1280.6,1280.6,1280.6,1280.6
2019-05-30,1287.1,1279.4,1288.3,1273.9
2019-05-31,1305.8,1287.7,1306.4,1287.5
2019-06-03,1322.7,1307.0,1327.8,1307.0
2019-06-04,1323.4,1324.3,1328.6,1320.8
2019-06-05,1328.3,1328.9,1343.3,1326.3
2019-06-06,1337.6,1330.8,1338.7,1326.2
2019-06-07,1341.2,1333.1,1347.7,1329.8
2019-06-10,1324.7,1335.8,1336.5,1324.1
2019-06-11,1326.4,1328.4,1328.4,1319.1
2019-06-12,1331.9,1326.9,1334.5,1326.9
2019-06-13,1339.2,1331.6,1341.1,1331.6
2019-06-14,1340.1,1345.4,1355.4,1339.3
2019-06-17,1338.7,1339.0,1340.3,1335.0
2019-06-18,1346.6,1349.3,1349.3,1341.6
2019-06-19,1344.6,1344.0,1344.6,1344.0
2019-06-20,1392.9,1381.5,1392.9,1379.5
2019-06-21,1396.2,1406.0,1406.0,1390.3
2019-06-24,1414.3,1406.0,1420.6,1402.1
2019-06-25,1414.9,1418.1,1433.3,1414.9
2019-06-26,1411.6,1407.2,1413.3,1405.8
2019-06-27,1408.4,1407.0,1410.8,1399.8
2019-06-28,1409.7,1408.3,1422.0,1408.3
2019-07-01,1385.6,1386.6,1395.8,1382.8
2019-07-02,1404.6,1391.1,1418.4,1390.8
2019-07-03,1417.7,1431.0,1434.0,1413.1
2019-07-05,1396.7,1418.3,1418.3,1390.2
2019-07-08,1397.0,1395.9,1397.0,1393.6
2019-07-09,1397.5,1394.5,1397.5,1386.2
2019-07-10,1410.1,1409.9,1410.1,1409.9
2019-07-11,1404.3,1424.0,1424.0,1404.3
2019-07-12,1409.9,1405.6,1410.1,1405.6
2019-07-15,1411.4,1414.4,1415.0,1411.4
2019-07-16,1409.2,1413.6,1413.7,1405.0
2019-07-17,1421.3,1404.6,1421.3,1404.6
2019-07-18,1426.1,1422.3,1444.2,1419.5
2019-07-19,1425.1,1440.5,1442.0,1425.1
2019-07-22,1425.3,1425.3,1425.3,1424.0
2019-07-23,1420.1,1418.6,1421.3,1416.3
2019-07-24,1422.8,1422.8,1422.8,1422.8
2019-07-25,1413.9,1413.9,1413.9,1413.9
2019-07-26,1418.5,1422.8,1423.0,1418.5
2019-07-29,1419.6,1419.6,1419.6,1419.6
2019-07-30,1429.7,1426.3,1433.9,1422.1
2019-07-31,1426.1,1431.3,1435.8,1411.2
2019-08-01,1420.9,1411.3,1445.2,1400.9
2019-08-02,1445.6,1448.0,1448.0,1432.3
2019-08-05,1464.6,1440.4,1469.7,1440.4
2019-08-06,1472.4,1469.7,1475.0,1457.7
2019-08-07,1507.3,1473.5,1509.9,1473.2
2019-08-08,1497.7,1498.4,1508.5,1492.0
2019-08-09,1496.6,1506.2,1507.5,1495.6
2019-08-12,1505.3,1496.0,1514.9,1488.1
2019-08-13,1502.2,1510.4,1531.4,1483.7
2019-08-14,1515.9,1500.0,1520.5,1497.0
2019-08-15,1519.6,1519.8,1522.7,1510.6
2019-08-16,1512.5,1524.6,1524.6,1504.7
2019-08-19,1500.4,1507.2,1507.6,1492.9
2019-08-20,1504.6,1497.5,1506.1,1497.5
2019-08-21,1504.6,1504.9,1505.0,1498.8
2019-08-22,1497.3,1495.1,1497.3,1493.8
2019-08-23,1526.6,1493.5,1527.6,1493.5
2019-08-26,1526.3,1543.2,1543.3,1524.3
2019-08-27,1541.0,1530.5,1542.1,1528.5
2019-08-28,1537.8,1538.1,1538.1,1537.8
2019-08-29,1526.5,1537.5,1549.3,1519.6
2019-08-30,1519.1,1524.6,1530.4,1516.7
2019-09-03,1545.9,1522.9,1547.3,1521.0
2019-09-04,1550.3,1549.0,1553.2,1534.8
2019-09-05,1515.4,1551.0,1551.1,1511.1
2019-09-06,1506.2,1517.3,1526.0,1504.5
2019-09-09,1502.2,1509.0,1513.0,1498.0
2019-09-10,1490.3,1498.5,1498.5,1486.9
2019-09-11,1494.4,1491.7,1496.6,1490.2
2019-09-12,1498.7,1499.5,1515.4,1498.7
2019-09-13,1490.9,1490.9,1490.9,1486.9
2019-09-16,1503.1,1506.6,1506.8,1496.9
2019-09-17,1505.1,1497.9,1505.1,1497.9
2019-09-18,1507.5,1508.9,1509.4,1489.3
2019-09-19,1498.4,1496.1,1502.4,1496.1
2019-09-20,1507.3,1503.0,1507.3,1503.0
2019-09-23,1523.7,1515.5,1523.7,1515.5
2019-09-24,1532.1,1515.1,1533.0,1515.1
2019-09-25,1504.6,1527.6,1527.9,1504.6
2019-09-26,1507.5,1507.5,1507.5,1507.5
2019-09-27,1499.1,1504.2,1506.1,1485.6
2019-09-30,1465.7,1495.9,1495.9,1463.5
2019-10-01,1482.0,1468.7,1485.5,1458.3
2019-10-02,1501.0,1476.6,1503.7,1474.1
2019-10-03,1507.1,1497.4,1518.2,1496.6
2019-10-04,1506.2,1505.6,1508.7,1497.1
2019-10-07,1497.7,1504.8,1505.8,1489.1
2019-10-08,1497.2,1489.4,1506.3,1489.3
2019-10-09,1506.1,1507.7,1507.7,1498.4
2019-10-10,1494.8,1511.2,1511.2,1490.6
2019-10-11,1482.7,1491.9,1494.9,1476.9
2019-10-14,1491.7,1484.4,1493.5,1481.3
2019-10-15,1477.6,1488.9,1495.4,1476.6
2019-10-16,1488.0,1482.0,1488.0,1480.0
2019-10-17,1492.3,1486.2,1493.2,1485.8
2019-10-18,1488.2,1487.3,1489.1,1486.6
2019-10-21,1482.4,1489.9,1489.9,1481.5
2019-10-22,1481.7,1483.4,1483.5,1481.7
2019-10-23,1489.9,1486.4,1490.3,1486.4
2019-10-24,1498.9,1490.5,1501.2,1485.9
2019-10-25,1499.5,1501.4,1514.3,1499.0
2019-10-28,1490.0,1504.1,1504.1,1490.0
2019-10-29,1487.0,1485.9,1487.0,1485.9
2019-10-30,1493.2,1487.2,1495.4,1481.0
2019-10-31,1511.4,1496.1,1513.1,1496.1
2019-11-01,1508.0,1511.0,1511.6,1503.0
2019-11-04,1508.0,1511.6,1511.6,1508.0
2019-11-05,1480.8,1507.1,1507.1,1480.8
2019-11-06,1490.2,1483.2,1491.0,1483.2
2019-11-07,1464.2,1489.1,1489.1,1464.2
2019-11-08,1461.3,1469.1,1469.1,1461.3
2019-11-11,1455.5,1461.0,1461.0,1449.3
2019-11-12,1452.1,1454.9,1454.9,1447.1
2019-11-13,1461.7,1456.8,1463.3,1456.8
2019-11-14,1471.8,1463.8,1471.8,1463.7
2019-11-15,1467.3,1469.1,1469.1,1467.3
2019-11-18,1470.9,1472.0,1472.0,1469.7
2019-11-19,1473.3,1467.7,1474.3,1467.7
2019-11-20,1473.3,1472.6,1474.5,1467.3
2019-11-21,1463.1,1463.1,1463.1,1463.1
2019-11-22,1463.1,1468.6,1468.6,1463.1
2019-11-25,1456.6,1457.1,1457.1,1455.5
2019-11-26,1459.8,1459.8,1459.8,1459.8
2019-11-27,1453.4,1461.1,1461.9,1452.0
2019-11-29,1465.6,1453.6,1465.6,1452.1
2019-12-02,1462.3,1462.8,1464.4,1453.3
2019-12-03,1478.2,1461.6,1480.4,1459.5
2019-12-04,1474.0,1477.5,1483.4,1471.2
2019-12-05,1476.9,1474.7,1478.0,1472.3
2019-12-06,1459.1,1475.0,1476.0,1458.2
2019-12-09,1459.3,1458.8,1464.2,1458.6
2019-12-10,1462.6,1460.7,1467.2,1460.7
2019-12-11,1469.4,1463.1,1475.4,1463.1
2019-12-12,1466.7,1475.1,1483.9,1463.7
2019-12-13,1475.6,1463.1,1475.9,1463.1
2019-12-16,1475.0,1473.8,1475.3,1473.8
2019-12-17,1474.6,1474.1,1476.9,1474.0
2019-12-18,1472.6,1472.6,1472.6,1472.6
2019-12-19,1478.2,1475.9,1478.9,1473.3
2019-12-20,1474.7,1476.7,1478.1,1474.7
2019-12-23,1482.5,1482.3,1482.5,1479.9
2019-12-24,1499.1,1488.7,1499.1,1488.7
2019-12-26,1509.3,1505.2,1512.3,1505.0
2019-12-27,1513.8,1513.8,1513.8,1513.8
2019-12-30,1514.5,1512.6,1515.1,1510.0
2019-12-31,1519.5,1513.8,1523.4,1513.8
2020-01-02,1524.5,1518.1,1528.7,1518.0
2020-01-03,1549.2,1530.1,1552.7,1530.1
2020-01-06,1566.2,1580.0,1580.0,1560.4
2020-01-07,1571.8,1558.3,1576.3,1558.3
2020-01-08,1557.4,1579.7,1604.2,1552.3
2020-01-09,1551.7,1555.7,1555.7,1543.3
2020-01-10,1557.5,1551.2,1558.8,1545.4
2020-01-13,1548.4,1557.4,1558.0,1548.4
2020-01-14,1542.4,1546.7,1546.7,1534.9
2020-01-15,1552.1,1548.0,1553.9,1545.6
2020-01-16,1549.0,1555.7,1556.1,1548.5
2020-01-17,1558.8,1554.1,1558.8,1553.6
2020-01-21,1556.4,1559.3,1566.2,1551.0
2020-01-22,1555.3,1549.8,1557.1,1549.8
2020-01-23,1564.6,1553.1,1564.6,1552.2
2020-01-24,1571.1,1556.3,1571.1,1556.3
2020-01-27,1576.8,1584.3,1584.5,1576.8
2020-01-28,1569.2,1576.4,1576.4,1569.2
2020-01-29,1569.8,1569.8,1569.8,1569.8
2020-01-30,1583.5,1576.8,1585.0,1571.4
2020-01-31,1582.9,1573.4,1589.0,1570.0
2020-02-03,1577.2,1592.9,1593.3,1568.2
2020-02-04,1550.4,1577.7,1577.7,1547.8
2020-02-05,1557.8,1553.2,1560.7,1547.7
2020-02-06,1565.1,1553.6,1565.6,1551.6
2020-02-07,1568.6,1564.9,1571.9,1560.5
2020-02-10,1574.7,1569.3,1574.7,1568.6
2020-02-11,1565.6,1570.9,1571.1,1561.9
2020-02-12,1567.4,1565.2,1568.7,1561.0
2020-02-13,1575.1,1570.2,1575.1,1570.2
2020-02-14,1582.7,1575.8,1582.7,1574.8
2020-02-18,1600.0,1579.8,1604.3,1579.8
2020-02-19,1607.5,1600.6,1610.5,1599.7
2020-02-20,1616.6,1606.5,1621.0,1603.0
2020-02-21,1644.6,1619.3,1645.0,1619.3
2020-02-24,1672.4,1657.0,1686.6,1650.0
2020-02-25,1646.9,1645.1,1653.7,1632.3
2020-02-26,1640.0,1644.0,1648.1,1636.4
2020-02-27,1640.0,1641.1,1658.0,1638.5
2020-02-28,1564.1,1640.3,1642.5,1564.1
2020-03-02,1592.3,1583.9,1608.3,1574.3
2020-03-03,1642.1,1594.5,1645.3,1594.0
2020-03-04,1641.1,1645.4,1645.9,1631.3
2020-03-05,1666.4,1637.3,1672.9,1637.2
2020-03-06,1670.8,1670.8,1686.2,1647.2
2020-03-09,1674.5,1696.1,1701.6,1657.7
2020-03-10,1659.1,1671.6,1674.6,1643.0
2020-03-11,1641.4,1656.6,1666.5,1635.0
2020-03-12,1589.3,1637.0,1647.5,1566.4
2020-03-13,1515.7,1574.9,1589.8,1513.8
2020-03-16,1485.9,1569.1,1569.1,1452.1
2020-03-17,1524.9,1469.3,1537.7,1469.3
2020-03-18,1477.3,1537.5,1542.0,1477.3
2020-03-19,1478.6,1481.5,1491.6,1471.0
2020-03-20,1484.0,1483.5,1484.0,1483.5
2020-03-23,1567.0,1505.3,1567.0,1490.2
2020-03-24,1660.2,1592.7,1685.5,1592.7
2020-03-25,1632.3,1676.5,1676.5,1631.1
2020-03-26,1650.1,1660.5,1660.5,1650.1
2020-03-27,1623.9,1623.9,1623.9,1623.9
2020-03-30,1622.0,1641.2,1652.8,1607.2
2020-03-31,1583.4,1618.7,1621.0,1576.0
2020-04-01,1578.2,1570.0,1600.0,1570.0
2020-04-02,1625.7,1590.9,1631.2,1586.0
2020-04-03,1633.7,1624.5,1636.0,1619.8
2020-04-06,1677.0,1629.1,1696.7,1625.9
2020-04-07,1664.8,1695.7,1724.4,1658.0
2020-04-08,1665.4,1669.7,1677.0,1662.5
2020-04-09,1736.2,1662.7,1736.2,1662.7
2020-04-13,1744.8,1722.0,1756.8,1710.7
2020-04-14,1756.7,1756.8,1775.0,1739.5
2020-04-15,1727.2,1739.4,1744.9,1722.7
2020-04-16,1720.4,1731.0,1750.6,1715.0
2020-04-17,1689.2,1715.7,1725.0,1684.9
2020-04-20,1701.6,1686.0,1701.6,1680.0
2020-04-21,1678.2,1697.0,1707.1,1659.9
2020-04-22,1728.7,1696.0,1728.7,1684.8
2020-04-23,1733.3,1734.0,1745.1,1733.3
2020-04-24,1723.5,1744.0,1744.0,1714.5
2020-04-27,1711.9,1731.9,1731.9,1711.9
2020-04-28,1710.5,1716.6,1716.6,1707.1
2020-04-29,1703.4,1710.0,1713.5,1702.0
2020-04-30,1684.2,1719.3,1719.3,1680.8
2020-05-01,1694.5,1686.6,1701.5,1670.5
2020-05-04,1706.9,1702.6,1709.0,1699.6
2020-05-05,1704.4,1701.5,1704.4,1697.2
2020-05-06,1684.2,1704.0,1704.0,1684.2
2020-05-07,1721.8,1686.2,1721.8,1685.6
2020-05-08,1709.9,1726.2,1728.9,1703.8
2020-05-11,1695.3,1702.3,1704.5,1690.2
2020-05-12,1704.4,1699.3,1713.1,1699.3
2020-05-13,1713.9,1702.0,1721.3,1701.9
2020-05-14,1738.1,1724.3,1743.1,1720.5
2020-05-15,1753.4,1739.7,1753.4,1739.7
2020-05-18,1731.8,1755.7,1770.5,1731.8
2020-05-19,1744.2,1744.2,1749.5,1744.2
2020-05-20,1750.6,1751.6,1752.1,1745.6
2020-05-21,1720.5,1746.8,1746.8,1720.5
2020-05-22,1734.6,1726.6,1734.6,1726.6
2020-05-26,1704.8,1726.4,1726.4,1704.8
2020-05-27,1710.3,1685.6,1710.3,1685.6
2020-05-28,1713.3,1709.3,1727.8,1705.0
2020-05-29,1736.9,1718.8,1738.3,1715.1
2020-06-01,1737.8,1740.4,1747.0,1727.1
2020-06-02,1725.2,1743.0,1745.5,1721.8
2020-06-03,1697.8,1726.3,1726.3,1684.5
2020-06-04,1718.9,1694.5,1718.9,1694.5
2020-06-05,1676.2,1711.8,1711.8,1668.6
2020-06-08,1698.3,1679.1,1699.4,1675.9
2020-06-09,1714.7,1694.6,1720.9,1692.0
2020-06-10,1713.3,1716.1,1740.8,1711.9
2020-06-11,1732.0,1737.2,1744.1,1720.0
2020-06-12,1729.3,1724.9,1743.0,1724.9
2020-06-15,1720.3,1730.0,1730.0,1703.3
2020-06-16,1729.6,1726.3,1729.6,1722.4
2020-06-17,1729.2,1714.7,1729.2,1714.7
2020-06-18,1724.8,1730.5,1734.1,1717.3
2020-06-19,1745.9,1723.7,1750.7,1723.5
2020-06-22,1756.7,1755.2,1767.6,1750.5
2020-06-23,1772.1,1755.4,1776.3,1754.2
2020-06-24,1765.8,1778.3,1783.1,1764.5
2020-06-25,1762.1,1761.7,1764.8,1759.8
2020-06-26,1772.5,1766.0,1772.5,1764.7
2020-06-29,1774.8,1779.8,1780.2,1774.3
2020-06-30,1793.0,1777.3,1793.2,1774.4
2020-07-01,1773.2,1793.6,1798.0,1765.8
2020-07-02,1784.0,1773.4,1784.0,1768.7
2020-07-06,1788.5,1788.2,1790.1,1788.2
2020-07-07,1804.2,1789.3,1804.2,1783.3
2020-07-08,1815.5,1801.5,1817.9,1801.5
2020-07-09,1799.2,1816.1,1819.8,1799.2
2020-07-10,1798.2,1805.5,1805.5,1797.7
2020-07-13,1811.0,1805.0,1811.0,1805.0
2020-07-14,1810.6,1791.0,1811.5,1791.0
2020-07-15,1811.4,1806.1,1813.5,1806.1
2020-07-16,1798.7,1810.9,1810.9,1794.3
2020-07-17,1808.3,1798.5,1810.1,1798.5
2020-07-20,1815.9,1807.0,1817.3,1807.0
2020-07-21,1842.4,1822.0,1842.4,1822.0
2020-07-22,1864.1,1858.1,1867.0,1854.7
2020-07-23,1889.1,1868.7,1890.3,1868.5
2020-07-24,1897.3,1884.3,1897.3,1884.3
2020-07-27,1931.0,1901.7,1938.0,1901.5
2020-07-28,1944.7,1931.5,1944.7,1928.6
2020-07-29,1953.5,1953.2,1953.5,1952.6
2020-07-30,1942.3,1963.4,1965.1,1930.0
2020-07-31,1962.8,1948.6,1981.1,1948.0
2020-08-03,1966.0,1984.3,1984.3,1955.5
2020-08-04,2001.2,1971.0,2016.2,1968.8
2020-08-05,2031.1,2024.0,2050.2,2011.0
2020-08-06,2051.5,2045.5,2063.0,2040.0
2020-08-07,2010.1,2040.1,2055.0,2009.6
2020-08-10,2024.4,2026.4,2043.8,2017.5
2020-08-11,1932.6,2012.4,2016.0,1904.0
2020-08-12,1934.9,1923.0,1946.6,1871.6
2020-08-13,1956.7,1921.5,1957.4,1916.9
2020-08-14,1937.0,1938.7,1947.4,1937.0
2020-08-17,1985.0,1949.6,1985.0,1949.6
2020-08-18,1999.4,2001.1,2002.8,1972.1
2020-08-19,1958.7,1980.0,1980.0,1938.7
2020-08-20,1933.8,1941.2,1948.3,1922.3
2020-08-21,1934.6,1941.0,1945.0,1908.9
2020-08-24,1927.7,1930.2,1940.0,1922.2
2020-08-25,1911.8,1927.5,1928.5,1911.8
2020-08-26,1940.7,1909.7,1950.8,1909.7
2020-08-27,1921.6,1948.9,1972.5,1921.6
2020-08-28,1964.6,1927.1,1971.3,1922.5
2020-08-31,1967.6,1970.0,1971.3,1953.3
2020-09-01,1968.2,1961.7,1986.3,1961.7
2020-09-02,1934.4,1967.3,1967.3,1934.4
2020-09-03,1927.6,1937.1,1938.8,1923.0
2020-09-04,1923.9,1927.9,1939.7,1917.7
2020-09-08,1933.0,1930.9,1937.9,1903.1
2020-09-09,1944.7,1926.9,1946.2,1924.6
2020-09-10,1954.2,1944.1,1962.7,1944.1
2020-09-11,1937.8,1944.0,1949.5,1937.8
2020-09-14,1953.1,1946.3,1953.1,1943.0
2020-09-15,1956.3,1955.8,1968.5,1955.8
2020-09-16,1960.2,1961.3,1961.4,1956.7
2020-09-17,1940.0,1939.0,1946.0,1933.7
2020-09-18,1952.1,1950.5,1952.1,1949.0
2020-09-21,1901.2,1946.2,1946.2,1883.4
2020-09-22,1898.6,1913.1,1913.1,1898.6
2020-09-23,1859.9,1875.5,1875.5,1859.9
2020-09-24,1868.3,1851.5,1868.3,1851.5
2020-09-25,1857.7,1856.3,1857.7,1856.3
2020-09-28,1872.8,1872.8,1872.8,1872.8
2020-09-29,1894.3,1876.5,1895.4,1872.4
2020-09-30,1887.5,1893.0,1899.7,1879.8
2020-10-01,1908.4,1884.1,1909.6,1882.5
2020-10-02,1900.2,1893.9,1913.0,1893.9
2020-10-05,1912.5,1898.9,1915.6,1884.7
2020-10-06,1901.1,1906.6,1918.0,1874.4
2020-10-07,1883.6,1874.1,1889.8,1873.1
2020-10-08,1888.6,1893.0,1893.0,1882.7
2020-10-09,1919.5,1909.3,1929.1,1905.1
2020-10-12,1922.5,1924.0,1926.5,1921.6
2020-10-13,1888.5,1921.9,1922.2,1887.0
2020-10-14,1901.3,1889.7,1910.8,1882.5
2020-10-15,1903.2,1897.3,1906.3,1889.6
2020-10-16,1900.8,1898.5,1900.8,1898.5
2020-10-19,1906.4,1907.3,1907.8,1899.5
2020-10-20,1910.4,1901.3,1910.4,1896.1
2020-10-21,1924.6,1913.6,1927.3,1913.6
2020-10-22,1901.1,1924.3,1924.3,1898.2
2020-10-23,1902.0,1899.9,1913.3,1896.2
2020-10-26,1902.7,1895.5,1907.0,1893.5
2020-10-27,1908.8,1904.6,1908.8,1904.4
2020-10-28,1876.2,1870.9,1876.2,1870.9
2020-10-29,1865.6,1876.1,1879.8,1858.8
2020-10-30,1877.4,1862.8,1886.6,1862.8
2020-11-02,1890.4,1872.9,1894.7,1872.9
2020-11-03,1908.5,1891.5,1908.5,1891.5
2020-11-04,1894.6,1893.8,1907.0,1885.3
2020-11-05,1945.3,1901.7,1948.0,1901.7
2020-11-06,1950.3,1940.8,1958.8,1940.8
2020-11-09,1853.2,1955.6,1963.2,1847.1
2020-11-10,1875.4,1879.3,1885.3,1871.2
2020-11-11,1860.7,1878.8,1878.8,1855.5
2020-11-12,1872.6,1869.0,1878.5,1866.6
2020-11-13,1885.7,1877.0,1890.1,1876.8
2020-11-16,1887.3,1874.6,1887.3,1871.0
2020-11-17,1884.5,1888.4,1888.4,1884.5
2020-11-18,1873.5,1873.5,1873.5,1873.5
2020-11-19,1861.1,1865.8,1865.8,1856.0
2020-11-20,1872.6,1871.2,1872.6,1871.2
2020-11-23,1837.8,1834.8,1837.8,1829.2
2020-11-24,1804.8,1829.3,1829.3,1799.3
2020-11-25,1805.7,1801.4,1805.7,1801.4
2020-11-27,1781.9,1806.1,1817.0,1770.7
2020-11-30,1775.7,1785.0,1787.2,1762.3
2020-12-01,1814.1,1775.0,1815.9,1774.9
2020-12-02,1825.7,1811.3,1830.0,1807.8
2020-12-03,1836.8,1829.2,1842.0,1825.3
2020-12-04,1835.9,1840.7,1847.6,1828.2
2020-12-07,1861.8,1836.5,1866.9,1820.8
2020-12-08,1870.8,1863.0,1875.8,1861.8
2020-12-09,1834.6,1867.1,1867.1,1827.0
2020-12-10,1833.6,1833.2,1849.1,1828.0
2020-12-11,1839.8,1838.5,1846.0,1829.1
2020-12-14,1828.7,1835.5,1835.7,1822.7
2020-12-15,1852.3,1833.5,1853.6,1833.2
2020-12-16,1856.1,1856.5,1864.7,1850.5
2020-12-17,1887.2,1874.2,1896.2,1874.2
2020-12-18,1885.7,1882.4,1889.5,1882.3
2020-12-21,1879.2,1884.8,1908.0,1869.1
2020-12-22,1866.6,1882.2,1882.2,1861.0
2020-12-23,1874.7,1867.0,1878.8,1864.5
2020-12-24,1879.9,1877.3,1879.9,1875.7
2020-12-28,1877.2,1895.5,1895.8,1873.7
2020-12-29,1879.7,1881.3,1881.3,1879.7
2020-12-30,1891.0,1879.9,1895.8,1877.3
2020-12-31,1893.1,1897.0,1901.3,1892.7
2021-01-04,1944.7,1912.2,1945.1,1912.2
2021-01-05,1952.7,1941.7,1952.7,1941.3
2021-01-06,1906.9,1952.0,1959.9,1901.5
2021-01-07,1912.3,1922.6,1926.7,1912.0
2021-01-08,1834.1,1908.0,1908.0,1834.1
2021-01-11,1849.6,1826.5,1849.6,1826.5
2021-01-12,1842.9,1849.0,1859.7,1839.4
2021-01-13,1853.6,1858.0,1858.6,1853.6
2021-01-14,1850.3,1836.7,1850.7,1836.7
2021-01-15,1829.3,1829.4,1829.4,1825.0
2021-01-19,1839.5,1802.0,1842.9,1802.0
2021-01-20,1865.9,1847.8,1866.6,1844.4
2021-01-21,1865.3,1865.3,1868.0,1865.3
2021-01-22,1855.7,1854.9,1855.7,1852.7
2021-01-25,1854.9,1864.7,1864.7,1851.8
2021-01-26,1850.7,1855.8,1855.8,1850.7
2021-01-27,1844.9,1844.9,1844.9,1844.9
2021-01-28,1837.9,1843.4,1862.9,1831.5
2021-01-29,1847.3,1842.0,1876.0,1838.7
2021-02-01,1860.8,1866.6,1871.9,1850.0
2021-02-02,1830.5,1859.6,1861.3,1827.6
2021-02-03,1832.2,1834.8,1842.4,1829.8
2021-02-04,1788.9,1832.2,1832.2,1782.8
2021-02-05,1810.9,1794.3,1813.5,1790.9
2021-02-08,1831.9,1816.3,1836.7,1809.0
2021-02-09,1835.3,1841.9,1843.3,1830.7
2021-02-10,1840.6,1842.6,1851.1,1837.0
2021-02-11,1824.9,1840.5,1845.0,1820.9
2021-02-12,1821.6,1825.0,1827.5,1809.2
2021-02-16,1797.2,1820.9,1823.4,1787.3
2021-02-17,1771.1,1785.8,1789.7,1768.8
2021-02-18,1773.4,1776.1,1784.6,1766.0
2021-02-19,1775.8,1764.3,1787.6,1764.3
2021-02-22,1806.7,1784.0,1807.8,1784.0
2021-02-23,1804.4,1809.6,1811.3,1796.4
2021-02-24,1796.4,1805.8,1805.8,1796.4
2021-02-25,1774.4,1801.5,1802.0,1766.7
2021-02-26,1728.1,1768.1,1768.2,1718.8
2021-03-01,1722.5,1737.1,1747.0,1720.3
2021-03-02,1733.1,1709.4,1733.1,1708.7
2021-03-03,1715.3,1730.0,1732.4,1703.5
2021-03-04,1700.2,1706.5,1717.4,1700.2
2021-03-05,1698.0,1690.6,1701.0,1685.0
2021-03-08,1677.7,1704.7,1705.4,1673.7
2021-03-09,1716.6,1686.2,1717.5,1685.2
2021-03-10,1721.5,1713.6,1722.9,1711.0
2021-03-11,1722.3,1725.6,1737.5,1720.2
2021-03-12,1719.5,1715.9,1722.5,1699.0
2021-03-15,1728.9,1729.5,1731.9,1722.8
2021-03-16,1730.6,1732.3,1733.9,1726.0
2021-03-17,1726.8,1735.3,1750.1,1725.6
2021-03-18,1732.2,1745.8,1750.3,1721.8
2021-03-19,1741.4,1742.2,1742.2,1733.6
2021-03-22,1737.8,1737.8,1737.8,1737.8
2021-03-23,1724.7,1724.7,1724.7,1724.7
2021-03-24,1732.9,1727.5,1732.9,1727.5
2021-03-25,1724.9,1732.7,1733.2,1724.5
2021-03-26,1732.2,1721.3,1732.2,1721.3
2021-03-29,1712.1,1712.1,1712.1,1712.1
2021-03-30,1683.9,1711.0,1712.6,1676.5
2021-03-31,1713.8,1683.7,1713.8,1676.5
2021-04-01,1726.5,1706.8,1728.8,1706.4
2021-04-05,1727.0,1727.9,1729.7,1721.9
2021-04-06,1741.5,1726.9,1744.8,1726.9
2021-04-07,1740.1,1742.7,1742.7,1733.7
2021-04-08,1756.8,1736.0,1758.0,1734.6
2021-04-09,1743.3,1750.8,1750.8,1733.3
2021-04-12,1731.2,1740.8,1740.8,1726.7
2021-04-13,1746.2,1733.8,1746.9,1722.1
2021-04-14,1734.9,1741.3,1745.9,1732.7
2021-04-15,1765.4,1740.1,1767.9,1740.1
2021-04-16,1779.0,1770.4,1779.5,1770.1
2021-04-19,1769.4,1782.1,1788.5,1769.4
2021-04-20,1777.3,1769.3,1777.3,1765.5
2021-04-21,1792.3,1783.0,1794.1,1777.7
2021-04-22,1781.2,1794.2,1794.2,1779.5
2021-04-23,1777.0,1786.1,1794.5,1772.0
2021-04-26,1779.2,1778.0,1779.7,1770.8
2021-04-27,1778.0,1780.0,1782.0,1777.7
2021-04-28,1773.2,1768.2,1774.0,1764.6
2021-04-29,1768.1,1781.0,1789.0,1758.6
2021-04-30,1767.3,1771.8,1771.8,1763.9
2021-05-03,1791.4,1788.5,1793.0,1788.5
2021-05-04,1775.8,1788.2,1788.5,1774.8
2021-05-05,1784.1,1781.5,1784.1,1779.2
2021-05-06,1815.5,1788.9,1815.5,1787.6
2021-05-07,1831.1,1842.9,1842.9,1831.1
2021-05-10,1837.5,1835.6,1845.6,1835.4
2021-05-11,1835.9,1837.2,1838.1,1831.6
2021-05-12,1822.6,1825.2,1825.2,1821.7
2021-05-13,1823.8,1814.7,1826.8,1814.1
2021-05-14,1837.9,1824.5,1842.9,1824.5
2021-05-17,1867.5,1849.9,1867.5,1847.2
2021-05-18,1867.8,1870.5,1870.5,1867.8
2021-05-19,1881.3,1866.4,1884.9,1863.6
2021-05-20,1881.8,1865.5,1885.0,1864.8
2021-05-21,1876.7,1872.1,1876.7,1872.1
2021-05-24,1884.6,1882.1,1884.6,1882.1
2021-05-25,1898.1,1882.5,1898.1,1882.5
2021-05-26,1901.3,1901.3,1901.3,1901.3
2021-05-27,1895.7,1896.8,1903.9,1888.2
2021-05-28,1902.5,1897.5,1905.4,1881.9
2021-06-01,1902.9,1905.1,1916.2,1892.8
2021-06-02,1907.5,1899.2,1908.8,1896.0
2021-06-03,1871.2,1908.8,1908.8,1865.0
2021-06-04,1889.8,1869.3,1895.5,1854.0
2021-06-07,1896.8,1890.5,1899.7,1883.2
2021-06-08,1892.2,1896.5,1902.9,1890.0
2021-06-09,1893.2,1894.9,1897.7,1889.2
2021-06-10,1894.2,1887.7,1899.8,1871.5
2021-06-11,1877.4,1900.9,1902.3,1875.2
2021-06-14,1864.0,1866.2,1866.6,1846.5
2021-06-15,1854.5,1866.4,1867.2,1854.4
2021-06-16,1859.5,1859.4,1860.1,1809.2
2021-06-17,1773.8,1811.8,1823.3,1769.6
2021-06-18,1767.9,1775.7,1792.4,1767.9
2021-06-21,1781.8,1768.8,1785.2,1766.8
2021-06-22,1776.3,1783.4,1786.9,1775.9
2021-06-23,1782.3,1780.7,1793.2,1780.6
2021-06-24,1775.6,1778.9,1786.4,1775.6
2021-06-25,1776.6,1777.7,1788.0,1775.2
2021-06-28,1779.6,1779.6,1779.6,1779.6
2021-06-29,1762.8,1776.8,1777.1,1752.1
2021-06-30,1770.8,1761.1,1770.8,1759.2
2021-07-01,1775.9,1775.7,1781.2,1768.8
2021-07-02,1782.6,1778.7,1787.9,1778.3
2021-07-06,1793.5,1786.7,1809.8,1786.7
2021-07-07,1801.5,1798.7,1808.4,1797.2
2021-07-08,1799.6,1797.0,1818.5,1797.0
2021-07-09,1810.0,1803.6,1810.1,1798.8
2021-07-12,1805.5,1802.6,1805.5,1799.5
2021-07-13,1809.4,1808.1,1812.0,1800.6
2021-07-14,1824.3,1813.1,1829.0,1813.1
2021-07-15,1828.4,1831.6,1833.0,1823.4
2021-07-16,1814.5,1830.1,1831.4,1814.5
2021-07-19,1808.7,1803.3,1813.4,1803.3
2021-07-20,1810.9,1812.9,1824.0,1810.9
2021-07-21,1802.9,1807.0,1807.0,1800.0
2021-07-22,1805.0,1793.6,1805.0,1793.6
2021-07-23,1801.4,1800.0,1801.4,1800.0
2021-07-26,1798.7,1802.5,1802.5,1797.2
2021-07-27,1799.5,1803.7,1803.7,1799.5
2021-07-28,1799.5,1799.5,1799.5,1799.5
2021-07-29,1831.2,1806.6,1832.6,1806.1
2021-07-30,1812.6,1828.0,1830.5,1808.9
2021-08-02,1818.1,1812.4,1818.7,1804.8
2021-08-03,1810.1,1812.3,1813.5,1806.0
2021-08-04,1810.5,1809.3,1831.3,1806.3
2021-08-05,1805.1,1810.8,1813.7,1796.0
2021-08-06,1760.0,1799.8,1800.1,1758.4
2021-08-09,1723.4,1753.5,1753.8,1692.6
2021-08-10,1728.8,1728.6,1735.2,1720.1
2021-08-11,1750.4,1727.3,1752.2,1727.3
2021-08-12,1749.0,1749.7,1752.4,1745.5
2021-08-13,1775.2,1758.3,1777.3,1757.4
2021-08-16,1786.9,1776.9,1787.8,1771.9
2021-08-17,1785.0,1787.7,1794.2,1780.0
2021-08-18,1781.6,1787.8,1791.5,1779.0
2021-08-19,1780.2,1780.0,1789.3,1775.5
2021-08-20,1781.0,1784.1,1787.5,1778.2
2021-08-23,1803.2,1776.8,1804.8,1776.8
2021-08-24,1805.6,1801.0,1805.6,1801.0
2021-08-25,1788.2,1792.0,1792.9,1784.0
2021-08-26,1792.2,1787.4,1792.2,1781.0
2021-08-27,1816.6,1803.4,1816.6,1803.1
2021-08-30,1809.0,1818.2,1820.3,1807.8
2021-08-31,1815.0,1815.9,1815.9,1801.1
2021-09-01,1813.1,1813.5,1815.9,1809.5
2021-09-02,1808.7,1813.2,1813.9,1806.8
2021-09-03,1830.9,1820.9,1833.9,1818.9
2021-09-07,1795.9,1825.7,1825.7,1792.7
2021-09-08,1790.7,1781.7,1790.7,1781.7
2021-09-09,1797.4,1798.7,1798.7,1787.9
2021-09-10,1789.6,1789.6,1789.6,1789.6
2021-09-13,1792.0,1789.8,1796.0,1784.0
2021-09-14,1804.7,1791.4,1806.2,1783.0
2021-09-15,1792.4,1803.7,1803.7,1792.4
2021-09-16,1754.6,1792.9,1792.9,1743.9
2021-09-17,1749.4,1758.8,1763.0,1749.4
2021-09-20,1761.8,1751.8,1761.8,1750.9
2021-09-21,1776.0,1762.2,1776.0,1759.0
2021-09-22,1776.7,1776.7,1784.3,1767.0
2021-09-23,1747.7,1766.8,1766.8,1738.2
2021-09-24,1749.7,1749.7,1749.7,1745.0
2021-09-27,1750.0,1751.7,1754.4,1747.5
2021-09-28,1735.8,1739.6,1741.7,1726.8
2021-09-29,1721.5,1732.4,1744.1,1721.4
2021-09-30,1755.3,1725.5,1760.3,1724.5
2021-10-01,1757.0,1754.3,1762.6,1748.5
2021-10-04,1766.2,1764.5,1768.9,1749.5
2021-10-05,1759.6,1764.3,1764.3,1749.0
2021-10-06,1760.5,1759.3,1762.9,1744.7
2021-10-07,1757.9,1762.4,1762.4,1752.8
2021-10-08,1756.3,1757.0,1780.0,1754.2
2021-10-11,1754.6,1756.6,1757.8,1752.2
2021-10-12,1758.3,1751.9,1768.0,1749.8
2021-10-13,1793.7,1760.8,1794.5,1760.8
2021-10-14,1796.7,1792.2,1799.9,1792.0
2021-10-15,1767.2,1794.5,1795.4,1766.6
2021-10-18,1764.8,1761.6,1770.1,1759.5
2021-10-19,1769.7,1777.6,1785.0,1767.5
2021-10-20,1784.1,1774.6,1785.6,1774.0
2021-10-21,1781.2,1782.0,1785.7,1781.0
2021-10-22,1795.5,1787.1,1806.9,1784.0
2021-10-25,1806.0,1794.3,1809.0,1794.0
2021-10-26,1792.7,1808.8,1808.8,1788.6
2021-10-27,1797.9,1791.5,1798.1,1791.5
2021-10-28,1801.6,1795.5,1807.3,1795.5
2021-10-29,1783.0,1793.1,1797.0,1774.6
2021-11-01,1795.1,1787.5,1795.1,1786.7
2021-11-02,1788.7,1790.5,1795.5,1787.7
2021-11-03,1763.6,1768.0,1768.0,1761.8
2021-11-04,1793.0,1776.6,1798.2,1776.2
2021-11-05,1816.4,1794.9,1817.1,1794.9
2021-11-08,1827.4,1817.0,1827.4,1816.9
2021-11-09,1830.2,1826.1,1832.7,1820.7
2021-11-10,1847.6,1825.8,1865.0,1824.9
2021-11-11,1863.2,1853.9,1866.5,1853.9
2021-11-12,1867.9,1860.8,1867.9,1847.6
2021-11-15,1866.1,1864.5,1866.9,1864.5
2021-11-16,1853.6,1853.6,1853.6,1853.6
2021-11-17,1869.7,1862.6,1869.7,1862.6
2021-11-18,1861.0,1861.0,1861.0,1861.0
2021-11-19,1851.2,1851.2,1851.2,1851.2
2021-11-22,1806.0,1841.6,1841.6,1805.7
2021-11-23,1783.5,1795.5,1795.5,1783.5
2021-11-24,1784.1,1793.0,1793.0,1781.4
2021-11-26,1785.3,1791.1,1791.4,1785.3
2021-11-29,1782.3,1791.7,1798.9,1779.1
2021-11-30,1773.6,1783.9,1808.1,1768.7
2021-12-01,1781.6,1774.8,1790.5,1772.3
2021-12-02,1760.7,1780.9,1780.9,1760.6
2021-12-03,1782.0,1767.5,1785.1,1766.5
2021-12-06,1777.5,1780.2,1783.0,1777.2
2021-12-07,1782.6,1779.5,1786.1,1772.3
2021-12-08,1783.4,1789.9,1789.9,1779.0
2021-12-09,1774.6,1783.5,1783.5,1771.8
2021-12-10,1782.9,1773.8,1785.4,1769.1
2021-12-13,1786.3,1784.4,1787.1,1783.8
2021-12-14,1770.4,1787.0,1787.0,1769.0
2021-12-15,1762.6,1767.4,1778.7,1753.9
2021-12-16,1796.6,1781.0,1798.1,1781.0
2021-12-17,1803.8,1804.0,1812.9,1803.8
2021-12-20,1793.7,1796.8,1799.8,1792.0
2021-12-21,1787.9,1791.4,1796.5,1787.9
2021-12-22,1801.6,1786.0,1805.2,1785.5
2021-12-23,1811.2,1806.0,1811.2,1800.8
2021-12-27,1808.1,1810.0,1812.1,1807.0
2021-12-28,1810.2,1812.0,1818.0,1805.5
2021-12-29,1805.1,1803.2,1805.1,1791.4
2021-12-30,1812.7,1801.7,1816.0,1796.0
2021-12-31,1827.5,1825.1,1827.8,1821.4
2022-01-03,1799.4,1830.1,1830.1,1798.8
2022-01-04,1814.0,1800.5,1815.3,1800.0
2022-01-05,1824.6,1813.1,1824.6,1813.1
2022-01-06,1788.7,1787.1,1791.3,1787.1
2022-01-07,1797.0,1791.8,1797.0,1784.4
2022-01-10,1798.4,1794.9,1798.7,1790.4
2022-01-11,1818.6,1803.9,1822.5,1803.0
2022-01-12,1827.2,1819.0,1827.2,1816.9
2022-01-13,1821.2,1819.8,1823.0,1815.4
2022-01-14,1816.5,1821.5,1822.0,1816.5
2022-01-18,1812.3,1816.8,1820.1,1812.3
2022-01-19,1843.1,1817.4,1843.1,1817.4
2022-01-20,1842.5,1840.6,1843.0,1838.2
2022-01-21,1831.8,1838.0,1842.4,1828.9
2022-01-24,1841.7,1837.9,1842.1,1837.9
2022-01-25,1852.7,1843.0,1852.7,1842.0
2022-01-26,1829.9,1829.9,1829.9,1829.9
2022-01-27,1793.3,1793.3,1793.3,1793.3
2022-01-28,1784.9,1797.5,1798.4,1778.8
2022-01-31,1795.0,1788.5,1798.5,1785.1
2022-02-01,1800.3,1797.2,1806.1,1797.1
2022-02-02,1809.2,1797.8,1810.1,1795.1
2022-02-03,1803.0,1805.8,1808.1,1787.9
2022-02-04,1806.6,1806.0,1813.7,1792.5
2022-02-07,1820.6,1812.2,1821.3,1809.1
2022-02-08,1826.6,1818.9,1827.6,1815.0
2022-02-09,1835.2,1825.4,1835.2,1825.3
2022-02-10,1836.2,1833.3,1842.1,1820.8
2022-02-11,1840.8,1822.0,1864.8,1822.0
2022-02-14,1868.0,1861.8,1870.6,1854.6
2022-02-15,1854.8,1872.6,1879.7,1847.4
2022-02-16,1870.2,1858.7,1870.2,1856.3
2022-02-17,1900.7,1876.3,1900.7,1876.2
2022-02-18,1898.6,1899.4,1899.4,1890.7
2022-02-22,1906.1,1908.1,1912.0,1890.8
2022-02-23,1909.2,1896.6,1910.6,1895.7
2022-02-24,1925.1,1911.9,1972.5,1911.7
2022-02-25,1886.5,1906.9,1920.0,1883.6
2022-02-28,1899.4,1928.3,1928.4,1894.2
2022-03-01,1942.4,1908.3,1942.4,1903.8
2022-03-02,1920.9,1945.6,1948.2,1919.8
2022-03-03,1934.4,1930.5,1940.3,1924.8
2022-03-04,1965.1,1937.0,1970.9,1935.6
2022-03-07,1993.9,1989.0,2001.1,1963.0
2022-03-08,2040.1,1999.4,2072.0,1998.0
2022-03-09,1985.9,2053.6,2063.0,1980.8
2022-03-10,1998.1,1978.1,2010.5,1978.1
2022-03-11,1982.7,1985.0,1996.0,1959.9
2022-03-14,1959.6,1976.5,1977.7,1959.6
2022-03-15,1928.5,1939.8,1939.9,1910.7
2022-03-16,1908.0,1922.4,1922.4,1907.2
2022-03-17,1942.1,1933.9,1947.2,1933.9
2022-03-18,1928.2,1934.5,1939.3,1928.2
2022-03-21,1928.6,1925.4,1928.6,1925.0
2022-03-22,1920.7,1920.7,1920.7,1920.7
2022-03-23,1936.6,1936.6,1936.6,1936.6
2022-03-24,1961.6,1963.6,1964.0,1961.6
2022-03-25,1953.8,1953.8,1953.8,1953.8
2022-03-28,1939.6,1932.6,1939.6,1932.6
2022-03-29,1912.0,1893.5,1912.0,1893.5
2022-03-30,1933.5,1918.4,1937.0,1914.5
2022-03-31,1949.2,1933.5,1949.9,1919.1
2022-04-01,1919.1,1935.0,1938.0,1917.0
2022-04-04,1929.2,1921.2,1936.1,1915.6
2022-04-05,1922.9,1927.1,1943.5,1918.4
2022-04-06,1918.4,1916.7,1931.8,1916.7
2022-04-07,1933.8,1919.5,1934.8,1919.5
2022-04-08,1941.6,1928.8,1947.7,1928.8
2022-04-11,1944.3,1946.6,1968.4,1941.8
2022-04-12,1972.1,1952.5,1977.1,1950.6
2022-04-13,1981.0,1969.5,1981.0,1969.5
2022-04-14,1970.9,1977.2,1978.7,1963.0
2022-04-18,1982.9,1973.4,1997.1,1972.8
2022-04-19,1955.7,1973.8,1978.3,1945.7
2022-04-20,1952.3,1945.5,1953.6,1945.5
2022-04-21,1944.9,1942.5,1944.9,1942.5
2022-04-22,1931.0,1949.6,1950.4,1930.2
2022-04-25,1893.2,1925.0,1925.0,1889.3
2022-04-26,1901.4,1900.5,1909.1,1894.0
2022-04-27,1885.9,1897.8,1900.6,1882.2
2022-04-28,1888.7,1883.8,1893.0,1872.9
2022-04-29,1909.3,1902.7,1918.2,1902.4
2022-05-02,1861.8,1896.7,1896.8,1853.0
2022-05-03,1868.8,1868.8,1868.8,1868.8
2022-05-04,1867.0,1867.0,1867.0,1867.0
2022-05-05,1874.0,1897.0,1904.3,1874.0
2022-05-06,1881.2,1874.7,1890.3,1871.5
2022-05-09,1857.1,1866.6,1867.5,1854.0
2022-05-10,1839.9,1839.9,1839.9,1839.9
2022-05-11,1852.6,1841.5,1852.6,1841.0
2022-05-12,1823.8,1849.8,1851.9,1822.2
2022-05-13,1807.4,1825.0,1825.0,1807.4
2022-05-16,1813.5,1790.5,1813.5,1787.0
2022-05-17,1818.2,1824.9,1828.6,1816.7
2022-05-18,1815.9,1815.0,1819.7,1805.0
2022-05-19,1841.2,1810.9,1841.2,1810.7
2022-05-20,1841.8,1839.1,1841.8,1836.3
2022-05-23,1847.8,1846.3,1863.0,1845.8
2022-05-24,1865.1,1852.5,1867.0,1852.5
2022-05-25,1846.2,1846.2,1846.2,1846.2
2022-05-26,1847.4,1840.4,1847.4,1840.4
2022-05-27,1851.3,1848.3,1860.7,1845.9
2022-05-31,1842.7,1850.3,1862.1,1832.8
2022-06-01,1843.3,1831.0,1847.9,1825.3
2022-06-02,1866.5,1845.4,1868.7,1842.1
2022-06-03,1845.4,1867.6,1871.8,1845.4
2022-06-06,1839.2,1849.0,1854.1,1839.2
2022-06-07,1847.5,1836.9,1851.6,1835.0
2022-06-08,1851.9,1844.8,1855.0,1844.4
2022-06-09,1848.8,1846.1,1850.1,1837.9
2022-06-10,1871.5,1842.7,1875.6,1823.9
2022-06-13,1828.0,1873.8,1873.8,1818.7
2022-06-14,1809.5,1825.0,1825.5,1805.3
2022-06-15,1815.3,1814.1,1839.0,1810.8
2022-06-16,1845.7,1819.2,1850.6,1814.9
2022-06-17,1835.6,1853.7,1853.7,1833.6
2022-06-21,1834.6,1835.3,1838.6,1830.1
2022-06-22,1834.3,1829.5,1842.7,1821.6
2022-06-23,1825.7,1835.5,1841.2,1825.7
2022-06-24,1826.5,1820.5,1826.5,1815.8
2022-06-27,1820.9,1830.5,1830.7,1819.9
2022-06-28,1817.5,1824.2,1826.0,1817.5
2022-06-29,1813.7,1818.3,1830.3,1812.8
2022-06-30,1804.1,1809.6,1817.3,1801.0
2022-07-01,1798.9,1795.5,1806.1,1791.6
2022-07-05,1761.8,1805.4,1805.4,1761.8
2022-07-06,1734.9,1762.5,1768.0,1734.0
2022-07-07,1737.9,1745.2,1745.2,1737.0
2022-07-08,1740.6,1738.1,1749.3,1732.1
2022-07-11,1730.0,1732.5,1736.7,1730.0
2022-07-12,1723.3,1734.2,1735.5,1723.3
2022-07-13,1734.2,1710.0,1734.2,1710.0
2022-07-14,1704.5,1710.3,1710.5,1704.5
2022-07-15,1702.4,1705.4,1709.7,1701.1
2022-07-18,1709.2,1712.2,1712.4,1709.2
2022-07-19,1710.0,1712.3,1714.4,1706.1
2022-07-20,1699.5,1707.1,1708.5,1699.5
2022-07-21,1712.7,1687.0,1715.5,1679.8
2022-07-22,1727.1,1713.3,1735.0,1713.0
2022-07-25,1719.0,1727.0,1732.0,1719.0
2022-07-26,1717.7,1718.0,1718.0,1717.7
2022-07-27,1719.1,1719.1,1719.1,1719.1
2022-07-28,1750.3,1732.3,1755.0,1732.0
2022-07-29,1762.9,1754.0,1765.7,1750.0
2022-08-01,1769.0,1763.9,1772.5,1756.1
2022-08-02,1771.1,1772.1,1786.6,1759.4
2022-08-03,1758.0,1756.7,1770.5,1753.0
2022-08-04,1788.5,1769.4,1792.1,1767.7
2022-08-05,1772.9,1791.2,1791.4,1764.2
2022-08-08,1786.8,1771.8,1786.8,1771.8
2022-08-09,1794.0,1790.0,1796.1,1789.0
2022-08-10,1795.6,1804.4,1804.9,1787.8
2022-08-11,1789.7,1794.3,1794.3,1785.7
2022-08-12,1798.6,1786.3,1800.4,1784.3
2022-08-15,1781.4,1799.0,1799.0,1774.7
2022-08-16,1773.2,1777.4,1777.4,1771.4
2022-08-17,1760.3,1769.7,1769.7,1760.0
2022-08-18,1755.3,1762.9,1762.9,1753.4
2022-08-19,1747.6,1753.7,1754.3,1747.5
2022-08-22,1734.0,1740.5,1740.5,1726.5
2022-08-23,1746.8,1738.0,1748.9,1731.9
2022-08-24,1747.8,1745.0,1751.8,1743.6
2022-08-25,1757.7,1761.6,1761.8,1755.0
2022-08-26,1736.1,1754.0,1755.0,1736.1
2022-08-29,1736.6,1732.4,1741.2,1732.1
2022-08-30,1723.2,1736.4,1739.0,1720.7
2022-08-31,1712.8,1718.3,1720.9,1708.5
2022-09-01,1696.6,1707.9,1707.9,1693.9
2022-09-02,1709.8,1703.4,1715.7,1703.1
2022-09-06,1700.4,1709.7,1717.4,1699.7
2022-09-07,1715.3,1694.8,1715.3,1694.7
2022-09-08,1708.0,1718.2,1718.2,1705.3
2022-09-09,1716.2,1719.2,1720.0,1712.8
2022-09-12,1728.1,1727.4,1728.1,1727.4
2022-09-13,1705.0,1720.5,1720.5,1697.3
2022-09-14,1696.5,1698.7,1701.8,1696.5
2022-09-15,1665.4,1685.5,1686.0,1662.3
2022-09-16,1671.7,1660.4,1674.9,1651.7
2022-09-19,1666.2,1661.8,1669.4,1658.5
2022-09-20,1659.7,1659.7,1659.7,1659.7
2022-09-21,1664.6,1665.5,1680.1,1664.6
2022-09-22,1670.8,1668.3,1670.8,1668.3
2022-09-23,1645.3,1667.0,1667.0,1645.3
2022-09-26,1623.3,1623.3,1623.3,1623.3
2022-09-27,1626.7,1632.2,1636.6,1626.7
2022-09-28,1660.4,1620.4,1660.4,1620.4
2022-09-29,1658.5,1657.0,1662.6,1640.0
2022-09-30,1662.4,1661.7,1672.7,1658.0
2022-10-03,1692.9,1667.2,1700.0,1661.9
2022-10-04,1721.1,1701.2,1728.0,1696.0
2022-10-05,1711.4,1724.1,1726.6,1703.0
2022-10-06,1711.7,1721.0,1723.3,1709.1
2022-10-07,1700.5,1710.1,1710.1,1693.7
2022-10-10,1667.3,1693.4,1693.4,1667.0
2022-10-11,1678.7,1661.8,1678.7,1661.0
2022-10-12,1670.3,1668.0,1672.7,1668.0
2022-10-13,1670.0,1675.2,1675.3,1641.5
2022-10-14,1641.7,1665.3,1667.0,1640.0
2022-10-17,1657.0,1650.2,1657.0,1646.8
2022-10-18,1649.0,1651.4,1655.2,1649.0
2022-10-19,1627.5,1637.5,1637.5,1627.5
2022-10-20,1630.8,1622.8,1641.4,1622.8
2022-10-21,1651.0,1634.1,1653.9,1634.1
2022-10-24,1648.7,1662.7,1662.7,1648.7
2022-10-25,1652.8,1648.2,1652.8,1637.3
2022-10-26,1664.0,1649.8,1667.0,1649.8
2022-10-27,1660.7,1660.7,1660.7,1660.7
2022-10-28,1639.6,1661.0,1661.0,1638.7
2022-10-31,1635.9,1641.8,1641.8,1633.4
2022-11-01,1645.0,1630.8,1653.7,1630.8
2022-11-02,1645.7,1650.8,1664.7,1634.0
2022-11-03,1627.3,1629.2,1629.2,1615.1
2022-11-04,1672.5,1630.2,1674.5,1629.0
2022-11-07,1676.5,1676.9,1677.9,1672.9
2022-11-08,1712.1,1703.2,1712.1,1703.2
2022-11-09,1710.1,1707.4,1720.2,1706.0
2022-11-10,1750.3,1708.2,1750.3,1708.2
2022-11-11,1766.0,1763.8,1766.0,1757.6
2022-11-14,1773.6,1762.0,1773.6,1761.6
2022-11-15,1773.8,1770.8,1773.8,1769.9
2022-11-16,1773.0,1776.6,1778.9,1773.0
2022-11-17,1760.8,1763.0,1763.0,1756.0
2022-11-18,1751.9,1763.3,1763.3,1747.6
2022-11-21,1737.4,1739.0,1744.9,1736.1
2022-11-22,1738.3,1741.7,1741.7,1738.3
2022-11-23,1744.9,1736.5,1750.9,1736.5
2022-11-25,1753.3,1753.0,1757.9,1749.2
2022-11-28,1740.1,1741.3,1741.3,1740.1
2022-11-29,1748.4,1739.5,1758.2,1737.9
2022-11-30,1746.0,1748.1,1769.4,1745.1
2022-12-01,1801.1,1768.7,1803.7,1768.7
2022-12-02,1795.9,1802.0,1802.3,1779.4
2022-12-05,1767.4,1795.7,1808.0,1764.3
2022-12-06,1769.3,1768.6,1779.4,1767.9
2022-12-07,1785.5,1769.3,1790.3,1769.3
2022-12-08,1788.7,1782.0,1790.9,1782.0
2022-12-09,1798.1,1794.9,1804.3,1791.1
2022-12-12,1780.5,1787.3,1793.9,1777.7
2022-12-13,1813.9,1780.7,1819.8,1780.5
2022-12-14,1807.5,1810.8,1812.8,1797.9
2022-12-15,1777.2,1801.0,1801.0,1774.8
2022-12-16,1790.0,1777.9,1791.4,1777.9
2022-12-19,1787.7,1791.6,1796.3,1785.6
2022-12-20,1815.9,1786.5,1821.4,1786.5
2022-12-21,1815.9,1817.4,1821.4,1814.4
2022-12-22,1787.0,1818.1,1818.1,1785.0
2022-12-23,1795.9,1794.3,1802.8,1794.1
2022-12-27,1814.8,1803.4,1826.3,1803.4
2022-12-28,1807.9,1803.2,1807.9,1803.1
2022-12-29,1819.5,1805.8,1819.5,1805.8
2022-12-30,1819.7,1817.0,1822.3,1816.8
2023-01-03,1839.7,1836.2,1839.7,1836.2
2023-01-04,1852.8,1845.6,1859.1,1845.6
2023-01-05,1834.8,1855.2,1855.2,1834.8
2023-01-06,1864.2,1838.4,1868.2,1835.3
2023-01-09,1872.7,1867.0,1880.0,1867.0
2023-01-10,1871.6,1877.8,1878.1,1871.6
2023-01-11,1874.6,1873.1,1877.8,1873.1
2023-01-12,1895.5,1877.2,1897.4,1877.2
2023-01-13,1918.4,1899.0,1920.9,1898.3
2023-01-17,1907.2,1920.1,1920.1,1905.2
2023-01-18,1904.4,1911.1,1911.1,1903.1
2023-01-19,1922.1,1922.1,1931.8,1922.1
2023-01-20,1926.4,1922.1,1928.5,1921.4
2023-01-23,1927.1,1926.5,1927.1,1915.0
2023-01-24,1933.9,1931.8,1936.8,1931.8
2023-01-25,1941.2,1941.2,1941.2,1939.8
2023-01-26,1929.1,1936.6,1937.1,1927.1
2023-01-27,1928.6,1928.6,1928.6,1928.6
2023-01-30,1922.9,1928.3,1933.6,1920.3
2023-01-31,1929.5,1923.0,1930.4,1900.6
2023-02-01,1927.8,1927.2,1955.0,1922.0
2023-02-02,1916.3,1952.3,1959.1,1911.3
2023-02-03,1862.9,1912.4,1917.0,1861.5
2023-02-06,1866.2,1865.6,1880.0,1863.4
2023-02-07,1871.7,1870.0,1875.7,1868.0
2023-02-08,1877.4,1872.1,1880.4,1872.1
2023-02-09,1866.2,1875.3,1884.6,1859.8
2023-02-10,1862.8,1861.6,1863.5,1852.4
2023-02-13,1851.9,1859.0,1861.0,1850.0
2023-02-14,1854.0,1854.1,1862.0,1846.2
2023-02-15,1834.2,1842.0,1842.0,1828.2
2023-02-16,1842.0,1838.6,1843.7,1827.2
2023-02-17,1840.4,1827.4,1842.2,1818.4
2023-02-21,1833.0,1842.6,1843.0,1833.0
2023-02-22,1832.0,1835.7,1836.2,1825.1
2023-02-23,1818.0,1826.4,1827.5,1818.0
2023-02-24,1808.8,1808.8,1808.8,1808.8
2023-02-27,1817.0,1811.6,1817.5,1808.9
2023-02-28,1828.9,1808.1,1830.0,1808.1
2023-03-01,1837.7,1827.1,1841.7,1827.1
2023-03-02,1833.5,1830.0,1836.3,1830.0
2023-03-03,1847.7,1837.3,1855.4,1837.3
2023-03-06,1847.9,1853.3,1853.8,1844.2
2023-03-07,1813.9,1840.9,1840.9,1813.9
2023-03-08,1812.7,1811.6,1812.9,1811.5
2023-03-09,1829.3,1816.4,1829.3,1815.6
2023-03-10,1862.0,1852.3,1868.5,1852.0
2023-03-13,1911.7,1890.8,1913.1,1875.1
2023-03-14,1906.2,1912.2,1912.2,1901.1
2023-03-15,1926.6,1903.9,1926.6,1898.5
2023-03-16,1919.0,1909.9,1931.7,1909.9
2023-03-17,1969.8,1946.0,1985.1,1946.0
2023-03-20,1979.2,1988.3,2003.9,1968.9
2023-03-21,1938.0,1973.8,1973.8,1938.0
2023-03-22,1946.8,1946.8,1974.0,1946.8
2023-03-23,1993.8,1990.5,1994.6,1990.5
2023-03-24,1982.1,1991.7,1995.4,1982.1
2023-03-27,1952.4,1957.2,1957.2,1952.4
2023-03-28,1972.4,1972.4,1972.4,1972.4
2023-03-29,1966.1,1966.1,1966.1,1966.1
2023-03-30,1980.3,1965.9,1984.4,1954.9
2023-03-31,1969.0,1981.3,1986.8,1968.0
2023-04-03,1983.9,1968.1,1991.7,1950.0
2023-04-04,2022.2,1984.6,2027.1,1979.0
2023-04-05,2020.9,2022.1,2033.8,2013.6
2023-04-06,2011.9,2022.2,2023.3,2005.0
2023-04-10,1989.1,2000.0,2006.6,1984.0
2023-04-11,2004.8,1991.4,2006.5,1991.4
2023-04-12,2010.9,2005.2,2025.7,2005.2
2023-04-13,2041.3,2015.6,2048.6,2015.6
2023-04-14,2002.2,2041.0,2047.8,1995.0
2023-04-17,1994.2,2002.7,2007.6,1983.2
2023-04-18,2007.4,1996.9,2007.4,1996.9
2023-04-19,1995.2,2005.7,2006.4,1969.8
2023-04-20,2007.6,1998.0,2007.6,1998.0
2023-04-21,1979.5,1996.2,1996.2,1974.1
2023-04-24,1989.1,1981.3,1989.8,1977.4
2023-04-25,1994.0,1995.7,1999.1,1982.3
2023-04-26,1985.7,1997.8,1998.8,1985.6
2023-04-27,1989.9,1990.6,2002.3,1979.9
2023-04-28,1990.1,1986.9,1990.1,1977.7
2023-05-01,1983.4,1980.1,2005.0,1976.9
2023-05-02,2014.3,1994.7,2018.0,1994.7
2023-05-03,2028.6,2017.1,2035.1,2015.2
2023-05-04,2048.0,2045.0,2072.0,2040.0
2023-05-05,2017.4,2046.4,2046.4,2004.3
2023-05-08,2026.3,2022.5,2026.3,2022.5
2023-05-09,2036.2,2026.6,2037.3,2025.9
2023-05-10,2030.5,2032.3,2044.3,2029.5
2023-05-11,2014.7,2034.1,2038.3,2014.0
2023-05-12,2014.5,2014.5,2014.5,2014.5
2023-05-15,2018.0,2013.8,2018.0,2013.8
2023-05-16,1988.4,1988.4,1988.4,1988.4
2023-05-17,1980.7,1983.6,1983.6,1980.7
2023-05-18,1956.5,1956.5,1956.8,1956.5
2023-05-19,1978.7,1960.0,1978.7,1960.0
2023-05-22,1974.8,1980.5,1980.5,1974.8
2023-05-23,1972.4,1972.4,1972.4,1972.4
2023-05-24,1962.8,1975.4,1975.4,1962.8
2023-05-25,1943.1,1943.1,1943.1,1943.1
2023-05-26,1944.1,1948.2,1948.4,1944.1
2023-05-30,1958.0,1942.7,1962.6,1931.0
2023-05-31,1963.9,1958.2,1973.0,1953.0
2023-06-01,1978.0,1963.2,1983.0,1954.3
2023-06-02,1952.4,1977.1,1982.5,1947.4
2023-06-05,1958.0,1947.5,1961.9,1937.8
2023-06-06,1965.5,1960.8,1965.5,1958.8
2023-06-07,1942.7,1959.0,1968.4,1940.7
2023-06-08,1963.6,1943.2,1969.0,1943.1
2023-06-09,1962.2,1965.1,1969.8,1960.3
2023-06-12,1955.3,1959.7,1963.5,1951.4
2023-06-13,1944.6,1960.6,1967.5,1940.3
2023-06-14,1955.3,1946.2,1958.2,1940.3
2023-06-15,1957.8,1941.7,1958.8,1926.0
2023-06-16,1958.4,1961.4,1962.9,1953.5
2023-06-20,1935.5,1958.6,1958.6,1931.3
2023-06-21,1933.3,1935.6,1936.8,1920.0
2023-06-22,1912.7,1920.0,1921.0,1912.1
2023-06-23,1919.1,1918.7,1932.5,1918.7
2023-06-26,1923.7,1922.9,1928.5,1922.5
2023-06-27,1914.0,1927.0,1929.4,1914.0
2023-06-28,1912.3,1912.3,1912.3,1912.3
2023-06-29,1909.2,1909.9,1909.9,1892.5
2023-06-30,1921.1,1908.6,1921.1,1900.6
2023-07-03,1921.7,1917.9,1929.5,1917.9
2023-07-05,1919.6,1923.5,1933.9,1914.7
2023-07-06,1908.7,1909.3,1910.2,1903.2
2023-07-07,1926.2,1913.4,1934.1,1913.4
2023-07-10,1925.0,1923.6,1926.1,1912.3
2023-07-11,1931.3,1925.0,1937.0,1924.2
2023-07-12,1956.2,1932.3,1958.0,1932.2
2023-07-13,1959.2,1961.1,1961.1,1953.0
2023-07-14,1960.1,1958.4,1960.6,1952.7
2023-07-17,1952.4,1954.0,1956.5,1946.6
2023-07-18,1977.2,1968.8,1978.4,1963.4
2023-07-19,1977.5,1977.0,1977.5,1973.0
2023-07-20,1968.3,1973.7,1973.7,1965.6
2023-07-21,1964.3,1961.8,1964.3,1961.8
2023-07-24,1960.3,1965.3,1965.5,1960.3
2023-07-25,1962.1,1953.0,1962.5,1953.0
2023-07-26,1968.9,1966.2,1972.0,1966.2
2023-07-27,1945.4,1945.4,1945.4,1945.4
2023-07-28,1960.4,1945.5,1962.2,1944.2
2023-07-31,1970.5,1959.2,1971.6,1950.0
2023-08-01,1940.7,1964.9,1965.4,1940.7
2023-08-02,1937.4,1948.4,1953.6,1933.2
2023-08-03,1932.0,1934.2,1936.5,1928.0
2023-08-04,1939.6,1934.9,1945.0,1920.0
2023-08-07,1933.5,1941.0,1941.0,1929.8
2023-08-08,1924.1,1931.7,1933.2,1923.0
2023-08-09,1915.4,1925.4,1928.8,1913.7
2023-08-10,1914.4,1921.1,1927.8,1911.4
2023-08-11,1912.9,1913.0,1916.6,1911.8
2023-08-14,1910.6,1909.3,1912.6,1903.3
2023-08-15,1902.5,1906.0,1907.7,1895.0
2023-08-16,1896.1,1904.5,1904.5,1890.3
2023-08-17,1884.1,1893.7,1902.4,1884.0
2023-08-18,1886.1,1891.8,1891.8,1886.1
2023-08-21,1893.3,1893.6,1893.6,1893.3
2023-08-22,1896.4,1894.6,1896.8,1892.8
2023-08-23,1918.5,1909.6,1918.5,1909.6
2023-08-24,1918.2,1920.0,1920.8,1918.2
2023-08-25,1911.1,1919.8,1919.8,1911.1
2023-08-28,1917.9,1915.5,1921.5,1915.5
2023-08-29,1936.5,1917.9,1936.5,1916.9
2023-08-30,1944.3,1936.0,1946.4,1934.6
2023-08-31,1938.2,1944.4,1944.4,1938.2
2023-09-01,1939.8,1950.0,1950.0,1936.6
2023-09-05,1926.2,1934.4,1934.4,1924.7
2023-09-06,1918.1,1924.1,1925.3,1916.3
2023-09-07,1917.5,1917.6,1921.5,1917.5
2023-09-08,1918.4,1924.0,1924.7,1918.4
2023-09-11,1923.3,1923.0,1928.3,1921.8
2023-09-12,1911.3,1920.8,1920.8,1911.3
2023-09-13,1909.1,1910.3,1914.6,1908.9
2023-09-14,1910.0,1903.0,1910.0,1903.0
2023-09-15,1923.7,1923.5,1927.3,1923.5
2023-09-18,1931.5,1928.2,1931.5,1926.4
2023-09-19,1932.0,1934.0,1934.0,1932.0
2023-09-20,1945.6,1945.6,1945.6,1929.2
2023-09-21,1919.2,1924.0,1924.0,1919.2
2023-09-22,1925.4,1925.4,1925.4,1925.4
2023-09-25,1916.6,1916.6,1916.6,1916.6
2023-09-26,1900.4,1905.0,1905.1,1900.4
2023-09-27,1871.6,1871.6,1871.6,1871.6
2023-09-28,1860.4,1875.5,1878.2,1856.7
2023-09-29,1848.1,1864.3,1872.3,1846.0
2023-10-02,1830.0,1844.1,1845.9,1826.7
2023-10-03,1824.6,1825.0,1830.9,1816.8
2023-10-04,1818.5,1821.8,1828.2,1816.4
2023-10-05,1816.6,1826.3,1826.3,1815.6
2023-10-06,1830.2,1819.0,1831.8,1809.4
2023-10-09,1849.5,1842.5,1861.5,1842.5
2023-10-10,1861.0,1857.0,1861.4,1852.8
2023-10-11,1872.8,1869.5,1874.6,1869.1
2023-10-12,1869.3,1874.7,1881.2,1867.0
2023-10-13,1927.4,1877.5,1930.1,1877.5
2023-10-16,1921.1,1910.4,1921.1,1910.3
2023-10-17,1922.7,1914.3,1925.8,1914.3
2023-10-18,1955.3,1935.0,1957.9,1935.0
2023-10-19,1968.4,1950.1,1977.7,1945.7
2023-10-20,1982.5,1981.1,1988.6,1980.4
2023-10-23,1976.3,1976.2,1978.9,1972.9
2023-10-24,1975.0,1970.3,1975.0,1970.3
2023-10-25,1984.1,1971.2,1985.3,1971.2
2023-10-26,1987.2,1988.2,1988.2,1980.4
2023-10-27,1988.6,1988.6,1988.6,1988.6
2023-10-30,1996.2,2004.1,2004.1,1992.5
2023-10-31,1985.2,1996.5,2001.0,1983.7
2023-11-01,1978.8,1990.5,1990.5,1977.8
2023-11-02,1985.6,1989.1,1990.3,1979.5
2023-11-03,1991.5,1989.0,1991.5,1989.0
2023-11-06,1981.6,1981.6,1981.6,1977.4
2023-11-07,1966.8,1966.5,1966.8,1960.7
2023-11-08,1951.5,1967.8,1967.8,1947.7
2023-11-09,1964.2,1951.7,1964.2,1945.3
2023-11-10,1932.6,1959.6,1959.6,1932.6
2023-11-13,1945.5,1939.9,1947.2,1934.0
2023-11-14,1961.8,1965.8,1965.8,1961.8
2023-11-15,1960.1,1962.8,1962.8,1960.0
2023-11-16,1983.9,1965.3,1983.9,1964.6
2023-11-17,1981.6,1982.5,1984.0,1979.8
2023-11-20,1977.7,1978.7,1979.4,1969.7
2023-11-21,1999.3,1990.7,2005.5,1988.5
2023-11-22,1991.4,1999.1,1999.4,1991.0
2023-11-24,2002.2,1991.9,2002.2,1991.5
2023-11-27,2011.8,2011.7,2011.8,2011.7
2023-11-28,2039.7,2040.6,2042.7,2039.7
2023-11-29,2047.1,2041.7,2052.1,2036.0
2023-11-30,2038.1,2046.1,2047.1,2033.1
2023-12-01,2071.0,2038.3,2073.2,2036.0
2023-12-04,2024.1,2075.3,2130.2,2021.0
2023-12-05,2018.5,2035.1,2037.0,2010.2
2023-12-06,2030.5,2019.9,2035.8,2019.0
2023-12-07,2029.9,2029.2,2034.9,2024.0
2023-12-08,1998.3,2031.7,2033.1,1995.0
2023-12-11,1978.0,2004.1,2004.2,1977.2
2023-12-12,1977.8,1984.2,1994.2,1977.8
2023-12-13,1982.3,1978.5,2024.8,1975.0
2023-12-14,2030.2,2024.7,2040.1,2024.3
2023-12-15,2021.1,2032.6,2043.4,2018.3
2023-12-18,2026.3,2024.3,2032.8,2024.0
2023-12-19,2038.4,2025.2,2042.7,2025.2
2023-12-20,2034.5,2037.1,2037.1,2030.3
2023-12-21,2039.1,2035.8,2044.5,2033.0
2023-12-22,2057.1,2055.7,2068.7,2052.2
2023-12-26,2058.2,2060.0,2060.8,2054.2
2023-12-27,2081.9,2067.3,2081.9,2064.8
2023-12-28,2073.9,2081.6,2087.3,2066.5
2023-12-29,2062.4,2068.0,2068.9,2062.1
2024-01-02,2064.4,2063.5,2073.7,2057.1
2024-01-03,2034.2,2034.2,2044.0,2034.2
2024-01-04,2042.3,2041.6,2044.5,2038.0
2024-01-05,2042.4,2044.5,2048.1,2042.4
2024-01-08,2026.6,2019.1,2033.7,2019.1
2024-01-09,2026.4,2035.8,2035.8,2026.4
2024-01-10,2021.7,2029.0,2035.6,2021.7
2024-01-11,2014.3,2025.1,2025.1,2014.3
2024-01-12,2046.7,2031.1,2057.0,2031.1
2024-01-16,2026.0,2051.7,2054.8,2026.0
2024-01-17,2002.6,2026.5,2026.5,2002.6
2024-01-18,2018.6,2012.8,2018.6,2009.5
2024-01-19,2026.5,2023.2,2036.0,2019.5
2024-01-22,2019.8,2021.3,2021.3,2019.8
2024-01-23,2023.7,2030.3,2030.3,2022.5
2024-01-24,2013.9,2023.2,2033.2,2013.9
2024-01-25,2016.9,2012.1,2022.4,2012.1
2024-01-26,2016.8,2021.7,2022.4,2016.8
2024-01-29,2025.2,2025.2,2025.2,2025.2
2024-01-30,2031.5,2032.5,2048.5,2028.1
2024-01-31,2048.4,2035.4,2055.0,2030.0
2024-02-01,2053.0,2040.2,2064.5,2029.0
2024-02-02,2036.1,2054.8,2055.9,2027.7
2024-02-05,2025.7,2038.9,2040.8,2013.8
2024-02-06,2034.5,2025.9,2037.3,2025.9
2024-02-07,2035.2,2032.8,2039.5,2032.7
2024-02-08,2032.2,2028.0,2036.7,2020.3
2024-02-09,2023.3,2032.0,2032.0,2020.0
2024-02-12,2018.2,2025.5,2025.5,2011.6
2024-02-13,1992.9,2025.1,2025.8,1990.0
2024-02-14,1990.3,1990.3,1993.5,1984.8
2024-02-15,2002.1,1993.6,2007.2,1993.6
2024-02-16,2011.5,2005.0,2011.5,1996.5
2024-02-20,2027.5,2015.6,2029.0,2015.6
2024-02-21,2022.3,2028.2,2028.2,2022.3
2024-02-22,2019.7,2033.2,2033.2,2019.7
2024-02-23,2038.6,2026.0,2038.6,2014.9
2024-02-26,2028.5,2034.1,2035.4,2024.8
2024-02-27,2034.0,2035.9,2035.9,2034.0
2024-02-28,2033.0,2029.5,2037.0,2024.8
2024-02-29,2045.7,2034.3,2049.8,2034.3
2024-03-01,2086.9,2043.1,2086.9,2041.8
2024-03-04,2117.7,2083.6,2119.8,2080.7
2024-03-05,2133.5,2114.9,2133.5,2111.4
2024-03-06,2150.3,2125.5,2150.3,2125.5
2024-03-07,2158.0,2147.0,2163.0,2147.0
2024-03-08,2178.6,2167.3,2194.9,2166.3
2024-03-11,2182.5,2181.0,2184.0,2177.2
2024-03-12,2160.4,2182.5,2182.7,2160.4
2024-03-13,2175.4,2162.5,2175.4,2162.5
2024-03-14,2163.0,2163.0,2163.0,2162.3
2024-03-15,2157.3,2161.7,2161.7,2157.3
2024-03-18,2160.7,2146.2,2160.7,2146.2
2024-03-19,2156.3,2156.1,2156.3,2156.1
2024-03-20,2157.9,2157.3,2185.9,2150.9
2024-03-21,2182.4,2207.0,2211.6,2182.4
2024-03-22,2158.1,2179.2,2179.6,2157.5
2024-03-25,2174.8,2166.2,2179.4,2166.2
2024-03-26,2175.6,2182.7,2182.7,2175.6
2024-03-27,2190.6,2179.4,2196.2,2172.1
2024-03-28,2217.4,2193.6,2234.1,2187.1
2024-04-01,2236.5,2235.7,2264.2,2230.0
2024-04-02,2261.0,2252.0,2279.2,2247.6
2024-04-03,2294.4,2281.7,2298.8,2267.9
2024-04-04,2288.8,2301.7,2302.9,2280.0
2024-04-05,2325.7,2289.2,2328.4,2267.4
2024-04-08,2331.7,2325.6,2341.8,2319.0
2024-04-09,2343.5,2337.8,2364.7,2337.8
2024-04-10,2329.6,2346.6,2358.1,2327.7
2024-04-11,2354.8,2341.5,2376.3,2330.6
2024-04-12,2356.2,2377.3,2429.0,2334.3
2024-04-15,2365.8,2362.1,2384.7,2326.0
2024-04-16,2390.8,2384.0,2390.8,2371.4
2024-04-17,2371.7,2384.2,2391.4,2369.3
2024-04-18,2382.3,2368.4,2384.4,2368.4
2024-04-19,2398.4,2379.3,2399.8,2377.3
2024-04-22,2332.2,2383.3,2383.3,2326.9
2024-04-23,2327.7,2327.7,2330.8,2294.2
2024-04-24,2324.5,2321.3,2328.7,2314.6
2024-04-25,2329.8,2315.0,2329.8,2305.0
2024-04-26,2334.8,2347.9,2347.9,2332.8
2024-04-29,2345.4,2334.8,2345.5,2327.9
2024-04-30,2291.4,2322.5,2322.5,2291.4
2024-05-01,2299.9,2287.7,2327.3,2283.8
2024-05-02,2299.2,2321.7,2324.7,2292.3
2024-05-03,2299.0,2300.0,2301.0,2277.6
2024-05-06,2321.6,2322.8,2325.5,2314.2
2024-05-07,2315.2,2324.3,2324.3,2315.2
2024-05-08,2313.6,2313.6,2313.6,2313.6
2024-05-09,2332.1,2310.7,2339.5,2310.7
2024-05-10,2367.3,2367.3,2367.3,2367.3
2024-05-13,2336.1,2358.3,2358.3,2336.1
2024-05-14,2353.4,2336.0,2358.0,2336.0
2024-05-15,2388.7,2361.6,2388.7,2356.0
2024-05-16,2380.0,2389.5,2392.2,2380.0
2024-05-17,2412.2,2380.7,2415.8,2380.7
2024-05-20,2433.9,2415.8,2435.8,2409.7
2024-05-21,2421.7,2429.5,2429.5,2421.0
2024-05-22,2389.2,2417.5,2417.6,2375.8
2024-05-23,2335.0,2371.2,2371.2,2335.0
2024-05-24,2332.5,2342.6,2345.4,2332.5
2024-05-28,2355.2,2336.9,2359.7,2336.9
2024-05-29,2340.3,2340.3,2340.3,2340.3
2024-05-30,2342.9,2336.9,2349.5,2320.8
2024-05-31,2322.9,2344.1,2354.0,2319.0
2024-06-03,2346.6,2322.6,2347.5,2312.0
2024-06-04,2325.5,2347.5,2347.7,2313.9
2024-06-05,2354.1,2326.4,2354.3,2326.2
2024-06-06,2370.3,2355.0,2375.8,2355.0
2024-06-07,2305.2,2379.9,2385.1,2285.4
2024-06-10,2307.7,2290.6,2309.3,2290.5
2024-06-11,2307.5,2300.0,2314.1,2300.0
2024-06-12,2336.0,2314.9,2338.7,2310.3
2024-06-13,2300.2,2309.4,2317.7,2296.2
2024-06-14,2331.4,2307.0,2331.4,2305.8
2024-06-17,2312.4,2320.2,2320.2,2309.6
2024-06-18,2330.4,2311.8,2330.4,2311.8
2024-06-20,2353.8,2328.9,2354.0,2328.3
2024-06-21,2316.4,2331.2,2331.2,2316.4
2024-06-24,2330.0,2323.3,2332.9,2322.7
2024-06-25,2316.6,2324.4,2333.0,2316.6
2024-06-26,2299.2,2307.9,2314.4,2298.0
2024-06-27,2324.5,2296.8,2329.0,2295.0
2024-06-28,2327.7,2325.4,2338.3,2319.0
2024-07-01,2327.6,2323.8,2329.7,2321.7
2024-07-02,2323.0,2330.7,2334.6,2323.0
2024-07-03,2359.8,2330.9,2361.6,2330.9
2024-07-05,2388.5,2354.9,2388.5,2354.9
2024-07-08,2355.2,2381.7,2383.8,2352.8
2024-07-09,2360.1,2363.1,2363.7,2360.1
2024-07-10,2372.2,2366.3,2377.0,2365.8
2024-07-11,2415.0,2378.7,2416.7,2378.7
2024-07-12,2414.0,2399.8,2414.0,2391.3
2024-07-15,2422.9,2430.0,2436.0,2422.9
2024-07-16,2462.4,2427.4,2462.4,2427.4
2024-07-17,2454.8,2472.9,2473.1,2454.8
2024-07-18,2451.8,2466.0,2466.0,2451.8
2024-07-19,2395.5,2418.8,2419.2,2395.5
2024-07-22,2392.0,2402.1,2402.1,2392.0
2024-07-23,2404.6,2395.8,2404.6,2388.7
2024-07-24,2413.3,2421.0,2421.0,2411.6
2024-07-25,2351.9,2365.5,2365.5,2351.9
2024-07-26,2380.0,2368.7,2386.9,2368.7
2024-07-29,2377.3,2377.3,2377.3,2377.3
2024-07-30,2405.0,2380.9,2409.3,2373.8
2024-07-31,2426.5,2407.1,2447.6,2402.8
2024-08-01,2435.0,2446.7,2455.1,2430.4
2024-08-02,2425.7,2444.0,2477.0,2416.0
2024-08-05,2401.7,2442.0,2449.8,2367.4
2024-08-06,2389.1,2414.5,2421.8,2380.0
2024-08-07,2390.5,2392.2,2401.0,2384.5
2024-08-08,2422.2,2384.3,2422.8,2384.3
2024-08-09,2432.1,2422.3,2432.1,2418.5
2024-08-12,2462.4,2432.7,2469.8,2432.0
2024-08-13,2466.7,2461.0,2470.0,2456.5
2024-08-14,2439.4,2468.0,2472.1,2439.4
2024-08-15,2453.1,2451.8,2467.7,2431.2
2024-08-16,2498.6,2453.5,2508.0,2451.4
2024-08-19,2501.8,2508.5,2508.5,2487.2
2024-08-20,2511.3,2503.5,2527.3,2500.7
2024-08-21,2508.4,2511.0,2515.4,2503.9
2024-08-22,2478.9,2504.1,2504.1,2471.1
2024-08-23,2508.4,2486.5,2508.4,2486.5
2024-08-26,2517.7,2509.9,2523.1,2509.1
2024-08-27,2516.0,2515.2,2523.1,2506.9
2024-08-28,2501.0,2501.0,2501.0,2501.0
2024-08-29,2525.7,2504.1,2525.7,2503.9
2024-08-30,2493.8,2519.5,2525.4,2493.8
2024-09-03,2489.9,2501.6,2501.8,2476.3
2024-09-04,2493.4,2490.9,2493.4,2483.5
2024-09-05,2511.4,2493.7,2513.3,2493.4
2024-09-06,2493.5,2510.3,2517.9,2483.7
2024-09-09,2501.8,2491.3,2504.7,2491.3
2024-09-10,2512.3,2512.3,2512.3,2512.3
2024-09-11,2512.1,2525.8,2525.8,2502.3
2024-09-12,2551.2,2529.1,2557.0,2523.4
2024-09-13,2581.3,2568.8,2581.8,2565.0
2024-09-16,2580.4,2580.4,2580.4,2580.4
2024-09-17,2564.3,2581.2,2581.8,2564.3
2024-09-18,2570.7,2570.7,2570.7,2549.2
2024-09-19,2588.0,2566.0,2588.0,2566.0
2024-09-20,2619.9,2590.4,2621.8,2590.4
2024-09-23,2626.5,2626.5,2626.5,2626.5
2024-09-24,2651.2,2636.8,2662.3,2625.5
2024-09-25,2659.2,2656.3,2664.2,2649.3
2024-09-26,2669.9,2662.3,2669.9,2660.8
2024-09-27,2644.3,2670.0,2672.1,2641.7
2024-09-30,2636.1,2660.9,2662.1,2623.2
2024-10-01,2667.3,2631.4,2670.9,2631.4
2024-10-02,2647.1,2650.6,2657.2,2640.0
2024-10-03,2657.1,2642.8,2657.1,2640.0
2024-10-04,2645.8,2656.0,2667.0,2639.0
2024-10-07,2644.8,2648.7,2657.4,2639.0
2024-10-08,2615.0,2639.0,2639.0,2609.3
2024-10-09,2606.0,2603.0,2607.7,2603.0
2024-10-10,2620.6,2602.5,2628.3,2602.5
2024-10-11,2657.6,2638.3,2658.1,2638.2
2024-10-14,2647.8,2655.0,2655.3,2647.8
2024-10-15,2661.4,2661.4,2661.4,2661.4
2024-10-16,2674.0,2674.0,2674.0,2674.0
2024-10-17,2691.0,2677.4,2691.7,2677.2
2024-10-18,2713.7,2713.7,2719.6,2713.7
2024-10-21,2723.1,2721.9,2738.4,2719.5
2024-10-22,2744.2,2731.7,2746.0,2728.6
2024-10-23,2714.4,2742.5,2742.5,2714.2
2024-10-24,2734.9,2729.0,2736.1,2729.0
2024-10-25,2740.9,2725.5,2742.4,2725.5
2024-10-28,2742.9,2736.1,2742.9,2729.5
2024-10-29,2768.4,2768.4,2768.4,2768.4
2024-10-30,2788.5,2774.6,2789.0,2774.6
2024-10-31,2738.3,2787.4,2787.5,2733.5
2024-11-01,2738.6,2745.5,2756.0,2734.2
2024-11-04,2736.1,2736.5,2737.1,2736.1
2024-11-05,2740.3,2743.0,2743.9,2740.3
2024-11-06,2667.6,2734.5,2734.5,2659.4
2024-11-07,2698.4,2662.5,2699.1,2662.5
2024-11-08,2687.5,2688.5,2694.6,2682.9
2024-11-11,2611.2,2671.7,2671.7,2611.2
2024-11-12,2600.0,2605.5,2605.5,2592.8
2024-11-13,2580.8,2611.1,2611.8,2580.8
2024-11-14,2568.2,2555.1,2576.2,2554.2
2024-11-15,2565.7,2565.7,2565.7,2565.7
2024-11-18,2610.6,2591.7,2610.7,2589.4
2024-11-19,2627.1,2621.9,2627.7,2619.3
2024-11-20,2648.2,2638.5,2648.2,2638.5
2024-11-21,2672.1,2659.3,2672.1,2655.7
2024-11-22,2709.9,2687.5,2710.5,2685.6
2024-11-25,2616.8,2689.4,2689.4,2616.8
2024-11-26,2620.3,2625.6,2625.6,2620.3
2024-11-27,2639.9,2633.5,2657.9,2627.2
2024-11-29,2657.0,2636.4,2664.3,2620.7
2024-12-02,2634.9,2649.0,2649.8,2621.7
2024-12-03,2644.7,2639.0,2654.7,2636.0
2024-12-04,2653.8,2639.2,2658.3,2637.0
2024-12-05,2626.6,2652.4,2655.0,2625.7
2024-12-06,2638.6,2620.2,2643.1,2617.5
2024-12-09,2664.9,2632.1,2677.1,2630.8
2024-12-10,2697.6,2662.3,2698.2,2661.0
2024-12-11,2733.8,2701.8,2733.8,2693.1
2024-12-12,2687.5,2725.1,2725.1,2677.4
2024-12-13,2656.0,2688.2,2689.3,2647.9
2024-12-16,2651.4,2658.3,2663.3,2651.0
2024-12-17,2644.4,2651.8,2652.3,2632.5
2024-12-18,2636.5,2644.3,2647.1,2590.2
2024-12-19,2592.2,2582.1,2610.3,2582.1
2024-12-20,2628.7,2605.3,2631.6,2604.9
2024-12-23,2612.3,2620.0,2627.7,2611.1
2024-12-24,2620.0,2613.0,2620.0,2609.5
2024-12-26,2638.8,2628.5,2638.8,2627.9
2024-12-27,2617.2,2617.7,2617.7,2616.4
2024-12-30,2606.1,2620.7,2626.9,2597.0
2024-12-31,2629.2,2608.4,2629.2,2604.9
2025-01-02,2658.9,2633.0,2663.1,2633.0
2025-01-03,2645.0,2658.7,2658.7,2641.8
2025-01-06,2638.4,2645.5,2647.0,2617.3
2025-01-07,2656.7,2653.4,2657.5,2653.0
2025-01-08,2664.5,2655.5,2676.9,2653.5
2025-01-09,2683.8,2669.7,2686.3,2667.9
2025-01-10,2708.5,2686.1,2720.1,2683.7
2025-01-13,2673.5,2711.1,2711.2,2673.5
2025-01-14,2677.5,2673.6,2688.3,2670.8
2025-01-15,2712.5,2690.8,2712.5,2690.8
2025-01-16,2746.4,2731.7,2749.8,2731.7
2025-01-17,2744.3,2736.0,2751.6,2725.5
2025-01-21,2755.0,2746.0,2755.0,2724.8
2025-01-22,2767.6,2754.5,2768.8,2753.5
2025-01-23,2763.1,2760.0,2765.0,2745.4
2025-01-24,2777.3,2759.8,2792.0,2759.8
2025-01-27,2737.5,2761.1,2762.2,2737.5
2025-01-28,2766.8,2738.0,2766.8,2738.0
2025-01-29,2769.1,2769.1,2769.1,2769.1
2025-01-30,2823.0,2772.5,2829.5,2770.0
2025-01-31,2812.5,2829.0,2838.0,2804.0
2025-02-03,2833.9,2818.2,2848.4,2780.9
2025-02-04,2853.3,2827.6,2853.3,2816.1
2025-02-05,2871.6,2850.0,2880.5,2848.0
2025-02-06,2856.0,2865.2,2871.7,2836.3
2025-02-07,2867.3,2859.9,2889.5,2857.8
2025-02-10,2914.3,2864.2,2916.1,2863.8
2025-02-11,2912.5,2925.5,2945.4,2890.0
2025-02-12,2909.0,2902.0,2912.3,2868.6
2025-02-13,2925.9,2911.3,2937.7,2910.6
2025-02-14,2883.6,2937.3,2944.4,2874.8
2025-02-18,2931.6,2879.2,2936.4,2873.8
2025-02-19,2919.4,2938.7,2946.0,2917.1
2025-02-20,2940.0,2949.1,2955.8,2924.2
2025-02-21,2937.6,2938.8,2940.0,2917.3
2025-02-24,2947.9,2933.1,2957.9,2933.1
2025-02-25,2904.5,2938.7,2943.2,2890.0
2025-02-26,2916.8,2913.5,2917.0,2913.0
2025-02-27,2883.2,2918.5,2922.8,2870.4
2025-02-28,2836.8,2877.1,2877.1,2834.1
2025-03-03,2890.2,2872.7,2891.8,2863.4
2025-03-04,2909.6,2886.1,2927.9,2886.1
2025-03-05,2915.3,2916.7,2922.0,2893.0
2025-03-06,2916.6,2904.0,2918.6,2903.8
2025-03-07,2904.7,2900.9,2927.3,2900.5
2025-03-10,2891.0,2910.1,2915.1,2880.2
2025-03-11,2912.9,2884.4,2916.7,2880.4
2025-03-12,2939.1,2912.0,2939.1,2910.0
2025-03-13,2984.3,2937.1,2988.0,2935.2
2025-03-14,2994.5,2994.4,3004.8,2986.0
2025-03-17,3000.0,2991.0,3001.5,2989.0
2025-03-18,3035.1,3006.4,3039.2,3004.4
2025-03-19,3035.9,3035.2,3050.9,3030.9
2025-03-20,3040.0,3047.3,3047.3,3034.4
2025-03-21,3018.2,3034.5,3037.5,3000.9
2025-03-24,3013.1,3024.3,3024.3,3006.0
2025-03-25,3023.7,3026.4,3028.8,3023.7
2025-03-26,3020.9,3033.2,3033.2,3019.5
2025-03-27,3060.2,3025.5,3065.0,3025.5
2025-03-28,3086.5,3069.7,3094.9,3066.8
2025-03-31,3122.8,3091.0,3132.5,3086.0
2025-04-01,3118.9,3129.7,3149.5,3104.0
2025-04-02,3139.9,3120.7,3168.6,3117.4
2025-04-03,3097.0,3150.0,3166.9,3052.0
2025-04-04,3012.0,3110.5,3127.7,3011.0
2025-04-07,2951.3,3016.4,3050.8,2949.7
2025-04-08,2968.4,2994.0,3014.5,2968.4
2025-04-09,3056.5,2965.8,3090.4,2965.8
2025-04-10,3155.2,3073.9,3167.0,3072.1
2025-04-11,3222.2,3182.1,3235.0,3182.1
2025-04-14,3204.8,3215.5,3228.8,3194.5
2025-04-15,3218.7,3216.0,3218.7,3214.0
2025-04-16,3326.6,3238.3,3334.9,3238.3
2025-04-17,3308.7,3345.0,3345.0,3287.8
2025-04-21,3406.2,3342.2,3418.5,3342.2
2025-04-22,3400.8,3422.2,3485.6,3361.7
2025-04-23,3276.3,3321.2,3370.3,3256.2
2025-04-24,3332.0,3305.4,3353.9,3304.9
2025-04-25,3282.4,3355.5,3355.5,3266.1
2025-04-28,3332.5,3284.5,3332.5,3284.5
2025-04-29,3318.8,3340.0,3340.0,3299.9
2025-04-30,3305.0,3318.7,3318.7,3268.0
2025-05-01,3210.0,3272.9,3275.0,3198.6
2025-05-02,3231.9,3239.9,3257.0,3225.0
2025-05-05,3311.3,3242.7,3315.7,3239.7
2025-05-06,3411.4,3365.5,3430.9,3356.8
2025-05-07,3381.4,3418.7,3418.7,3364.7
2025-05-08,3296.6,3390.0,3390.0,3288.7
2025-05-09,3335.4,3299.0,3335.5,3299.0
2025-05-12,3220.0,3300.7,3300.7,3205.0
2025-05-13,3240.3,3232.0,3251.4,3223.5
2025-05-14,3181.4,3233.0,3233.0,3171.7
2025-05-15,3220.7,3151.0,3228.1,3125.0
2025-05-16,3182.0,3227.7,3228.1,3173.9
2025-05-19,3228.9,3234.4,3241.0,3228.3
2025-05-20,3280.3,3219.0,3293.2,3207.5
2025-05-21,3309.3,3293.4,3317.5,3290.2
2025-05-22,3292.3,3327.3,3328.0,3282.7
2025-05-23,3363.6,3328.0,3363.6,3323.5
2025-05-27,3299.1,3332.5,3341.0,3296.3
2025-05-28,3293.6,3293.6,3293.6,3293.6
2025-05-29,3317.1,3283.7,3328.8,3242.4
2025-05-30,3288.9,3315.1,3318.0,3270.9
2025-06-02,3370.6,3296.9,3380.8,3296.9
2025-06-03,3350.2,3385.1,3390.0,3331.3
2025-06-04,3373.5,3355.0,3380.0,3344.0
2025-06-05,3350.7,3371.5,3400.0,3343.7
2025-06-06,3322.7,3364.3,3364.3,3306.0
2025-06-09,3332.1,3315.6,3334.6,3290.0
2025-06-10,3320.9,3302.0,3344.3,3302.0
2025-06-11,3321.3,3328.0,3356.0,3321.3
2025-06-12,3380.9,3363.0,3395.9,3353.4
2025-06-13,3431.2,3407.3,3444.0,3407.3
2025-06-16,3396.4,3442.0,3442.0,3385.4
2025-06-17,3386.6,3398.3,3398.3,3376.1
2025-06-18,3389.8,3385.3,3391.9,3365.1
2025-06-20,3368.1,3350.0,3372.9,3341.0
2025-06-23,3377.7,3365.9,3387.9,3350.0
2025-06-24,3317.4,3358.0,3358.0,3301.0
2025-06-25,3327.1,3321.6,3331.2,3310.6
2025-06-26,3333.5,3332.4,3333.5,3332.4
2025-06-27,3273.7,3318.7,3318.7,3253.8
2025-06-30,3294.4,3265.9,3306.9,3262.0
2025-07-01,3336.7,3310.1,3354.1,3310.1
2025-07-02,3348.0,3329.0,3357.5,3329.0
2025-07-03,3331.6,3362.0,3362.0,3322.3
2025-07-04,3332.5,3342.0,3342.0,3332.5
2025-07-07,3332.2,3305.5,3333.3,3299.2
2025-07-08,3307.0,3330.4,3334.5,3287.6
2025-07-09,3311.6,3289.4,3314.0,3282.0
2025-07-10,3317.4,3323.6,3330.5,3311.6
2025-07-11,3356.0,3330.5,3370.0,3330.5
2025-07-14,3351.5,3367.0,3375.5,3350.0
2025-07-15,3329.8,3341.0,3341.0,3329.8
2025-07-16,3352.5,3341.2,3352.9,3329.5
2025-07-17,3340.1,3313.8,3340.8,3313.8
2025-07-18,3353.0,3338.2,3353.0,3338.2
2025-07-21,3401.9,3350.3,3411.7,3350.3
2025-07-22,3439.2,3411.0,3441.0,3395.6
2025-07-23,3394.1,3430.3,3433.9,3388.1
2025-07-24,3371.0,3367.0,3371.0,3367.0
2025-07-25,3334.0,3344.0,3345.0,3326.5
2025-07-28,3309.1,3326.6,3326.8,3309.1
2025-07-29,3323.4,3323.4,3323.4,3323.4
2025-07-30,3295.8,3325.8,3331.8,3263.9
2025-07-31,3293.2,3272.9,3312.0,3272.9
2025-08-01,3347.7,3286.2,3360.6,3281.0
2025-08-04,3374.4,3367.6,3386.5,3347.4
2025-08-05,3381.9,3378.5,3387.2,3351.2
2025-08-06,3380.0,3380.7,3383.3,3361.3
2025-08-07,3400.3,3384.9,3422.9,3384.9
2025-08-08,3439.1,3438.8,3477.0,3402.5
2025-08-11,3353.1,3383.9,3383.9,3349.2
2025-08-12,3348.9,3356.2,3356.2,3330.1
2025-08-13,3358.7,3358.8,3363.4,3358.7
2025-08-14,3335.2,3346.8,3356.0,3328.9
2025-08-15,3336.0,3346.8,3346.8,3335.9
2025-08-18,3331.7,3333.5,3347.8,3331.7
2025-08-19,3313.4,3330.2,3343.5,3313.4
2025-08-20,3343.4,3310.6,3343.5,3310.1
2025-08-21,3336.9,3349.4,3349.4,3326.5
2025-08-22,3374.4,3349.4,3377.7,3349.4
2025-08-25,3373.8,3366.0,3378.0,3366.0
2025-08-26,3388.6,3378.9,3396.5,3371.1
2025-08-27,3404.6,3397.0,3404.6,3382.0
2025-08-28,3431.8,3409.0,3434.6,3400.0
2025-08-29,3473.7,3432.5,3475.6,3426.6
2025-09-02,3549.4,3485.7,3559.2,3485.7
2025-09-03,3593.2,3554.8,3593.7,3553.2
2025-09-04,3565.8,3549.9,3573.6,3549.9
2025-09-05,3613.2,3567.8,3613.2,3567.8
2025-09-08,3638.1,3594.5,3641.0,3590.0
2025-09-09,3643.3,3647.1,3670.4,3627.8
2025-09-10,3643.6,3625.0,3655.4,3620.8
2025-09-11,3636.9,3632.9,3636.9,3618.4
2025-09-12,3649.4,3655.5,3656.8,3643.0
2025-09-15,3682.2,3640.0,3686.4,3635.1
2025-09-16,3688.9,3681.4,3698.6,3681.4
2025-09-17,3681.8,3669.0,3685.2,3661.6
2025-09-18,3643.7,3654.6,3667.4,3637.0
2025-09-19,3671.5,3659.0,3685.9,3658.2
2025-09-22,3740.7,3688.2,3748.2,3688.0
2025-09-23,3780.6,3747.0,3786.0,3740.0
2025-09-24,3732.1,3769.8,3772.5,3732.1
2025-09-25,3736.9,3742.8,3756.0,3724.7
2025-09-26,3775.3,3775.3,3775.3,3775.3
2025-09-29,3820.9,3754.8,3827.6,3754.8
2025-09-30,3840.8,3827.5,3865.5,3793.4
2025-10-01,3867.5,3863.5,3891.9,3853.3
2025-10-02,3839.7,3856.2,3888.6,3823.7
2025-10-03,3880.8,3855.2,3886.8,3853.7
2025-10-06,3948.5,3931.3,3960.0,3926.8
2025-10-07,3976.6,3959.4,3981.5,3940.0
2025-10-08,4043.3,3987.2,4049.2,3987.2
2025-10-09,3946.3,4011.2,4046.2,3940.0
2025-10-10,3975.9,3957.0,4012.0,3945.5
2025-10-13,4108.6,4016.0,4111.0,4016.0
2025-10-14,4138.7,4131.7,4160.1,4085.8
2025-10-15,4176.9,4145.0,4210.6,4145.0
2025-10-16,4280.2,4198.8,4307.0,4196.6
2025-10-17,4189.9,4354.7,4358.0,4182.2
2025-10-20,4336.4,4244.1,4356.6,4214.6
2025-10-21,4087.7,4332.7,4332.7,4087.7
2025-10-22,4044.4,4109.7,4148.5,4006.0
2025-10-23,4125.5,4078.4,4136.8,4070.7
2025-10-24,4118.4,4117.5,4120.6,4074.9
2025-10-27,4001.9,4060.0,4078.6,3971.3
2025-10-28,3966.2,3929.7,3966.2,3923.6
2025-10-29,3983.7,3983.7,3983.7,3983.7
2025-10-30,4001.3,3960.0,4027.2,3913.7
2025-10-31,3982.2,4034.5,4034.5,3976.6
2025-11-03,4000.3,3976.2,4020.0,3959.0
2025-11-04,3947.7,3994.2,3995.4,3927.4
2025-11-05,3980.3,3929.9,3983.5,3929.9
2025-11-06,3979.9,4004.0,4007.5,3979.9
2025-11-07,4009.8,3986.9,4035.8,3981.6
