Date,Price,Open,High,Low,Vol.,Change %
11/07/2025,"4,009.80","3,986.90","4,035.80","3,981.60",198.89K,0.75%
11/06/2025,"3,979.90","4,004.00","4,007.50","3,979.90",0.65K,-0.01%
11/05/2025,"3,980.30","3,929.90","3,983.50","3,929.90",0.56K,0.83%
11/04/2025,"3,947.70","3,994.20","3,995.40","3,927.40",0.66K,-1.31%
11/03/2025,"4,000.30","3,976.20","4,020.00","3,959.00",,0.45%
10/31/2025,"3,982.20","4,034.50","4,034.50","3,976.60",0.56K,-0.48%
10/30/2025,"4,001.30","3,960.00","4,027.20","3,913.70",0.94K,0.44%
10/29/2025,"3,983.70","3,983.70","3,983.70","3,983.70",1.34K,0.44%
10/28/2025,"3,966.20","3,929.70","3,966.20","3,923.60",0.22K,-0.89%
10/27/2025,"4,001.90","4,060.00","4,078.60","3,971.30",0.22K,-2.83%
10/24/2025,"4,118.40","4,117.50","4,120.60","4,074.90",0.12K,-0.17%
10/23/2025,"4,125.50","4,078.40","4,136.80","4,070.70",0.35K,2.01%
10/22/2025,"4,044.40","4,109.70","4,148.50","4,006.00",1.24K,-1.06%
10/21/2025,"4,087.70","4,332.70","4,332.70","4,087.70",2.94K,-5.74%
10/20/2025,"4,336.40","4,244.10","4,356.60","4,214.60",1.75K,3.50%
10/17/2025,"4,189.90","4,354.70","4,358.00","4,182.20",4.06K,-2.11%
10/16/2025,"4,280.20","4,198.80","4,307.00","4,196.60",4.71K,2.47%
10/15/2025,"4,176.90","4,145.00","4,210.60","4,145.00",3.29K,0.92%
10/14/2025,"4,138.70","4,131.70","4,160.10","4,085.80",2.42K,0.73%
10/13/2025,"4,108.60","4,016.00","4,111.00","4,016.00",1.70K,3.34%
10/10/2025,"3,975.90","3,957.00","4,012.00","3,945.50",1.70K,0.75%
10/09/2025,"3,946.30","4,011.20","4,046.20","3,940.00",3.13K,-2.40%
10/08/2025,"4,043.30","3,987.20","4,049.20","3,987.20",2.18K,1.68%
10/07/2025,"3,976.60","3,959.40","3,981.50","3,940.00",2.90K,0.71%
10/06/2025,"3,948.50","3,931.30","3,960.00","3,926.80",1.27K,1.74%
10/03/2025,"3,880.80","3,855.20","3,886.80","3,853.70",0.39K,1.07%
10/02/2025,"3,839.70","3,856.20","3,888.60","3,823.70",3.42K,-0.72%
10/01/2025,"3,867.50","3,863.50","3,891.90","3,853.30",1.78K,0.70%
09/30/2025,"3,840.80","3,827.50","3,865.50","3,793.40",1.61K,0.52%
09/29/2025,"3,820.90","3,754.80","3,827.60","3,754.80",8.86K,1.21%
09/26/2025,"3,775.30","3,775.30","3,775.30","3,775.30",19.31K,1.03%
09/25/2025,"3,736.90","3,742.80","3,756.00","3,724.70",1.90K,0.13%
09/24/2025,"3,732.10","3,769.80","3,772.50","3,732.10",0.59K,-1.28%
09/23/2025,"3,780.60","3,747.00","3,786.00","3,740.00",0.63K,1.07%
09/22/2025,"3,740.70","3,688.20","3,748.20","3,688.00",0.41K,1.88%
09/19/2025,"3,671.50","3,659.00","3,685.90","3,658.20",0.21K,0.76%
09/18/2025,"3,643.70","3,654.60","3,667.40","3,637.00",0.08K,-1.03%
09/17/2025,"3,681.80","3,669.00","3,685.20","3,661.60",0.18K,-0.19%
09/16/2025,"3,688.90","3,681.40","3,698.60","3,681.40",0.37K,0.18%
09/15/2025,"3,682.20","3,640.00","3,686.40","3,635.10",0.21K,0.90%
09/12/2025,"3,649.40","3,655.50","3,656.80","3,643.00",1.30K,0.34%
09/11/2025,"3,636.90","3,632.90","3,636.90","3,618.40",0.31K,-0.18%
09/10/2025,"3,643.60","3,625.00","3,655.40","3,620.80",0.14K,0.01%
09/09/2025,"3,643.30","3,647.10","3,670.40","3,627.80",0.54K,0.14%
09/08/2025,"3,638.10","3,594.50","3,641.00","3,590.00",0.10K,0.69%
09/05/2025,"3,613.20","3,567.80","3,613.20","3,567.80",0.93K,1.33%
09/04/2025,"3,565.80","3,549.90","3,573.60","3,549.90",0.24K,-0.76%
09/03/2025,"3,593.20","3,554.80","3,593.70","3,553.20",0.07K,1.23%
09/02/2025,"3,549.40","3,485.70","3,559.20","3,485.70",0.66K,2.18%
08/29/2025,"3,473.70","3,432.50","3,475.60","3,426.60",,1.22%
08/28/2025,"3,431.80","3,409.00","3,434.60","3,400.00",1.03K,0.80%
08/27/2025,"3,404.60","3,397.00","3,404.60","3,382.00",3.22K,0.47%
08/26/2025,"3,388.60","3,378.90","3,396.50","3,371.10",0.91K,0.44%
08/25/2025,"3,373.80","3,366.00","3,378.00","3,366.00",1.04K,-0.02%
08/22/2025,"3,374.40","3,349.40","3,377.70","3,349.40",1.24K,1.12%
08/21/2025,"3,336.90","3,349.40","3,349.40","3,326.50",0.14K,-0.19%
08/20/2025,"3,343.40","3,310.60","3,343.50","3,310.10",1.21K,0.91%
08/19/2025,"3,313.40","3,330.20","3,343.50","3,313.40",1.66K,-0.55%
08/18/2025,"3,331.70","3,333.50","3,347.80","3,331.70",0.65K,-0.13%
08/15/2025,"3,336.00","3,346.80","3,346.80","3,335.90",1.19K,0.02%
08/14/2025,"3,335.20","3,346.80","3,356.00","3,328.90",0.59K,-0.70%
08/13/2025,"3,358.70","3,358.80","3,363.40","3,358.70",1.01K,0.29%
08/12/2025,"3,348.90","3,356.20","3,356.20","3,330.10",1.61K,-0.13%
08/11/2025,"3,353.10","3,383.90","3,383.90","3,349.20",1.49K,-2.50%
08/08/2025,"3,439.10","3,438.80","3,477.00","3,402.50",7.66K,1.14%
08/07/2025,"3,400.30","3,384.90","3,422.90","3,384.90",5.46K,0.60%
08/06/2025,"3,380.00","3,380.70","3,383.30","3,361.30",1.49K,-0.06%
08/05/2025,"3,381.90","3,378.50","3,387.20","3,351.20",0.92K,0.22%
08/04/2025,"3,374.40","3,367.60","3,386.50","3,347.40",0.35K,0.80%
08/01/2025,"3,347.70","3,286.20","3,360.60","3,281.00",3.42K,1.65%
07/31/2025,"3,293.20","3,272.90","3,312.00","3,272.90",3.70K,-0.08%
07/30/2025,"3,295.80","3,325.80","3,331.80","3,263.90",19.25K,-0.83%
07/29/2025,"3,323.40","3,323.40","3,323.40","3,323.40",113.14K,0.43%
07/28/2025,"3,309.10","3,326.60","3,326.80","3,309.10",0.53K,-0.75%
07/25/2025,"3,334.00","3,344.00","3,345.00","3,326.50",0.07K,-1.10%
07/24/2025,"3,371.00","3,367.00","3,371.00","3,367.00",1.18K,-0.68%
07/23/2025,"3,394.10","3,430.30","3,433.90","3,388.10",0.06K,-1.31%
07/22/2025,"3,439.20","3,411.00","3,441.00","3,395.60",0.04K,1.10%
07/21/2025,"3,401.90","3,350.30","3,411.70","3,350.30",0.05K,1.46%
07/18/2025,"3,353.00","3,338.20","3,353.00","3,338.20",0.60K,0.39%
07/17/2025,"3,340.10","3,313.80","3,340.80","3,313.80",0.67K,-0.37%
07/16/2025,"3,352.50","3,341.20","3,352.90","3,329.50",0.01K,0.68%
07/15/2025,"3,329.80","3,341.00","3,341.00","3,329.80",0.21K,-0.65%
07/14/2025,"3,351.50","3,367.00","3,375.50","3,350.00",0.58K,-0.13%
07/11/2025,"3,356.00","3,330.50","3,370.00","3,330.50",0.78K,1.16%
07/10/2025,"3,317.40","3,323.60","3,330.50","3,311.60",0.21K,0.18%
07/09/2025,"3,311.60","3,289.40","3,314.00","3,282.00",0.11K,0.14%
07/08/2025,"3,307.00","3,330.40","3,334.50","3,287.60",0.91K,-0.76%
07/07/2025,"3,332.20","3,305.50","3,333.30","3,299.20",0.25K,-0.01%
07/04/2025,"3,332.50","3,342.00","3,342.00","3,332.50",,0.03%
07/03/2025,"3,331.60","3,362.00","3,362.00","3,322.30",,-0.49%
07/02/2025,"3,348.00","3,329.00","3,357.50","3,329.00",0.04K,0.34%
07/01/2025,"3,336.70","3,310.10","3,354.10","3,310.10",0.37K,1.28%
06/30/2025,"3,294.40","3,265.90","3,306.90","3,262.00",1.24K,0.63%
06/27/2025,"3,273.70","3,318.70","3,318.70","3,253.80",0.28K,-1.79%
06/26/2025,"3,333.50","3,332.40","3,333.50","3,332.40",2.06K,0.19%
06/25/2025,"3,327.10","3,321.60","3,331.20","3,310.60",0.37K,0.29%
06/24/2025,"3,317.40","3,358.00","3,358.00","3,301.00",0.54K,-1.79%
06/23/2025,"3,377.70","3,365.90","3,387.90","3,350.00",0.03K,0.29%
06/20/2025,"3,368.10","3,350.00","3,372.90","3,341.00",0.71K,-0.64%
06/18/2025,"3,389.80","3,385.30","3,391.90","3,365.10",,0.09%
06/17/2025,"3,386.60","3,398.30","3,398.30","3,376.10",1.48K,-0.29%
06/16/2025,"3,396.40","3,442.00","3,442.00","3,385.40",0.48K,-1.01%
06/13/2025,"3,431.20","3,407.30","3,444.00","3,407.30",0.50K,1.49%
06/12/2025,"3,380.90","3,363.00","3,395.90","3,353.40",1.82K,1.79%
06/11/2025,"3,321.30","3,328.00","3,356.00","3,321.30",2.11K,0.01%
06/10/2025,"3,320.90","3,302.00","3,344.30","3,302.00",0.07K,-0.34%
06/09/2025,"3,332.10","3,315.60","3,334.60","3,290.00",1.89K,0.28%
06/06/2025,"3,322.70","3,364.30","3,364.30","3,306.00",0.08K,-0.84%
06/05/2025,"3,350.70","3,371.50","3,400.00","3,343.70",0.73K,-0.68%
06/04/2025,"3,373.50","3,355.00","3,380.00","3,344.00",0.21K,0.70%
06/03/2025,"3,350.20","3,385.10","3,390.00","3,331.30",6.41K,-0.61%
06/02/2025,"3,370.60","3,296.90","3,380.80","3,296.90",0.98K,2.48%
05/30/2025,"3,288.90","3,315.10","3,318.00","3,270.90",2.21K,-0.85%
05/29/2025,"3,317.10","3,283.70","3,328.80","3,242.40",24.37K,0.71%
05/28/2025,"3,293.60","3,293.60","3,293.60","3,293.60",127.76K,-0.17%
05/27/2025,"3,299.10","3,332.50","3,341.00","3,296.30",0.19K,-1.92%
05/23/2025,"3,363.60","3,328.00","3,363.60","3,323.50",0.05K,2.17%
05/22/2025,"3,292.30","3,327.30","3,328.00","3,282.70",1.21K,-0.51%
05/21/2025,"3,309.30","3,293.40","3,317.50","3,290.20",0.98K,0.88%
05/20/2025,"3,280.30","3,219.00","3,293.20","3,207.50",0.36K,1.59%
05/19/2025,"3,228.90","3,234.40","3,241.00","3,228.30",0.27K,1.47%
05/16/2025,"3,182.00","3,227.70","3,228.10","3,173.90",0.20K,-1.20%
05/15/2025,"3,220.70","3,151.00","3,228.10","3,125.00",0.65K,1.24%
05/14/2025,"3,181.40","3,233.00","3,233.00","3,171.70",3.52K,-1.82%
05/13/2025,"3,240.30","3,232.00","3,251.40","3,223.50",2.42K,0.63%
05/12/2025,"3,220.00","3,300.70","3,300.70","3,205.00",0.89K,-3.46%
05/09/2025,"3,335.40","3,299.00","3,335.50","3,299.00",0.22K,1.18%
05/08/2025,"3,296.60","3,390.00","3,390.00","3,288.70",0.20K,-2.51%
05/07/2025,"3,381.40","3,418.70","3,418.70","3,364.70",1.08K,-0.88%
05/06/2025,"3,411.40","3,365.50","3,430.90","3,356.80",2.36K,3.02%
05/05/2025,"3,311.30","3,242.70","3,315.70","3,239.70",0.24K,2.46%
05/02/2025,"3,231.90","3,239.90","3,257.00","3,225.00",1.35K,0.68%
05/01/2025,"3,210.00","3,272.90","3,275.00","3,198.60",2.13K,-2.87%
04/30/2025,"3,305.00","3,318.70","3,318.70","3,268.00",0.21K,-0.42%
04/29/2025,"3,318.80","3,340.00","3,340.00","3,299.90",1.28K,-0.41%
04/28/2025,"3,332.50","3,284.50","3,332.50","3,284.50",1.30K,1.53%
04/25/2025,"3,282.40","3,355.50","3,355.50","3,266.10",0.16K,-1.49%
04/24/2025,"3,332.00","3,305.40","3,353.90","3,304.90",0.56K,1.70%
04/23/2025,"3,276.30","3,321.20","3,370.30","3,256.20",0.33K,-3.66%
04/22/2025,"3,400.80","3,422.20","3,485.60","3,361.70",0.79K,-0.16%
04/21/2025,"3,406.20","3,342.20","3,418.50","3,342.20",0.08K,2.95%
04/17/2025,"3,308.70","3,345.00","3,345.00","3,287.80",0.82K,-0.54%
04/16/2025,"3,326.60","3,238.30","3,334.90","3,238.30",1.87K,3.35%
04/15/2025,"3,218.70","3,216.00","3,218.70","3,214.00",0.39K,0.43%
04/14/2025,"3,204.80","3,215.50","3,228.80","3,194.50",0.26K,-0.54%
04/11/2025,"3,222.20","3,182.10","3,235.00","3,182.10",0.86K,2.12%
04/10/2025,"3,155.20","3,073.90","3,167.00","3,072.10",3.46K,3.23%
04/09/2025,"3,056.50","2,965.80","3,090.40","2,965.80",2.17K,2.97%
04/08/2025,"2,968.40","2,994.00","3,014.50","2,968.40",3.21K,0.58%
04/07/2025,"2,951.30","3,016.40","3,050.80","2,949.70",4.42K,-2.02%
04/04/2025,"3,012.00","3,110.50","3,127.70","3,011.00",3.25K,-2.74%
04/03/2025,"3,097.00","3,150.00","3,166.90","3,052.00",5.52K,-1.37%
04/02/2025,"3,139.90","3,120.70","3,168.60","3,117.40",5.95K,0.67%
04/01/2025,"3,118.90","3,129.70","3,149.50","3,104.00",1.72K,-0.12%
03/31/2025,"3,122.80","3,091.00","3,132.50","3,086.00",3.44K,1.18%
03/28/2025,"3,086.50","3,069.70","3,094.90","3,066.80",31.21K,0.86%
03/27/2025,"3,060.20","3,025.50","3,065.00","3,025.50",124.36K,1.30%
03/26/2025,"3,020.90","3,033.20","3,033.20","3,019.50",0.08K,-0.09%
03/25/2025,"3,023.70","3,026.40","3,028.80","3,023.70",0.07K,0.35%
03/24/2025,"3,013.10","3,024.30","3,024.30","3,006.00",0.14K,-0.17%
03/21/2025,"3,018.20","3,034.50","3,037.50","3,000.90",0.15K,-0.72%
03/20/2025,"3,040.00","3,047.30","3,047.30","3,034.40",0.18K,0.14%
03/19/2025,"3,035.90","3,035.20","3,050.90","3,030.90",0.17K,0.03%
03/18/2025,"3,035.10","3,006.40","3,039.20","3,004.40",0.43K,1.17%
03/17/2025,"3,000.00","2,991.00","3,001.50","2,989.00",0.21K,0.18%
03/14/2025,"2,994.50","2,994.40","3,004.80","2,986.00",1.80K,0.34%
03/13/2025,"2,984.30","2,937.10","2,988.00","2,935.20",2.37K,1.54%
03/12/2025,"2,939.10","2,912.00","2,939.10","2,910.00",0.21K,0.90%
03/11/2025,"2,912.90","2,884.40","2,916.70","2,880.40",0.20K,0.76%
03/10/2025,"2,891.00","2,910.10","2,915.10","2,880.20",0.06K,-0.47%
03/07/2025,"2,904.70","2,900.90","2,927.30","2,900.50",0.53K,-0.41%
03/06/2025,"2,916.60","2,904.00","2,918.60","2,903.80",0.87K,0.04%
03/05/2025,"2,915.30","2,916.70","2,922.00","2,893.00",0.55K,0.20%
03/04/2025,"2,909.60","2,886.10","2,927.90","2,886.10",0.89K,0.67%
03/03/2025,"2,890.20","2,872.70","2,891.80","2,863.40",0.42K,1.88%
02/28/2025,"2,836.80","2,877.10","2,877.10","2,834.10",0.99K,-1.61%
02/27/2025,"2,883.20","2,918.50","2,922.80","2,870.40",3.21K,-1.15%
02/26/2025,"2,916.80","2,913.50","2,917.00","2,913.00",2.05K,0.42%
02/25/2025,"2,904.50","2,938.70","2,943.20","2,890.00",1.85K,-1.47%
02/24/2025,"2,947.90","2,933.10","2,957.90","2,933.10",0.41K,0.35%
02/21/2025,"2,937.60","2,938.80","2,940.00","2,917.30",0.57K,-0.08%
02/20/2025,"2,940.00","2,949.10","2,955.80","2,924.20",0.66K,0.71%
02/19/2025,"2,919.40","2,938.70","2,946.00","2,917.10",2.63K,-0.42%
02/18/2025,"2,931.60","2,879.20","2,936.40","2,873.80",4.01K,1.66%
02/14/2025,"2,883.60","2,937.30","2,944.40","2,874.80",1.99K,-1.45%
02/13/2025,"2,925.90","2,911.30","2,937.70","2,910.60",4.67K,0.58%
02/12/2025,"2,909.00","2,902.00","2,912.30","2,868.60",2.50K,-0.12%
02/11/2025,"2,912.50","2,925.50","2,945.40","2,890.00",2.55K,-0.06%
02/10/2025,"2,914.30","2,864.20","2,916.10","2,863.80",2.24K,1.64%
02/07/2025,"2,867.30","2,859.90","2,889.50","2,857.80",1.82K,0.40%
02/06/2025,"2,856.00","2,865.20","2,871.70","2,836.30",3.12K,-0.54%
02/05/2025,"2,871.60","2,850.00","2,880.50","2,848.00",4.52K,0.64%
02/04/2025,"2,853.30","2,827.60","2,853.30","2,816.10",2.19K,0.68%
02/03/2025,"2,833.90","2,818.20","2,848.40","2,780.90",2.65K,0.76%
01/31/2025,"2,812.50","2,829.00","2,838.00","2,804.00",3.44K,-0.37%
01/30/2025,"2,823.00","2,772.50","2,829.50","2,770.00",40.14K,1.95%
01/29/2025,"2,769.10","2,769.10","2,769.10","2,769.10",125.69K,0.08%
01/28/2025,"2,766.80","2,738.00","2,766.80","2,738.00",2.31K,1.07%
01/27/2025,"2,737.50","2,761.10","2,762.20","2,737.50",0.98K,-1.43%
01/24/2025,"2,777.30","2,759.80","2,792.00","2,759.80",1.59K,0.51%
01/23/2025,"2,763.10","2,760.00","2,765.00","2,745.40",2.20K,-0.16%
01/22/2025,"2,767.60","2,754.50","2,768.80","2,753.50",2.08K,0.46%
01/21/2025,"2,755.00","2,746.00","2,755.00","2,724.80",1.44K,0.39%
01/17/2025,"2,744.30","2,736.00","2,751.60","2,725.50",1.21K,-0.08%
01/16/2025,"2,746.40","2,731.70","2,749.80","2,731.70",1.72K,1.25%
01/15/2025,"2,712.50","2,690.80","2,712.50","2,690.80",0.93K,1.31%
01/14/2025,"2,677.50","2,673.60","2,688.30","2,670.80",0.79K,0.15%
01/13/2025,"2,673.50","2,711.10","2,711.20","2,673.50",0.77K,-1.29%
01/10/2025,"2,708.50","2,686.10","2,720.10","2,683.70",0.40K,0.92%
01/09/2025,"2,683.80","2,669.70","2,686.30","2,667.90",1.14K,0.72%
01/08/2025,"2,664.50","2,655.50","2,676.90","2,653.50",1.00K,0.29%
01/07/2025,"2,656.70","2,653.40","2,657.50","2,653.00",0.64K,0.69%
01/06/2025,"2,638.40","2,645.50","2,647.00","2,617.30",0.96K,-0.25%
01/03/2025,"2,645.00","2,658.70","2,658.70","2,641.80",0.59K,-0.52%
01/02/2025,"2,658.90","2,633.00","2,663.10","2,633.00",1.73K,1.13%
12/31/2024,"2,629.20","2,608.40","2,629.20","2,604.90",0.40K,0.89%
12/30/2024,"2,606.10","2,620.70","2,626.90","2,597.00",0.79K,-0.42%
12/27/2024,"2,617.20","2,617.70","2,617.70","2,616.40",0.64K,-0.82%
12/26/2024,"2,638.80","2,628.50","2,638.80","2,627.90",0.08K,0.72%
12/24/2024,"2,620.00","2,613.00","2,620.00","2,609.50",0.04K,0.29%
12/23/2024,"2,612.30","2,620.00","2,627.70","2,611.10",0.45K,-0.62%
12/20/2024,"2,628.70","2,605.30","2,631.60","2,604.90",0.59K,1.41%
12/19/2024,"2,592.20","2,582.10","2,610.30","2,582.10",0.24K,-1.68%
12/18/2024,"2,636.50","2,644.30","2,647.10","2,590.20",0.57K,-0.30%
12/17/2024,"2,644.40","2,651.80","2,652.30","2,632.50",0.70K,-0.26%
12/16/2024,"2,651.40","2,658.30","2,663.30","2,651.00",0.88K,-0.17%
12/13/2024,"2,656.00","2,688.20","2,689.30","2,647.90",1.12K,-1.17%
12/12/2024,"2,687.50","2,725.10","2,725.10","2,677.40",2.37K,-1.69%
12/11/2024,"2,733.80","2,701.80","2,733.80","2,693.10",3.39K,1.34%
12/10/2024,"2,697.60","2,662.30","2,698.20","2,661.00",0.44K,1.23%
12/09/2024,"2,664.90","2,632.10","2,677.10","2,630.80",0.94K,1.00%
12/06/2024,"2,638.60","2,620.20","2,643.10","2,617.50",0.57K,0.46%
12/05/2024,"2,626.60","2,652.40","2,655.00","2,625.70",0.57K,-1.02%
12/04/2024,"2,653.80","2,639.20","2,658.30","2,637.00",0.25K,0.34%
12/03/2024,"2,644.70","2,639.00","2,654.70","2,636.00",1.06K,0.37%
12/02/2024,"2,634.90","2,649.00","2,649.80","2,621.70",0.69K,-0.83%
11/29/2024,"2,657.00","2,636.40","2,664.30","2,620.70",3.86K,0.65%
11/27/2024,"2,639.90","2,633.50","2,657.90","2,627.20",61.65K,0.75%
11/26/2024,"2,620.30","2,625.60","2,625.60","2,620.30",177.86K,0.13%
11/25/2024,"2,616.80","2,689.40","2,689.40","2,616.80",0.09K,-3.44%
11/22/2024,"2,709.90","2,687.50","2,710.50","2,685.60",0.04K,1.41%
11/21/2024,"2,672.10","2,659.30","2,672.10","2,655.70",0.03K,0.90%
11/20/2024,"2,648.20","2,638.50","2,648.20","2,638.50",0.03K,0.80%
11/19/2024,"2,627.10","2,621.90","2,627.70","2,619.30",0.09K,0.63%
11/18/2024,"2,610.60","2,591.70","2,610.70","2,589.40",0.14K,1.75%
11/15/2024,"2,565.70","2,565.70","2,565.70","2,565.70",0.02K,-0.10%
11/14/2024,"2,568.20","2,555.10","2,576.20","2,554.20",0.03K,-0.49%
11/13/2024,"2,580.80","2,611.10","2,611.80","2,580.80",0.05K,-0.74%
11/12/2024,"2,600.00","2,605.50","2,605.50","2,592.80",0.12K,-0.43%
11/11/2024,"2,611.20","2,671.70","2,671.70","2,611.20",0.02K,-2.84%
11/08/2024,"2,687.50","2,688.50","2,694.60","2,682.90",1.04K,-0.40%
11/07/2024,"2,698.40","2,662.50","2,699.10","2,662.50",0.68K,1.15%
11/06/2024,"2,667.60","2,734.50","2,734.50","2,659.40",0.43K,-2.65%
11/05/2024,"2,740.30","2,743.00","2,743.90","2,740.30",0.02K,0.15%
11/04/2024,"2,736.10","2,736.50","2,737.10","2,736.10",0.02K,-0.09%
11/01/2024,"2,738.60","2,745.50","2,756.00","2,734.20",0.11K,0.01%
10/31/2024,"2,738.30","2,787.40","2,787.50","2,733.50",0.85K,-1.80%
10/30/2024,"2,788.50","2,774.60","2,789.00","2,774.60",0.23K,0.73%
10/29/2024,"2,768.40","2,768.40","2,768.40","2,768.40",0.85K,0.93%
10/28/2024,"2,742.90","2,736.10","2,742.90","2,729.50",0.06K,0.07%
10/25/2024,"2,740.90","2,725.50","2,742.40","2,725.50",0.03K,0.22%
10/24/2024,"2,734.90","2,729.00","2,736.10","2,729.00",0.03K,0.76%
10/23/2024,"2,714.40","2,742.50","2,742.50","2,714.20",0.02K,-1.09%
10/22/2024,"2,744.20","2,731.70","2,746.00","2,728.60",0.09K,0.77%
10/21/2024,"2,723.10","2,721.90","2,738.40","2,719.50",0.05K,0.35%
10/18/2024,"2,713.70","2,713.70","2,719.60","2,713.70",0.03K,0.84%
10/17/2024,"2,691.00","2,677.40","2,691.70","2,677.20",0.03K,0.64%
10/16/2024,"2,674.00","2,674.00","2,674.00","2,674.00",0.01K,0.47%
10/15/2024,"2,661.40","2,661.40","2,661.40","2,661.40",0.04K,0.51%
10/14/2024,"2,647.80","2,655.00","2,655.30","2,647.80",0.04K,-0.37%
10/11/2024,"2,657.60","2,638.30","2,658.10","2,638.20",0.01K,1.41%
10/10/2024,"2,620.60","2,602.50","2,628.30","2,602.50",0.32K,0.56%
10/09/2024,"2,606.00","2,603.00","2,607.70","2,603.00",0.15K,-0.34%
10/08/2024,"2,615.00","2,639.00","2,639.00","2,609.30",0.69K,-1.13%
10/07/2024,"2,644.80","2,648.70","2,657.40","2,639.00",0.28K,-0.04%
10/04/2024,"2,645.80","2,656.00","2,667.00","2,639.00",0.11K,-0.43%
10/03/2024,"2,657.10","2,642.80","2,657.10","2,640.00",0.35K,0.38%
10/02/2024,"2,647.10","2,650.60","2,657.20","2,640.00",0.07K,-0.76%
10/01/2024,"2,667.30","2,631.40","2,670.90","2,631.40",0.15K,1.18%
09/30/2024,"2,636.10","2,660.90","2,662.10","2,623.20",0.97K,-0.31%
09/27/2024,"2,644.30","2,670.00","2,672.10","2,641.70",4.23K,-0.96%
09/26/2024,"2,669.90","2,662.30","2,669.90","2,660.80",17.22K,0.40%
09/25/2024,"2,659.20","2,656.30","2,664.20","2,649.30",0.17K,0.30%
09/24/2024,"2,651.20","2,636.80","2,662.30","2,625.50",0.04K,0.94%
09/23/2024,"2,626.50","2,626.50","2,626.50","2,626.50",0.01K,0.25%
09/20/2024,"2,619.90","2,590.40","2,621.80","2,590.40",0.02K,1.23%
09/19/2024,"2,588.00","2,566.00","2,588.00","2,566.00",0.10K,0.67%
09/18/2024,"2,570.70","2,570.70","2,570.70","2,549.20",0.03K,0.25%
09/17/2024,"2,564.30","2,581.20","2,581.80","2,564.30",0.02K,-0.62%
09/16/2024,"2,580.40","2,580.40","2,580.40","2,580.40",0.03K,-0.03%
09/13/2024,"2,581.30","2,568.80","2,581.80","2,565.00",0.03K,1.18%
09/12/2024,"2,551.20","2,529.10","2,557.00","2,523.40",0.13K,1.56%
09/11/2024,"2,512.10","2,525.80","2,525.80","2,502.30",0.09K,-0.01%
09/10/2024,"2,512.30","2,512.30","2,512.30","2,512.30",0.01K,0.42%
09/09/2024,"2,501.80","2,491.30","2,504.70","2,491.30",0.10K,0.33%
09/06/2024,"2,493.50","2,510.30","2,517.90","2,483.70",0.10K,-0.71%
09/05/2024,"2,511.40","2,493.70","2,513.30","2,493.40",0.05K,0.72%
09/04/2024,"2,493.40","2,490.90","2,493.40","2,483.50",0.47K,0.14%
09/03/2024,"2,489.90","2,501.60","2,501.80","2,476.30",0.21K,-0.16%
08/30/2024,"2,493.80","2,519.50","2,525.40","2,493.80",0.21K,-1.26%
08/29/2024,"2,525.70","2,504.10","2,525.70","2,503.90",3.97K,0.99%
08/28/2024,"2,501.00","2,501.00","2,501.00","2,501.00",2.35K,-0.60%
08/27/2024,"2,516.00","2,515.20","2,523.10","2,506.90",0.10K,-0.07%
08/26/2024,"2,517.70","2,509.90","2,523.10","2,509.10",0.29K,0.37%
08/23/2024,"2,508.40","2,486.50","2,508.40","2,486.50",0.09K,1.19%
08/22/2024,"2,478.90","2,504.10","2,504.10","2,471.10",0.21K,-1.18%
08/21/2024,"2,508.40","2,511.00","2,515.40","2,503.90",0.10K,-0.12%
08/20/2024,"2,511.30","2,503.50","2,527.30","2,500.70",0.19K,0.38%
08/19/2024,"2,501.80","2,508.50","2,508.50","2,487.20",0.09K,0.13%
08/16/2024,"2,498.60","2,453.50","2,508.00","2,451.40",0.20K,1.85%
08/15/2024,"2,453.10","2,451.80","2,467.70","2,431.20",0.28K,0.56%
08/14/2024,"2,439.40","2,468.00","2,472.10","2,439.40",0.27K,-1.11%
08/13/2024,"2,466.70","2,461.00","2,470.00","2,456.50",0.51K,0.17%
08/12/2024,"2,462.40","2,432.70","2,469.80","2,432.00",0.57K,1.25%
08/09/2024,"2,432.10","2,422.30","2,432.10","2,418.50",0.61K,0.41%
08/08/2024,"2,422.20","2,384.30","2,422.80","2,384.30",0.20K,1.33%
08/07/2024,"2,390.50","2,392.20","2,401.00","2,384.50",0.13K,0.06%
08/06/2024,"2,389.10","2,414.50","2,421.80","2,380.00",0.16K,-0.52%
08/05/2024,"2,401.70","2,442.00","2,449.80","2,367.40",0.33K,-0.99%
08/02/2024,"2,425.70","2,444.00","2,477.00","2,416.00",0.55K,-0.38%
08/01/2024,"2,435.00","2,446.70","2,455.10","2,430.40",0.69K,0.35%
07/31/2024,"2,426.50","2,407.10","2,447.60","2,402.80",1.31K,0.89%
07/30/2024,"2,405.00","2,380.90","2,409.30","2,373.80",25.94K,1.17%
07/29/2024,"2,377.30","2,377.30","2,377.30","2,377.30",126.41K,-0.11%
07/26/2024,"2,380.00","2,368.70","2,386.90","2,368.70",0.10K,1.19%
07/25/2024,"2,351.90","2,365.50","2,365.50","2,351.90",0.03K,-2.54%
07/24/2024,"2,413.30","2,421.00","2,421.00","2,411.60",0.01K,0.36%
07/23/2024,"2,404.60","2,395.80","2,404.60","2,388.70",0.04K,0.53%
07/22/2024,"2,392.00","2,402.10","2,402.10","2,392.00",0.02K,-0.15%
07/19/2024,"2,395.50","2,418.80","2,419.20","2,395.50",0.01K,-2.30%
07/18/2024,"2,451.80","2,466.00","2,466.00","2,451.80",0.00K,-0.12%
07/17/2024,"2,454.80","2,472.90","2,473.10","2,454.80",0.01K,-0.31%
07/16/2024,"2,462.40","2,427.40","2,462.40","2,427.40",0.09K,1.63%
07/15/2024,"2,422.90","2,430.00","2,436.00","2,422.90",0.54K,0.37%
07/12/2024,"2,414.00","2,399.80","2,414.00","2,391.30",0.35K,-0.04%
07/11/2024,"2,415.00","2,378.70","2,416.70","2,378.70",0.07K,1.80%
07/10/2024,"2,372.20","2,366.30","2,377.00","2,365.80",0.02K,0.51%
07/09/2024,"2,360.10","2,363.10","2,363.70","2,360.10",0.01K,0.21%
07/08/2024,"2,355.20","2,381.70","2,383.80","2,352.80",0.06K,-1.39%
07/05/2024,"2,388.50","2,354.90","2,388.50","2,354.90",0.07K,1.22%
07/03/2024,"2,359.80","2,330.90","2,361.60","2,330.90",0.06K,1.58%
07/02/2024,"2,323.00","2,330.70","2,334.60","2,323.00",0.03K,-0.20%
07/01/2024,"2,327.60","2,323.80","2,329.70","2,321.70",0.24K,-0.00%
06/28/2024,"2,327.70","2,325.40","2,338.30","2,319.00",0.09K,0.14%
06/27/2024,"2,324.50","2,296.80","2,329.00","2,295.00",1.53K,1.10%
06/26/2024,"2,299.20","2,307.90","2,314.40","2,298.00",0.99K,-0.75%
06/25/2024,"2,316.60","2,324.40","2,333.00","2,316.60",0.10K,-0.58%
06/24/2024,"2,330.00","2,323.30","2,332.90","2,322.70",0.10K,0.59%
06/21/2024,"2,316.40","2,331.20","2,331.20","2,316.40",0.08K,-1.59%
06/20/2024,"2,353.80","2,328.90","2,354.00","2,328.30",0.18K,1.00%
06/18/2024,"2,330.40","2,311.80","2,330.40","2,311.80",0.04K,0.78%
06/17/2024,"2,312.40","2,320.20","2,320.20","2,309.60",0.11K,-0.81%
06/14/2024,"2,331.40","2,307.00","2,331.40","2,305.80",0.95K,1.36%
06/13/2024,"2,300.20","2,309.40","2,317.70","2,296.20",0.30K,-1.53%
06/12/2024,"2,336.00","2,314.90","2,338.70","2,310.30",0.13K,1.24%
06/11/2024,"2,307.50","2,300.00","2,314.10","2,300.00",0.87K,-0.01%
06/10/2024,"2,307.70","2,290.60","2,309.30","2,290.50",0.07K,0.11%
06/07/2024,"2,305.20","2,379.90","2,385.10","2,285.40",0.27K,-2.75%
06/06/2024,"2,370.30","2,355.00","2,375.80","2,355.00",0.18K,0.69%
06/05/2024,"2,354.10","2,326.40","2,354.30","2,326.20",0.29K,1.23%
06/04/2024,"2,325.50","2,347.50","2,347.70","2,313.90",0.89K,-0.90%
06/03/2024,"2,346.60","2,322.60","2,347.50","2,312.00",0.78K,1.02%
05/31/2024,"2,322.90","2,344.10","2,354.00","2,319.00",0.94K,-0.85%
05/30/2024,"2,342.90","2,336.90","2,349.50","2,320.80",32.59K,0.11%
05/29/2024,"2,340.30","2,340.30","2,340.30","2,340.30",119.32K,-0.63%
05/28/2024,"2,355.20","2,336.90","2,359.70","2,336.90",0.03K,0.97%
05/24/2024,"2,332.50","2,342.60","2,345.40","2,332.50",0.03K,-0.11%
05/23/2024,"2,335.00","2,371.20","2,371.20","2,335.00",0.36K,-2.27%
05/22/2024,"2,389.20","2,417.50","2,417.60","2,375.80",0.18K,-1.34%
05/21/2024,"2,421.70","2,429.50","2,429.50","2,421.00",0.01K,-0.50%
05/20/2024,"2,433.90","2,415.80","2,435.80","2,409.70",0.04K,0.90%
05/17/2024,"2,412.20","2,380.70","2,415.80","2,380.70",0.21K,1.35%
05/16/2024,"2,380.00","2,389.50","2,392.20","2,380.00",0.01K,-0.36%
05/15/2024,"2,388.70","2,361.60","2,388.70","2,356.00",0.03K,1.50%
05/14/2024,"2,353.40","2,336.00","2,358.00","2,336.00",0.01K,0.74%
05/13/2024,"2,336.10","2,358.30","2,358.30","2,336.10",0.01K,-1.32%
05/10/2024,"2,367.30","2,367.30","2,367.30","2,367.30",0.13K,1.51%
05/09/2024,"2,332.10","2,310.70","2,339.50","2,310.70",0.01K,0.80%
05/08/2024,"2,313.60","2,313.60","2,313.60","2,313.60",0.00K,-0.07%
05/07/2024,"2,315.20","2,324.30","2,324.30","2,315.20",0.03K,-0.28%
05/06/2024,"2,321.60","2,322.80","2,325.50","2,314.20",0.01K,0.98%
05/03/2024,"2,299.00","2,300.00","2,301.00","2,277.60",0.19K,-0.01%
05/02/2024,"2,299.20","2,321.70","2,324.70","2,292.30",0.06K,-0.03%
05/01/2024,"2,299.90","2,287.70","2,327.30","2,283.80",0.04K,0.37%
04/30/2024,"2,291.40","2,322.50","2,322.50","2,291.40",0.11K,-2.30%
04/29/2024,"2,345.40","2,334.80","2,345.50","2,327.90",0.41K,0.45%
04/26/2024,"2,334.80","2,347.90","2,347.90","2,332.80",0.72K,0.21%
04/25/2024,"2,329.80","2,315.00","2,329.80","2,305.00",1.02K,0.23%
04/24/2024,"2,324.50","2,321.30","2,328.70","2,314.60",0.10K,-0.14%
04/23/2024,"2,327.70","2,327.70","2,330.80","2,294.20",0.17K,-0.19%
04/22/2024,"2,332.20","2,383.30","2,383.30","2,326.90",0.05K,-2.76%
04/19/2024,"2,398.40","2,379.30","2,399.80","2,377.30",0.16K,0.68%
04/18/2024,"2,382.30","2,368.40","2,384.40","2,368.40",0.13K,0.45%
04/17/2024,"2,371.70","2,384.20","2,391.40","2,369.30",0.04K,-0.80%
04/16/2024,"2,390.80","2,384.00","2,390.80","2,371.40",0.04K,1.06%
04/15/2024,"2,365.80","2,362.10","2,384.70","2,326.00",1.80K,0.41%
04/12/2024,"2,356.20","2,377.30","2,429.00","2,334.30",0.58K,0.06%
04/11/2024,"2,354.80","2,341.50","2,376.30","2,330.60",0.28K,1.08%
04/10/2024,"2,329.60","2,346.60","2,358.10","2,327.70",0.38K,-0.59%
04/09/2024,"2,343.50","2,337.80","2,364.70","2,337.80",0.21K,0.51%
04/08/2024,"2,331.70","2,325.60","2,341.80","2,319.00",0.20K,0.26%
04/05/2024,"2,325.70","2,289.20","2,328.40","2,267.40",0.34K,1.61%
04/04/2024,"2,288.80","2,301.70","2,302.90","2,280.00",0.25K,-0.24%
04/03/2024,"2,294.40","2,281.70","2,298.80","2,267.90",0.28K,1.48%
04/02/2024,"2,261.00","2,252.00","2,279.20","2,247.60",0.43K,1.10%
04/01/2024,"2,236.50","2,235.70","2,264.20","2,230.00",0.40K,0.86%
03/28/2024,"2,217.40","2,193.60","2,234.10","2,187.10",2.04K,1.22%
03/27/2024,"2,190.60","2,179.40","2,196.20","2,172.10",31.20K,0.69%
03/26/2024,"2,175.60","2,182.70","2,182.70","2,175.60",202.37K,0.04%
03/25/2024,"2,174.80","2,166.20","2,179.40","2,166.20",0.08K,0.77%
03/22/2024,"2,158.10","2,179.20","2,179.60","2,157.50",0.02K,-1.11%
03/21/2024,"2,182.40","2,207.00","2,211.60","2,182.40",0.06K,1.14%
03/20/2024,"2,157.90","2,157.30","2,185.90","2,150.90",0.02K,0.07%
03/19/2024,"2,156.30","2,156.10","2,156.30","2,156.10",0.01K,-0.20%
03/18/2024,"2,160.70","2,146.20","2,160.70","2,146.20",0.02K,0.16%
03/15/2024,"2,157.30","2,161.70","2,161.70","2,157.30",0.10K,-0.26%
03/14/2024,"2,163.00","2,163.00","2,163.00","2,162.30",0.52K,-0.57%
03/13/2024,"2,175.40","2,162.50","2,175.40","2,162.50",0.02K,0.69%
03/12/2024,"2,160.40","2,182.50","2,182.70","2,160.40",0.55K,-1.01%
03/11/2024,"2,182.50","2,181.00","2,184.00","2,177.20",0.74K,0.18%
03/08/2024,"2,178.60","2,167.30","2,194.90","2,166.30",0.26K,0.95%
03/07/2024,"2,158.00","2,147.00","2,163.00","2,147.00",0.15K,0.36%
03/06/2024,"2,150.30","2,125.50","2,150.30","2,125.50",0.44K,0.79%
03/05/2024,"2,133.50","2,114.90","2,133.50","2,111.40",1.29K,0.75%
03/04/2024,"2,117.70","2,083.60","2,119.80","2,080.70",0.81K,1.48%
03/01/2024,"2,086.90","2,043.10","2,086.90","2,041.80",1.21K,2.01%
02/29/2024,"2,045.70","2,034.30","2,049.80","2,034.30",0.71K,0.62%
02/28/2024,"2,033.00","2,029.50","2,037.00","2,024.80",0.58K,-0.05%
02/27/2024,"2,034.00","2,035.90","2,035.90","2,034.00",0.96K,0.27%
02/26/2024,"2,028.50","2,034.10","2,035.40","2,024.80",0.14K,-0.50%
02/23/2024,"2,038.60","2,026.00","2,038.60","2,014.90",0.02K,0.94%
02/22/2024,"2,019.70","2,033.20","2,033.20","2,019.70",0.96K,-0.13%
02/21/2024,"2,022.30","2,028.20","2,028.20","2,022.30",0.01K,-0.26%
02/20/2024,"2,027.50","2,015.60","2,029.00","2,015.60",1.33K,0.80%
02/16/2024,"2,011.50","2,005.00","2,011.50","1,996.50",0.03K,0.47%
02/15/2024,"2,002.10","1,993.60","2,007.20","1,993.60",0.29K,0.59%
02/14/2024,"1,990.30","1,990.30","1,993.50","1,984.80",1.92K,-0.13%
02/13/2024,"1,992.90","2,025.10","2,025.80","1,990.00",0.20K,-1.25%
02/12/2024,"2,018.20","2,025.50","2,025.50","2,011.60",0.32K,-0.25%
02/09/2024,"2,023.30","2,032.00","2,032.00","2,020.00",0.06K,-0.44%
02/08/2024,"2,032.20","2,028.00","2,036.70","2,020.30",0.34K,-0.15%
02/07/2024,"2,035.20","2,032.80","2,039.50","2,032.70",0.07K,0.03%
02/06/2024,"2,034.50","2,025.90","2,037.30","2,025.90",0.25K,0.43%
02/05/2024,"2,025.70","2,038.90","2,040.80","2,013.80",0.41K,-0.51%
02/02/2024,"2,036.10","2,054.80","2,055.90","2,027.70",0.89K,-0.82%
02/01/2024,"2,053.00","2,040.20","2,064.50","2,029.00",0.95K,0.22%
01/31/2024,"2,048.40","2,035.40","2,055.00","2,030.00",2.01K,0.83%
01/30/2024,"2,031.50","2,032.50","2,048.50","2,028.10",26.91K,0.31%
01/29/2024,"2,025.20","2,025.20","2,025.20","2,025.20",150.71K,0.42%
01/26/2024,"2,016.80","2,021.70","2,022.40","2,016.80",0.05K,-0.00%
01/25/2024,"2,016.90","2,012.10","2,022.40","2,012.10",0.55K,0.15%
01/24/2024,"2,013.90","2,023.20","2,033.20","2,013.90",0.25K,-0.48%
01/23/2024,"2,023.70","2,030.30","2,030.30","2,022.50",0.01K,0.19%
01/22/2024,"2,019.80","2,021.30","2,021.30","2,019.80",0.01K,-0.33%
01/19/2024,"2,026.50","2,023.20","2,036.00","2,019.50",0.05K,0.39%
01/18/2024,"2,018.60","2,012.80","2,018.60","2,009.50",1.47K,0.80%
01/17/2024,"2,002.60","2,026.50","2,026.50","2,002.60",0.76K,-1.15%
01/16/2024,"2,026.00","2,051.70","2,054.80","2,026.00",0.05K,-1.01%
01/12/2024,"2,046.70","2,031.10","2,057.00","2,031.10",0.39K,1.61%
01/11/2024,"2,014.30","2,025.10","2,025.10","2,014.30",0.10K,-0.37%
01/10/2024,"2,021.70","2,029.00","2,035.60","2,021.70",0.54K,-0.23%
01/09/2024,"2,026.40","2,035.80","2,035.80","2,026.40",0.03K,-0.01%
01/08/2024,"2,026.60","2,019.10","2,033.70","2,019.10",0.01K,-0.77%
01/05/2024,"2,042.40","2,044.50","2,048.10","2,042.40",0.01K,0.00%
01/04/2024,"2,042.30","2,041.60","2,044.50","2,038.00",0.09K,0.40%
01/03/2024,"2,034.20","2,034.20","2,044.00","2,034.20",0.05K,-1.46%
01/02/2024,"2,064.40","2,063.50","2,073.70","2,057.10",0.06K,0.10%
12/29/2023,"2,062.40","2,068.00","2,068.90","2,062.10",0.05K,-0.55%
12/28/2023,"2,073.90","2,081.60","2,087.30","2,066.50",0.34K,-0.38%
12/27/2023,"2,081.90","2,067.30","2,081.90","2,064.80",0.59K,1.15%
12/26/2023,"2,058.20","2,060.00","2,060.80","2,054.20",0.06K,0.05%
12/22/2023,"2,057.10","2,055.70","2,068.70","2,052.20",0.20K,0.88%
12/21/2023,"2,039.10","2,035.80","2,044.50","2,033.00",0.23K,0.23%
12/20/2023,"2,034.50","2,037.10","2,037.10","2,030.30",0.26K,-0.19%
12/19/2023,"2,038.40","2,025.20","2,042.70","2,025.20",0.50K,0.60%
12/18/2023,"2,026.30","2,024.30","2,032.80","2,024.00",0.10K,0.26%
12/15/2023,"2,021.10","2,032.60","2,043.40","2,018.30",0.26K,-0.45%
12/14/2023,"2,030.20","2,024.70","2,040.10","2,024.30",0.24K,2.42%
12/13/2023,"1,982.30","1,978.50","2,024.80","1,975.00",2.25K,0.23%
12/12/2023,"1,977.80","1,984.20","1,994.20","1,977.80",0.10K,-0.01%
12/11/2023,"1,978.00","2,004.10","2,004.20","1,977.20",0.65K,-1.02%
12/08/2023,"1,998.30","2,031.70","2,033.10","1,995.00",0.45K,-1.56%
12/07/2023,"2,029.90","2,029.20","2,034.90","2,024.00",0.07K,-0.03%
12/06/2023,"2,030.50","2,019.90","2,035.80","2,019.00",0.42K,0.59%
12/05/2023,"2,018.50","2,035.10","2,037.00","2,010.20",0.29K,-0.28%
12/04/2023,"2,024.10","2,075.30","2,130.20","2,021.00",1.07K,-2.26%
12/01/2023,"2,071.00","2,038.30","2,073.20","2,036.00",0.61K,1.61%
11/30/2023,"2,038.10","2,046.10","2,047.10","2,033.10",2.51K,-0.44%
11/29/2023,"2,047.10","2,041.70","2,052.10","2,036.00",15.29K,0.36%
11/28/2023,"2,039.70","2,040.60","2,042.70","2,039.70",174.66K,1.39%
11/27/2023,"2,011.80","2,011.70","2,011.80","2,011.70",0.23K,0.48%
11/24/2023,"2,002.20","1,991.90","2,002.20","1,991.50",0.06K,0.54%
11/22/2023,"1,991.40","1,999.10","1,999.40","1,991.00",6.08K,-0.40%
11/21/2023,"1,999.30","1,990.70","2,005.50","1,988.50",0.02K,1.09%
11/20/2023,"1,977.70","1,978.70","1,979.40","1,969.70",0.18K,-0.20%
11/17/2023,"1,981.60","1,982.50","1,984.00","1,979.80",0.03K,-0.12%
11/16/2023,"1,983.90","1,965.30","1,983.90","1,964.60",0.04K,1.21%
11/15/2023,"1,960.10","1,962.80","1,962.80","1,960.00",0.01K,-0.09%
11/14/2023,"1,961.80","1,965.80","1,965.80","1,961.80",0.00K,0.84%
11/13/2023,"1,945.50","1,939.90","1,947.20","1,934.00",0.19K,0.67%
11/10/2023,"1,932.60","1,959.60","1,959.60","1,932.60",0.38K,-1.61%
11/09/2023,"1,964.20","1,951.70","1,964.20","1,945.30",0.01K,0.65%
11/08/2023,"1,951.50","1,967.80","1,967.80","1,947.70",0.04K,-0.78%
11/07/2023,"1,966.80","1,966.50","1,966.80","1,960.70",0.02K,-0.75%
11/06/2023,"1,981.60","1,981.60","1,981.60","1,977.40",0.13K,-0.50%
11/03/2023,"1,991.50","1,989.00","1,991.50","1,989.00",0.01K,0.30%
11/02/2023,"1,985.60","1,989.10","1,990.30","1,979.50",0.04K,0.34%
11/01/2023,"1,978.80","1,990.50","1,990.50","1,977.80",0.04K,-0.32%
10/31/2023,"1,985.20","1,996.50","2,001.00","1,983.70",0.08K,-0.55%
10/30/2023,"1,996.20","2,004.10","2,004.10","1,992.50",0.16K,0.38%
10/27/2023,"1,988.60","1,988.60","1,988.60","1,988.60",0.37K,0.07%
10/26/2023,"1,987.20","1,988.20","1,988.20","1,980.40",0.52K,0.16%
10/25/2023,"1,984.10","1,971.20","1,985.30","1,971.20",0.10K,0.46%
10/24/2023,"1,975.00","1,970.30","1,975.00","1,970.30",0.01K,-0.07%
10/23/2023,"1,976.30","1,976.20","1,978.90","1,972.90",0.13K,-0.31%
10/20/2023,"1,982.50","1,981.10","1,988.60","1,980.40",0.56K,0.72%
10/19/2023,"1,968.40","1,950.10","1,977.70","1,945.70",1.95K,0.67%
10/18/2023,"1,955.30","1,935.00","1,957.90","1,935.00",0.07K,1.70%
10/17/2023,"1,922.70","1,914.30","1,925.80","1,914.30",0.10K,0.08%
10/16/2023,"1,921.10","1,910.40","1,921.10","1,910.30",0.05K,-0.33%
10/13/2023,"1,927.40","1,877.50","1,930.10","1,877.50",0.04K,3.11%
10/12/2023,"1,869.30","1,874.70","1,881.20","1,867.00",0.05K,-0.19%
10/11/2023,"1,872.80","1,869.50","1,874.60","1,869.10",0.07K,0.63%
10/10/2023,"1,861.00","1,857.00","1,861.40","1,852.80",0.24K,0.62%
10/09/2023,"1,849.50","1,842.50","1,861.50","1,842.50",0.23K,1.05%
10/06/2023,"1,830.20","1,819.00","1,831.80","1,809.40",0.39K,0.75%
10/05/2023,"1,816.60","1,826.30","1,826.30","1,815.60",0.39K,-0.10%
10/04/2023,"1,818.50","1,821.80","1,828.20","1,816.40",0.36K,-0.33%
10/03/2023,"1,824.60","1,825.00","1,830.90","1,816.80",0.31K,-0.30%
10/02/2023,"1,830.00","1,844.10","1,845.90","1,826.70",2.31K,-0.98%
09/29/2023,"1,848.10","1,864.30","1,872.30","1,846.00",1.60K,-0.66%
09/28/2023,"1,860.40","1,875.50","1,878.20","1,856.70",4.65K,-0.60%
09/27/2023,"1,871.60","1,871.60","1,871.60","1,871.60",12.25K,-1.52%
09/26/2023,"1,900.40","1,905.00","1,905.10","1,900.40",0.16K,-0.85%
09/25/2023,"1,916.60","1,916.60","1,916.60","1,916.60",0.11K,-0.46%
09/22/2023,"1,925.40","1,925.40","1,925.40","1,925.40",0.00K,0.32%
09/21/2023,"1,919.20","1,924.00","1,924.00","1,919.20",0.01K,-1.36%
09/20/2023,"1,945.60","1,945.60","1,945.60","1,929.20",0.12K,0.70%
09/19/2023,"1,932.00","1,934.00","1,934.00","1,932.00",0.01K,0.03%
09/18/2023,"1,931.50","1,928.20","1,931.50","1,926.40",0.02K,0.41%
09/15/2023,"1,923.70","1,923.50","1,927.30","1,923.50",0.01K,0.72%
09/14/2023,"1,910.00","1,903.00","1,910.00","1,903.00",0.17K,0.05%
09/13/2023,"1,909.10","1,910.30","1,914.60","1,908.90",0.01K,-0.12%
09/12/2023,"1,911.30","1,920.80","1,920.80","1,911.30",0.36K,-0.62%
09/11/2023,"1,923.30","1,923.00","1,928.30","1,921.80",0.05K,0.26%
09/08/2023,"1,918.40","1,924.00","1,924.70","1,918.40",0.10K,0.05%
09/07/2023,"1,917.50","1,917.60","1,921.50","1,917.50",0.04K,-0.03%
09/06/2023,"1,918.10","1,924.10","1,925.30","1,916.30",0.02K,-0.42%
09/05/2023,"1,926.20","1,934.40","1,934.40","1,924.70",0.11K,-0.70%
09/01/2023,"1,939.80","1,950.00","1,950.00","1,936.60",0.17K,0.08%
08/31/2023,"1,938.20","1,944.40","1,944.40","1,938.20",0.49K,-0.31%
08/30/2023,"1,944.30","1,936.00","1,946.40","1,934.60",0.40K,0.40%
08/29/2023,"1,936.50","1,917.90","1,936.50","1,916.90",1.67K,0.97%
08/28/2023,"1,917.90","1,915.50","1,921.50","1,915.50",0.10K,0.36%
08/25/2023,"1,911.10","1,919.80","1,919.80","1,911.10",0.20K,-0.37%
08/24/2023,"1,918.20","1,920.00","1,920.80","1,918.20",0.34K,-0.02%
08/23/2023,"1,918.50","1,909.60","1,918.50","1,909.60",0.55K,1.17%
08/22/2023,"1,896.40","1,894.60","1,896.80","1,892.80",0.05K,0.16%
08/21/2023,"1,893.30","1,893.60","1,893.60","1,893.30",0.88K,0.38%
08/18/2023,"1,886.10","1,891.80","1,891.80","1,886.10",0.02K,0.11%
08/17/2023,"1,884.10","1,893.70","1,902.40","1,884.00",0.24K,-0.63%
08/16/2023,"1,896.10","1,904.50","1,904.50","1,890.30",0.02K,-0.34%
08/15/2023,"1,902.50","1,906.00","1,907.70","1,895.00",0.07K,-0.42%
08/14/2023,"1,910.60","1,909.30","1,912.60","1,903.30",0.05K,-0.12%
08/11/2023,"1,912.90","1,913.00","1,916.60","1,911.80",0.06K,-0.08%
08/10/2023,"1,914.40","1,921.10","1,927.80","1,911.40",0.18K,-0.05%
08/09/2023,"1,915.40","1,925.40","1,928.80","1,913.70",0.45K,-0.45%
08/08/2023,"1,924.10","1,931.70","1,933.20","1,923.00",0.56K,-0.49%
08/07/2023,"1,933.50","1,941.00","1,941.00","1,929.80",0.38K,-0.31%
08/04/2023,"1,939.60","1,934.90","1,945.00","1,920.00",0.29K,0.39%
08/03/2023,"1,932.00","1,934.20","1,936.50","1,928.00",0.77K,-0.28%
08/02/2023,"1,937.40","1,948.40","1,953.60","1,933.20",0.65K,-0.17%
08/01/2023,"1,940.70","1,964.90","1,965.40","1,940.70",0.69K,-1.51%
07/31/2023,"1,970.50","1,959.20","1,971.60","1,950.00",1.02K,0.52%
07/28/2023,"1,960.40","1,945.50","1,962.20","1,944.20",23.16K,0.77%
07/27/2023,"1,945.40","1,945.40","1,945.40","1,945.40",194.25K,-1.19%
07/26/2023,"1,968.90","1,966.20","1,972.00","1,966.20",0.05K,0.35%
07/25/2023,"1,962.10","1,953.00","1,962.50","1,953.00",0.02K,0.09%
07/24/2023,"1,960.30","1,965.30","1,965.50","1,960.30",0.00K,-0.20%
07/21/2023,"1,964.30","1,961.80","1,964.30","1,961.80",0.05K,-0.20%
07/20/2023,"1,968.30","1,973.70","1,973.70","1,965.60",0.64K,-0.47%
07/19/2023,"1,977.50","1,977.00","1,977.50","1,973.00",0.04K,0.02%
07/18/2023,"1,977.20","1,968.80","1,978.40","1,963.40",0.08K,1.27%
07/17/2023,"1,952.40","1,954.00","1,956.50","1,946.60",0.03K,-0.39%
07/14/2023,"1,960.10","1,958.40","1,960.60","1,952.70",0.09K,0.05%
07/13/2023,"1,959.20","1,961.10","1,961.10","1,953.00",0.12K,0.15%
07/12/2023,"1,956.20","1,932.30","1,958.00","1,932.20",0.13K,1.29%
07/11/2023,"1,931.30","1,925.00","1,937.00","1,924.20",0.14K,0.33%
07/10/2023,"1,925.00","1,923.60","1,926.10","1,912.30",0.27K,-0.06%
07/07/2023,"1,926.20","1,913.40","1,934.10","1,913.40",0.06K,0.92%
07/06/2023,"1,908.70","1,909.30","1,910.20","1,903.20",0.08K,-0.57%
07/05/2023,"1,919.60","1,923.50","1,933.90","1,914.70",0.19K,-0.11%
07/03/2023,"1,921.70","1,917.90","1,929.50","1,917.90",0.04K,0.03%
06/30/2023,"1,921.10","1,908.60","1,921.10","1,900.60",0.45K,0.62%
06/29/2023,"1,909.20","1,909.90","1,909.90","1,892.50",0.29K,-0.16%
06/28/2023,"1,912.30","1,912.30","1,912.30","1,912.30",0.63K,-0.09%
06/27/2023,"1,914.00","1,927.00","1,929.40","1,914.00",0.05K,-0.50%
06/26/2023,"1,923.70","1,922.90","1,928.50","1,922.50",0.07K,0.24%
06/23/2023,"1,919.10","1,918.70","1,932.50","1,918.70",0.10K,0.33%
06/22/2023,"1,912.70","1,920.00","1,921.00","1,912.10",0.24K,-1.07%
06/21/2023,"1,933.30","1,935.60","1,936.80","1,920.00",0.56K,-0.11%
06/20/2023,"1,935.50","1,958.60","1,958.60","1,931.30",0.19K,-1.17%
06/16/2023,"1,958.40","1,961.40","1,962.90","1,953.50",0.12K,0.03%
06/15/2023,"1,957.80","1,941.70","1,958.80","1,926.00",0.33K,0.13%
06/14/2023,"1,955.30","1,946.20","1,958.20","1,940.30",0.20K,0.55%
06/13/2023,"1,944.60","1,960.60","1,967.50","1,940.30",0.34K,-0.55%
06/12/2023,"1,955.30","1,959.70","1,963.50","1,951.40",0.21K,-0.35%
06/09/2023,"1,962.20","1,965.10","1,969.80","1,960.30",0.05K,-0.07%
06/08/2023,"1,963.60","1,943.20","1,969.00","1,943.10",0.43K,1.08%
06/07/2023,"1,942.70","1,959.00","1,968.40","1,940.70",0.14K,-1.16%
06/06/2023,"1,965.50","1,960.80","1,965.50","1,958.80",0.16K,0.38%
06/05/2023,"1,958.00","1,947.50","1,961.90","1,937.80",0.71K,0.29%
06/02/2023,"1,952.40","1,977.10","1,982.50","1,947.40",0.36K,-1.29%
06/01/2023,"1,978.00","1,963.20","1,983.00","1,954.30",0.75K,0.72%
05/31/2023,"1,963.90","1,958.20","1,973.00","1,953.00",5.96K,0.30%
05/30/2023,"1,958.00","1,942.70","1,962.60","1,931.00",37.84K,0.71%
05/26/2023,"1,944.10","1,948.20","1,948.40","1,944.10",166.04K,0.05%
05/25/2023,"1,943.10","1,943.10","1,943.10","1,943.10",0.00K,-1.00%
05/24/2023,"1,962.80","1,975.40","1,975.40","1,962.80",0.19K,-0.49%
05/23/2023,"1,972.40","1,972.40","1,972.40","1,972.40",0.00K,-0.12%
05/22/2023,"1,974.80","1,980.50","1,980.50","1,974.80",0.01K,-0.20%
05/19/2023,"1,978.70","1,960.00","1,978.70","1,960.00",0.11K,1.13%
05/18/2023,"1,956.50","1,956.50","1,956.80","1,956.50",0.02K,-1.22%
05/17/2023,"1,980.70","1,983.60","1,983.60","1,980.70",0.01K,-0.39%
05/16/2023,"1,988.40","1,988.40","1,988.40","1,988.40",0.05K,-1.47%
05/15/2023,"2,018.00","2,013.80","2,018.00","2,013.80",0.00K,0.17%
05/12/2023,"2,014.50","2,014.50","2,014.50","2,014.50",0.12K,-0.01%
05/11/2023,"2,014.70","2,034.10","2,038.30","2,014.00",0.09K,-0.78%
05/10/2023,"2,030.50","2,032.30","2,044.30","2,029.50",0.25K,-0.28%
05/09/2023,"2,036.20","2,026.60","2,037.30","2,025.90",0.24K,0.49%
05/08/2023,"2,026.30","2,022.50","2,026.30","2,022.50",0.00K,0.44%
05/05/2023,"2,017.40","2,046.40","2,046.40","2,004.30",0.06K,-1.49%
05/04/2023,"2,048.00","2,045.00","2,072.00","2,040.00",0.93K,0.96%
05/03/2023,"2,028.60","2,017.10","2,035.10","2,015.20",1.35K,0.71%
05/02/2023,"2,014.30","1,994.70","2,018.00","1,994.70",1.90K,1.56%
05/01/2023,"1,983.40","1,980.10","2,005.00","1,976.90",0.21K,-0.34%
04/28/2023,"1,990.10","1,986.90","1,990.10","1,977.70",0.15K,0.01%
04/27/2023,"1,989.90","1,990.60","2,002.30","1,979.90",0.35K,0.21%
04/26/2023,"1,985.70","1,997.80","1,998.80","1,985.60",0.61K,-0.42%
04/25/2023,"1,994.00","1,995.70","1,999.10","1,982.30",0.31K,0.25%
04/24/2023,"1,989.10","1,981.30","1,989.80","1,977.40",0.14K,0.48%
04/21/2023,"1,979.50","1,996.20","1,996.20","1,974.10",0.13K,-1.40%
04/20/2023,"2,007.60","1,998.00","2,007.60","1,998.00",0.16K,0.62%
04/19/2023,"1,995.20","2,005.70","2,006.40","1,969.80",0.06K,-0.61%
04/18/2023,"2,007.40","1,996.90","2,007.40","1,996.90",0.07K,0.66%
04/17/2023,"1,994.20","2,002.70","2,007.60","1,983.20",0.55K,-0.40%
04/14/2023,"2,002.20","2,041.00","2,047.80","1,995.00",0.72K,-1.92%
04/13/2023,"2,041.30","2,015.60","2,048.60","2,015.60",1.04K,1.51%
04/12/2023,"2,010.90","2,005.20","2,025.70","2,005.20",0.17K,0.30%
04/11/2023,"2,004.80","1,991.40","2,006.50","1,991.40",0.07K,0.79%
04/10/2023,"1,989.10","2,000.00","2,006.60","1,984.00",0.65K,-1.13%
04/06/2023,"2,011.90","2,022.20","2,023.30","2,005.00",,-0.45%
04/05/2023,"2,020.90","2,022.10","2,033.80","2,013.60",0.53K,-0.06%
04/04/2023,"2,022.20","1,984.60","2,027.10","1,979.00",0.81K,1.93%
04/03/2023,"1,983.90","1,968.10","1,991.70","1,950.00",0.74K,0.76%
03/31/2023,"1,969.00","1,981.30","1,986.80","1,968.00",0.96K,-0.57%
03/30/2023,"1,980.30","1,965.90","1,984.40","1,954.90",10.12K,0.72%
03/29/2023,"1,966.10","1,966.10","1,966.10","1,966.10",88.56K,-0.32%
03/28/2023,"1,972.40","1,972.40","1,972.40","1,972.40",0.02K,1.02%
03/27/2023,"1,952.40","1,957.20","1,957.20","1,952.40",0.88K,-1.50%
03/24/2023,"1,982.10","1,991.70","1,995.40","1,982.10",0.02K,-0.59%
03/23/2023,"1,993.80","1,990.50","1,994.60","1,990.50",0.03K,2.41%
03/22/2023,"1,946.80","1,946.80","1,974.00","1,946.80",0.05K,0.45%
03/21/2023,"1,938.00","1,973.80","1,973.80","1,938.00",0.05K,-2.08%
03/20/2023,"1,979.20","1,988.30","2,003.90","1,968.90",0.39K,0.48%
03/17/2023,"1,969.80","1,946.00","1,985.10","1,946.00",0.08K,2.65%
03/16/2023,"1,919.00","1,909.90","1,931.70","1,909.90",0.39K,-0.39%
03/15/2023,"1,926.60","1,903.90","1,926.60","1,898.50",0.56K,1.07%
03/14/2023,"1,906.20","1,912.20","1,912.20","1,901.10",0.11K,-0.29%
03/13/2023,"1,911.70","1,890.80","1,913.10","1,875.10",0.50K,2.67%
03/10/2023,"1,862.00","1,852.30","1,868.50","1,852.00",0.25K,1.79%
03/09/2023,"1,829.30","1,816.40","1,829.30","1,815.60",0.33K,0.92%
03/08/2023,"1,812.70","1,811.60","1,812.90","1,811.50",0.07K,-0.07%
03/07/2023,"1,813.90","1,840.90","1,840.90","1,813.90",0.45K,-1.84%
03/06/2023,"1,847.90","1,853.30","1,853.80","1,844.20",0.01K,0.01%
03/03/2023,"1,847.70","1,837.30","1,855.40","1,837.30",0.06K,0.77%
03/02/2023,"1,833.50","1,830.00","1,836.30","1,830.00",0.15K,-0.23%
03/01/2023,"1,837.70","1,827.10","1,841.70","1,827.10",0.21K,0.48%
02/28/2023,"1,828.90","1,808.10","1,830.00","1,808.10",0.62K,0.65%
02/27/2023,"1,817.00","1,811.60","1,817.50","1,808.90",0.83K,0.45%
02/24/2023,"1,808.80","1,808.80","1,808.80","1,808.80",0.40K,-0.51%
02/23/2023,"1,818.00","1,826.40","1,827.50","1,818.00",0.29K,-0.76%
02/22/2023,"1,832.00","1,835.70","1,836.20","1,825.10",0.28K,-0.05%
02/21/2023,"1,833.00","1,842.60","1,843.00","1,833.00",0.86K,-0.40%
02/17/2023,"1,840.40","1,827.40","1,842.20","1,818.40",0.04K,-0.09%
02/16/2023,"1,842.00","1,838.60","1,843.70","1,827.20",0.22K,0.43%
02/15/2023,"1,834.20","1,842.00","1,842.00","1,828.20",0.37K,-1.07%
02/14/2023,"1,854.00","1,854.10","1,862.00","1,846.20",0.66K,0.11%
02/13/2023,"1,851.90","1,859.00","1,861.00","1,850.00",0.57K,-0.59%
02/10/2023,"1,862.80","1,861.60","1,863.50","1,852.40",0.03K,-0.18%
02/09/2023,"1,866.20","1,875.30","1,884.60","1,859.80",0.22K,-0.60%
02/08/2023,"1,877.40","1,872.10","1,880.40","1,872.10",0.23K,0.30%
02/07/2023,"1,871.70","1,870.00","1,875.70","1,868.00",0.30K,0.29%
02/06/2023,"1,866.20","1,865.60","1,880.00","1,863.40",0.42K,0.18%
02/03/2023,"1,862.90","1,912.40","1,917.00","1,861.50",0.99K,-2.79%
02/02/2023,"1,916.30","1,952.30","1,959.10","1,911.30",0.75K,-0.60%
02/01/2023,"1,927.80","1,927.20","1,955.00","1,922.00",2.29K,-0.09%
01/31/2023,"1,929.50","1,923.00","1,930.40","1,900.60",1.91K,0.34%
01/30/2023,"1,922.90","1,928.30","1,933.60","1,920.30",27.22K,-0.30%
01/27/2023,"1,928.60","1,928.60","1,928.60","1,928.60",150.90K,-0.03%
01/26/2023,"1,929.10","1,936.60","1,937.10","1,927.10",0.13K,-0.62%
01/25/2023,"1,941.20","1,941.20","1,941.20","1,939.80",0.01K,0.38%
01/24/2023,"1,933.90","1,931.80","1,936.80","1,931.80",0.20K,0.35%
01/23/2023,"1,927.10","1,926.50","1,927.10","1,915.00",0.22K,0.04%
01/20/2023,"1,926.40","1,922.10","1,928.50","1,921.40",1.35K,0.22%
01/19/2023,"1,922.10","1,922.10","1,931.80","1,922.10",0.37K,0.93%
01/18/2023,"1,904.40","1,911.10","1,911.10","1,903.10",1.03K,-0.15%
01/17/2023,"1,907.20","1,920.10","1,920.10","1,905.20",0.71K,-0.58%
01/13/2023,"1,918.40","1,899.00","1,920.90","1,898.30",0.51K,1.21%
01/12/2023,"1,895.50","1,877.20","1,897.40","1,877.20",0.06K,1.11%
01/11/2023,"1,874.60","1,873.10","1,877.80","1,873.10",1.24K,0.16%
01/10/2023,"1,871.60","1,877.80","1,878.10","1,871.60",0.10K,-0.06%
01/09/2023,"1,872.70","1,867.00","1,880.00","1,867.00",0.06K,0.46%
01/06/2023,"1,864.20","1,838.40","1,868.20","1,835.30",0.03K,1.60%
01/05/2023,"1,834.80","1,855.20","1,855.20","1,834.80",0.02K,-0.97%
01/04/2023,"1,852.80","1,845.60","1,859.10","1,845.60",0.03K,0.71%
01/03/2023,"1,839.70","1,836.20","1,839.70","1,836.20",0.03K,1.10%
12/30/2022,"1,819.70","1,817.00","1,822.30","1,816.80",0.10K,0.01%
12/29/2022,"1,819.50","1,805.80","1,819.50","1,805.80",0.28K,0.64%
12/28/2022,"1,807.90","1,803.20","1,807.90","1,803.10",0.43K,-0.38%
12/27/2022,"1,814.80","1,803.40","1,826.30","1,803.40",0.07K,1.05%
12/23/2022,"1,795.90","1,794.30","1,802.80","1,794.10",0.05K,0.50%
12/22/2022,"1,787.00","1,818.10","1,818.10","1,785.00",0.41K,-1.59%
12/21/2022,"1,815.90","1,817.40","1,821.40","1,814.40",0.04K,0.00%
12/20/2022,"1,815.90","1,786.50","1,821.40","1,786.50",0.05K,1.58%
12/19/2022,"1,787.70","1,791.60","1,796.30","1,785.60",0.08K,-0.13%
12/16/2022,"1,790.00","1,777.90","1,791.40","1,777.90",0.21K,0.72%
12/15/2022,"1,777.20","1,801.00","1,801.00","1,774.80",0.42K,-1.68%
12/14/2022,"1,807.50","1,810.80","1,812.80","1,797.90",1.07K,-0.35%
12/13/2022,"1,813.90","1,780.70","1,819.80","1,780.50",0.20K,1.88%
12/12/2022,"1,780.50","1,787.30","1,793.90","1,777.70",0.09K,-0.98%
12/09/2022,"1,798.10","1,794.90","1,804.30","1,791.10",0.12K,0.53%
12/08/2022,"1,788.70","1,782.00","1,790.90","1,782.00",0.71K,0.18%
12/07/2022,"1,785.50","1,769.30","1,790.30","1,769.30",0.42K,0.92%
12/06/2022,"1,769.30","1,768.60","1,779.40","1,767.90",0.10K,0.11%
12/05/2022,"1,767.40","1,795.70","1,808.00","1,764.30",1.71K,-1.59%
12/02/2022,"1,795.90","1,802.00","1,802.30","1,779.40",1.73K,-0.29%
12/01/2022,"1,801.10","1,768.70","1,803.70","1,768.70",1.05K,3.16%
11/30/2022,"1,746.00","1,748.10","1,769.40","1,745.10",3.34K,-0.14%
11/29/2022,"1,748.40","1,739.50","1,758.20","1,737.90",19.42K,0.48%
11/28/2022,"1,740.10","1,741.30","1,741.30","1,740.10",132.77K,-0.75%
11/25/2022,"1,753.30","1,753.00","1,757.90","1,749.20",0.22K,0.48%
11/23/2022,"1,744.90","1,736.50","1,750.90","1,736.50",0.04K,0.38%
11/22/2022,"1,738.30","1,741.70","1,741.70","1,738.30",0.01K,0.05%
11/21/2022,"1,737.40","1,739.00","1,744.90","1,736.10",0.54K,-0.83%
11/18/2022,"1,751.90","1,763.30","1,763.30","1,747.60",0.41K,-0.51%
11/17/2022,"1,760.80","1,763.00","1,763.00","1,756.00",0.02K,-0.69%
11/16/2022,"1,773.00","1,776.60","1,778.90","1,773.00",0.30K,-0.05%
11/15/2022,"1,773.80","1,770.80","1,773.80","1,769.90",0.06K,0.01%
11/14/2022,"1,773.60","1,762.00","1,773.60","1,761.60",0.36K,0.43%
11/11/2022,"1,766.00","1,763.80","1,766.00","1,757.60",0.26K,0.90%
11/10/2022,"1,750.30","1,708.20","1,750.30","1,708.20",0.33K,2.35%
11/09/2022,"1,710.10","1,707.40","1,720.20","1,706.00",0.50K,-0.12%
11/08/2022,"1,712.10","1,703.20","1,712.10","1,703.20",0.02K,2.12%
11/07/2022,"1,676.50","1,676.90","1,677.90","1,672.90",0.04K,0.24%
11/04/2022,"1,672.50","1,630.20","1,674.50","1,629.00",0.16K,2.78%
11/03/2022,"1,627.30","1,629.20","1,629.20","1,615.10",1.43K,-1.12%
11/02/2022,"1,645.70","1,650.80","1,664.70","1,634.00",0.61K,0.04%
11/01/2022,"1,645.00","1,630.80","1,653.70","1,630.80",0.98K,0.56%
10/31/2022,"1,635.90","1,641.80","1,641.80","1,633.40",0.52K,-0.23%
10/28/2022,"1,639.60","1,661.00","1,661.00","1,638.70",0.63K,-1.27%
10/27/2022,"1,660.70","1,660.70","1,660.70","1,660.70",2.30K,-0.20%
10/26/2022,"1,664.00","1,649.80","1,667.00","1,649.80",0.09K,0.68%
10/25/2022,"1,652.80","1,648.20","1,652.80","1,637.30",0.88K,0.25%
10/24/2022,"1,648.70","1,662.70","1,662.70","1,648.70",0.03K,-0.14%
10/21/2022,"1,651.00","1,634.10","1,653.90","1,634.10",0.22K,1.24%
10/20/2022,"1,630.80","1,622.80","1,641.40","1,622.80",0.48K,0.20%
10/19/2022,"1,627.50","1,637.50","1,637.50","1,627.50",0.08K,-1.30%
10/18/2022,"1,649.00","1,651.40","1,655.20","1,649.00",0.60K,-0.48%
10/17/2022,"1,657.00","1,650.20","1,657.00","1,646.80",0.24K,0.93%
10/14/2022,"1,641.70","1,665.30","1,667.00","1,640.00",0.08K,-1.69%
10/13/2022,"1,670.00","1,675.20","1,675.30","1,641.50",0.73K,-0.02%
10/12/2022,"1,670.30","1,668.00","1,672.70","1,668.00",0.15K,-0.50%
10/11/2022,"1,678.70","1,661.80","1,678.70","1,661.00",0.17K,0.68%
10/10/2022,"1,667.30","1,693.40","1,693.40","1,667.00",0.20K,-1.95%
10/07/2022,"1,700.50","1,710.10","1,710.10","1,693.70",0.18K,-0.65%
10/06/2022,"1,711.70","1,721.00","1,723.30","1,709.10",0.13K,0.02%
10/05/2022,"1,711.40","1,724.10","1,726.60","1,703.00",0.42K,-0.56%
10/04/2022,"1,721.10","1,701.20","1,728.00","1,696.00",0.29K,1.67%
10/03/2022,"1,692.90","1,667.20","1,700.00","1,661.90",0.41K,1.83%
09/30/2022,"1,662.40","1,661.70","1,672.70","1,658.00",0.55K,0.24%
09/29/2022,"1,658.50","1,657.00","1,662.60","1,640.00",6.03K,-0.11%
09/28/2022,"1,660.40","1,620.40","1,660.40","1,620.40",18.31K,2.07%
09/27/2022,"1,626.70","1,632.20","1,636.60","1,626.70",0.89K,0.21%
09/26/2022,"1,623.30","1,623.30","1,623.30","1,623.30",1.21K,-1.34%
09/23/2022,"1,645.30","1,667.00","1,667.00","1,645.30",1.22K,-1.53%
09/22/2022,"1,670.80","1,668.30","1,670.80","1,668.30",0.97K,0.37%
09/21/2022,"1,664.60","1,665.50","1,680.10","1,664.60",2.34K,0.30%
09/20/2022,"1,659.70","1,659.70","1,659.70","1,659.70",2.83K,-0.39%
09/19/2022,"1,666.20","1,661.80","1,669.40","1,658.50",0.58K,-0.33%
09/16/2022,"1,671.70","1,660.40","1,674.90","1,651.70",0.46K,0.38%
09/15/2022,"1,665.40","1,685.50","1,686.00","1,662.30",1.12K,-1.83%
09/14/2022,"1,696.50","1,698.70","1,701.80","1,696.50",0.53K,-0.50%
09/13/2022,"1,705.00","1,720.50","1,720.50","1,697.30",0.43K,-1.34%
09/12/2022,"1,728.10","1,727.40","1,728.10","1,727.40",0.07K,0.69%
09/09/2022,"1,716.20","1,719.20","1,720.00","1,712.80",0.64K,0.48%
09/08/2022,"1,708.00","1,718.20","1,718.20","1,705.30",1.19K,-0.43%
09/07/2022,"1,715.30","1,694.80","1,715.30","1,694.70",0.65K,0.88%
09/06/2022,"1,700.40","1,709.70","1,717.40","1,699.70",0.70K,-0.55%
09/02/2022,"1,709.80","1,703.40","1,715.70","1,703.10",0.18K,0.78%
09/01/2022,"1,696.60","1,707.90","1,707.90","1,693.90",0.68K,-0.95%
08/31/2022,"1,712.80","1,718.30","1,720.90","1,708.50",2.13K,-0.60%
08/30/2022,"1,723.20","1,736.40","1,739.00","1,720.70",0.39K,-0.77%
08/29/2022,"1,736.60","1,732.40","1,741.20","1,732.10",0.95K,0.03%
08/26/2022,"1,736.10","1,754.00","1,755.00","1,736.10",0.20K,-1.23%
08/25/2022,"1,757.70","1,761.60","1,761.80","1,755.00",0.17K,0.57%
08/24/2022,"1,747.80","1,745.00","1,751.80","1,743.60",0.19K,0.06%
08/23/2022,"1,746.80","1,738.00","1,748.90","1,731.90",0.51K,0.74%
08/22/2022,"1,734.00","1,740.50","1,740.50","1,726.50",0.35K,-0.78%
08/19/2022,"1,747.60","1,753.70","1,754.30","1,747.50",0.05K,-0.44%
08/18/2022,"1,755.30","1,762.90","1,762.90","1,753.40",0.32K,-0.28%
08/17/2022,"1,760.30","1,769.70","1,769.70","1,760.00",0.02K,-0.73%
08/16/2022,"1,773.20","1,777.40","1,777.40","1,771.40",0.31K,-0.46%
08/15/2022,"1,781.40","1,799.00","1,799.00","1,774.70",0.06K,-0.96%
08/12/2022,"1,798.60","1,786.30","1,800.40","1,784.30",0.19K,0.50%
08/11/2022,"1,789.70","1,794.30","1,794.30","1,785.70",1.24K,-0.33%
08/10/2022,"1,795.60","1,804.40","1,804.90","1,787.80",0.60K,0.09%
08/09/2022,"1,794.00","1,790.00","1,796.10","1,789.00",0.25K,0.40%
08/08/2022,"1,786.80","1,771.80","1,786.80","1,771.80",0.13K,0.78%
08/05/2022,"1,772.90","1,791.20","1,791.40","1,764.20",0.65K,-0.87%
08/04/2022,"1,788.50","1,769.40","1,792.10","1,767.70",0.28K,1.73%
08/03/2022,"1,758.00","1,756.70","1,770.50","1,753.00",0.40K,-0.74%
08/02/2022,"1,771.10","1,772.10","1,786.60","1,759.40",1.08K,0.12%
08/01/2022,"1,769.00","1,763.90","1,772.50","1,756.10",0.70K,0.35%
07/29/2022,"1,762.90","1,754.00","1,765.70","1,750.00",3.48K,0.72%
07/28/2022,"1,750.30","1,732.30","1,755.00","1,732.00",37.24K,1.81%
07/27/2022,"1,719.10","1,719.10","1,719.10","1,719.10",144.87K,0.08%
07/26/2022,"1,717.70","1,718.00","1,718.00","1,717.70",0.00K,-0.08%
07/25/2022,"1,719.00","1,727.00","1,732.00","1,719.00",0.07K,-0.47%
07/22/2022,"1,727.10","1,713.30","1,735.00","1,713.00",0.06K,0.84%
07/21/2022,"1,712.70","1,687.00","1,715.50","1,679.80",0.18K,0.78%
07/20/2022,"1,699.50","1,707.10","1,708.50","1,699.50",0.13K,-0.61%
07/19/2022,"1,710.00","1,712.30","1,714.40","1,706.10",1.68K,0.05%
07/18/2022,"1,709.20","1,712.20","1,712.40","1,709.20",0.26K,0.40%
07/15/2022,"1,702.40","1,705.40","1,709.70","1,701.10",0.72K,-0.12%
07/14/2022,"1,704.50","1,710.30","1,710.50","1,704.50",1.29K,-1.71%
07/13/2022,"1,734.20","1,710.00","1,734.20","1,710.00",0.37K,0.63%
07/12/2022,"1,723.30","1,734.20","1,735.50","1,723.30",0.45K,-0.39%
07/11/2022,"1,730.00","1,732.50","1,736.70","1,730.00",0.07K,-0.61%
07/08/2022,"1,740.60","1,738.10","1,749.30","1,732.10",0.37K,0.16%
07/07/2022,"1,737.90","1,745.20","1,745.20","1,737.00",1.87K,0.17%
07/06/2022,"1,734.90","1,762.50","1,768.00","1,734.00",1.73K,-1.53%
07/05/2022,"1,761.80","1,805.40","1,805.40","1,761.80",0.06K,-2.06%
07/01/2022,"1,798.90","1,795.50","1,806.10","1,791.60",0.08K,-0.29%
06/30/2022,"1,804.10","1,809.60","1,817.30","1,801.00",0.33K,-0.53%
06/29/2022,"1,813.70","1,818.30","1,830.30","1,812.80",0.17K,-0.21%
06/28/2022,"1,817.50","1,824.20","1,826.00","1,817.50",0.39K,-0.19%
06/27/2022,"1,820.90","1,830.50","1,830.70","1,819.90",0.08K,-0.31%
06/24/2022,"1,826.50","1,820.50","1,826.50","1,815.80",0.06K,0.04%
06/23/2022,"1,825.70","1,835.50","1,841.20","1,825.70",0.01K,-0.47%
06/22/2022,"1,834.30","1,829.50","1,842.70","1,821.60",0.12K,-0.02%
06/21/2022,"1,834.60","1,835.30","1,838.60","1,830.10",0.22K,-0.05%
06/17/2022,"1,835.60","1,853.70","1,853.70","1,833.60",0.17K,-0.55%
06/16/2022,"1,845.70","1,819.20","1,850.60","1,814.90",0.14K,1.67%
06/15/2022,"1,815.30","1,814.10","1,839.00","1,810.80",0.11K,0.32%
06/14/2022,"1,809.50","1,825.00","1,825.50","1,805.30",0.54K,-1.01%
06/13/2022,"1,828.00","1,873.80","1,873.80","1,818.70",0.13K,-2.32%
06/10/2022,"1,871.50","1,842.70","1,875.60","1,823.90",1.49K,1.23%
06/09/2022,"1,848.80","1,846.10","1,850.10","1,837.90",0.16K,-0.17%
06/08/2022,"1,851.90","1,844.80","1,855.00","1,844.40",0.22K,0.24%
06/07/2022,"1,847.50","1,836.90","1,851.60","1,835.00",1.17K,0.45%
06/06/2022,"1,839.20","1,849.00","1,854.10","1,839.20",0.14K,-0.34%
06/03/2022,"1,845.40","1,867.60","1,871.80","1,845.40",0.05K,-1.13%
06/02/2022,"1,866.50","1,845.40","1,868.70","1,842.10",0.55K,1.26%
06/01/2022,"1,843.30","1,831.00","1,847.90","1,825.30",1.62K,0.03%
05/31/2022,"1,842.70","1,850.30","1,862.10","1,832.80",4.07K,-0.46%
05/27/2022,"1,851.30","1,848.30","1,860.70","1,845.90",30.09K,0.21%
05/26/2022,"1,847.40","1,840.40","1,847.40","1,840.40",123.36K,0.07%
05/25/2022,"1,846.20","1,846.20","1,846.20","1,846.20",,-1.01%
05/24/2022,"1,865.10","1,852.50","1,867.00","1,852.50",0.03K,0.94%
05/23/2022,"1,847.80","1,846.30","1,863.00","1,845.80",0.22K,0.33%
05/20/2022,"1,841.80","1,839.10","1,841.80","1,836.30",0.11K,0.03%
05/19/2022,"1,841.20","1,810.90","1,841.20","1,810.70",0.14K,1.39%
05/18/2022,"1,815.90","1,815.00","1,819.70","1,805.00",0.31K,-0.13%
05/17/2022,"1,818.20","1,824.90","1,828.60","1,816.70",0.12K,0.26%
05/16/2022,"1,813.50","1,790.50","1,813.50","1,787.00",0.03K,0.34%
05/13/2022,"1,807.40","1,825.00","1,825.00","1,807.40",0.34K,-0.90%
05/12/2022,"1,823.80","1,849.80","1,851.90","1,822.20",0.15K,-1.55%
05/11/2022,"1,852.60","1,841.50","1,852.60","1,841.00",0.89K,0.69%
05/10/2022,"1,839.90","1,839.90","1,839.90","1,839.90",1.54K,-0.93%
05/09/2022,"1,857.10","1,866.60","1,867.50","1,854.00",0.30K,-1.28%
05/06/2022,"1,881.20","1,874.70","1,890.30","1,871.50",0.21K,0.38%
05/05/2022,"1,874.00","1,897.00","1,904.30","1,874.00",0.08K,0.37%
05/04/2022,"1,867.00","1,867.00","1,867.00","1,867.00",0.00K,-0.10%
05/03/2022,"1,868.80","1,868.80","1,868.80","1,868.80",0.47K,0.38%
05/02/2022,"1,861.80","1,896.70","1,896.80","1,853.00",0.39K,-2.49%
04/29/2022,"1,909.30","1,902.70","1,918.20","1,902.40",0.13K,1.09%
04/28/2022,"1,888.70","1,883.80","1,893.00","1,872.90",0.51K,0.15%
04/27/2022,"1,885.90","1,897.80","1,900.60","1,882.20",1.79K,-0.82%
04/26/2022,"1,901.40","1,900.50","1,909.10","1,894.00",0.30K,0.43%
04/25/2022,"1,893.20","1,925.00","1,925.00","1,889.30",0.75K,-1.96%
04/22/2022,"1,931.00","1,949.60","1,950.40","1,930.20",0.18K,-0.71%
04/21/2022,"1,944.90","1,942.50","1,944.90","1,942.50",0.00K,-0.38%
04/20/2022,"1,952.30","1,945.50","1,953.60","1,945.50",0.62K,-0.17%
04/19/2022,"1,955.70","1,973.80","1,978.30","1,945.70",0.13K,-1.37%
04/18/2022,"1,982.90","1,973.40","1,997.10","1,972.80",0.20K,0.61%
04/14/2022,"1,970.90","1,977.20","1,978.70","1,963.00",0.10K,-0.51%
04/13/2022,"1,981.00","1,969.50","1,981.00","1,969.50",0.20K,0.45%
04/12/2022,"1,972.10","1,952.50","1,977.10","1,950.60",0.25K,1.43%
04/11/2022,"1,944.30","1,946.60","1,968.40","1,941.80",0.16K,0.14%
04/08/2022,"1,941.60","1,928.80","1,947.70","1,928.80",0.15K,0.40%
04/07/2022,"1,933.80","1,919.50","1,934.80","1,919.50",0.31K,0.80%
04/06/2022,"1,918.40","1,916.70","1,931.80","1,916.70",0.14K,-0.23%
04/05/2022,"1,922.90","1,927.10","1,943.50","1,918.40",0.41K,-0.33%
04/04/2022,"1,929.20","1,921.20","1,936.10","1,915.60",0.37K,0.53%
04/01/2022,"1,919.10","1,935.00","1,938.00","1,917.00",1.02K,-1.54%
03/31/2022,"1,949.20","1,933.50","1,949.90","1,919.10",3.62K,0.81%
03/30/2022,"1,933.50","1,918.40","1,937.00","1,914.50",17.77K,1.12%
03/29/2022,"1,912.00","1,893.50","1,912.00","1,893.50",128.05K,-1.42%
03/28/2022,"1,939.60","1,932.60","1,939.60","1,932.60",0.01K,-0.73%
03/25/2022,"1,953.80","1,953.80","1,953.80","1,953.80",0.08K,-0.40%
03/24/2022,"1,961.60","1,963.60","1,964.00","1,961.60",0.01K,1.29%
03/23/2022,"1,936.60","1,936.60","1,936.60","1,936.60",0.20K,0.83%
03/22/2022,"1,920.70","1,920.70","1,920.70","1,920.70",0.03K,-0.41%
03/21/2022,"1,928.60","1,925.40","1,928.60","1,925.00",0.01K,0.02%
03/18/2022,"1,928.20","1,934.50","1,939.30","1,928.20",0.03K,-0.72%
03/17/2022,"1,942.10","1,933.90","1,947.20","1,933.90",0.04K,1.79%
03/16/2022,"1,908.00","1,922.40","1,922.40","1,907.20",0.10K,-1.06%
03/15/2022,"1,928.50","1,939.80","1,939.90","1,910.70",0.07K,-1.59%
03/14/2022,"1,959.60","1,976.50","1,977.70","1,959.60",0.14K,-1.17%
03/11/2022,"1,982.70","1,985.00","1,996.00","1,959.90",0.86K,-0.77%
03/10/2022,"1,998.10","1,978.10","2,010.50","1,978.10",0.67K,0.61%
03/09/2022,"1,985.90","2,053.60","2,063.00","1,980.80",1.02K,-2.66%
03/08/2022,"2,040.10","1,999.40","2,072.00","1,998.00",1.81K,2.32%
03/07/2022,"1,993.90","1,989.00","2,001.10","1,963.00",2.52K,1.47%
03/04/2022,"1,965.10","1,937.00","1,970.90","1,935.60",0.05K,1.59%
03/03/2022,"1,934.40","1,930.50","1,940.30","1,924.80",0.12K,0.70%
03/02/2022,"1,920.90","1,945.60","1,948.20","1,919.80",0.11K,-1.11%
03/01/2022,"1,942.40","1,908.30","1,942.40","1,903.80",0.55K,2.26%
02/28/2022,"1,899.40","1,928.30","1,928.40","1,894.20",0.39K,0.68%
02/25/2022,"1,886.50","1,906.90","1,920.00","1,883.60",0.59K,-2.01%
02/24/2022,"1,925.10","1,911.90","1,972.50","1,911.70",2.71K,0.83%
02/23/2022,"1,909.20","1,896.60","1,910.60","1,895.70",0.07K,0.16%
02/22/2022,"1,906.10","1,908.10","1,912.00","1,890.80",0.17K,0.40%
02/18/2022,"1,898.60","1,899.40","1,899.40","1,890.70",0.05K,-0.11%
02/17/2022,"1,900.70","1,876.30","1,900.70","1,876.20",0.39K,1.63%
02/16/2022,"1,870.20","1,858.70","1,870.20","1,856.30",0.03K,0.83%
02/15/2022,"1,854.80","1,872.60","1,879.70","1,847.40",0.09K,-0.71%
02/14/2022,"1,868.00","1,861.80","1,870.60","1,854.60",0.08K,1.48%
02/11/2022,"1,840.80","1,822.00","1,864.80","1,822.00",0.18K,0.25%
02/10/2022,"1,836.20","1,833.30","1,842.10","1,820.80",0.36K,0.05%
02/09/2022,"1,835.20","1,825.40","1,835.20","1,825.30",0.68K,0.47%
02/08/2022,"1,826.60","1,818.90","1,827.60","1,815.00",0.11K,0.33%
02/07/2022,"1,820.60","1,812.20","1,821.30","1,809.10",0.60K,0.77%
02/04/2022,"1,806.60","1,806.00","1,813.70","1,792.50",0.57K,0.20%
02/03/2022,"1,803.00","1,805.80","1,808.10","1,787.90",0.47K,-0.34%
02/02/2022,"1,809.20","1,797.80","1,810.10","1,795.10",1.69K,0.49%
02/01/2022,"1,800.30","1,797.20","1,806.10","1,797.10",0.22K,0.30%
01/31/2022,"1,795.00","1,788.50","1,798.50","1,785.10",1.74K,0.57%
01/28/2022,"1,784.90","1,797.50","1,798.40","1,778.80",28.52K,-0.47%
01/27/2022,"1,793.30","1,793.30","1,793.30","1,793.30",196.04K,-2.00%
01/26/2022,"1,829.90","1,829.90","1,829.90","1,829.90",0.06K,-1.23%
01/25/2022,"1,852.70","1,843.00","1,852.70","1,842.00",0.01K,0.60%
01/24/2022,"1,841.70","1,837.90","1,842.10","1,837.90",0.01K,0.54%
01/21/2022,"1,831.80","1,838.00","1,842.40","1,828.90",0.02K,-0.58%
01/20/2022,"1,842.50","1,840.60","1,843.00","1,838.20",0.02K,-0.03%
01/19/2022,"1,843.10","1,817.40","1,843.10","1,817.40",0.00K,1.70%
01/18/2022,"1,812.30","1,816.80","1,820.10","1,812.30",0.90K,-0.23%
01/14/2022,"1,816.50","1,821.50","1,822.00","1,816.50",0.82K,-0.26%
01/13/2022,"1,821.20","1,819.80","1,823.00","1,815.40",0.04K,-0.33%
01/12/2022,"1,827.20","1,819.00","1,827.20","1,816.90",1.55K,0.47%
01/11/2022,"1,818.60","1,803.90","1,822.50","1,803.00",0.74K,1.12%
01/10/2022,"1,798.40","1,794.90","1,798.70","1,790.40",0.53K,0.08%
01/07/2022,"1,797.00","1,791.80","1,797.00","1,784.40",0.02K,0.46%
01/06/2022,"1,788.70","1,787.10","1,791.30","1,787.10",0.03K,-1.97%
01/05/2022,"1,824.60","1,813.10","1,824.60","1,813.10",0.01K,0.58%
01/04/2022,"1,814.00","1,800.50","1,815.30","1,800.00",0.04K,0.81%
01/03/2022,"1,799.40","1,830.10","1,830.10","1,798.80",0.12K,-1.54%
12/31/2021,"1,827.50","1,825.10","1,827.80","1,821.40",0.08K,0.82%
12/30/2021,"1,812.70","1,801.70","1,816.00","1,796.00",0.31K,0.42%
12/29/2021,"1,805.10","1,803.20","1,805.10","1,791.40",0.62K,-0.28%
12/28/2021,"1,810.20","1,812.00","1,818.00","1,805.50",0.15K,0.12%
12/27/2021,"1,808.10","1,810.00","1,812.10","1,807.00",0.15K,-0.17%
12/23/2021,"1,811.20","1,806.00","1,811.20","1,800.80",0.19K,0.53%
12/22/2021,"1,801.60","1,786.00","1,805.20","1,785.50",0.57K,0.77%
12/21/2021,"1,787.90","1,791.40","1,796.50","1,787.90",0.57K,-0.32%
12/20/2021,"1,793.70","1,796.80","1,799.80","1,792.00",0.23K,-0.56%
12/17/2021,"1,803.80","1,804.00","1,812.90","1,803.80",0.65K,0.40%
12/16/2021,"1,796.60","1,781.00","1,798.10","1,781.00",0.02K,1.93%
12/15/2021,"1,762.60","1,767.40","1,778.70","1,753.90",0.28K,-0.44%
12/14/2021,"1,770.40","1,787.00","1,787.00","1,769.00",0.32K,-0.89%
12/13/2021,"1,786.30","1,784.40","1,787.10","1,783.80",0.21K,0.19%
12/10/2021,"1,782.90","1,773.80","1,785.40","1,769.10",0.55K,0.47%
12/09/2021,"1,774.60","1,783.50","1,783.50","1,771.80",0.46K,-0.49%
12/08/2021,"1,783.40","1,789.90","1,789.90","1,779.00",1.38K,0.04%
12/07/2021,"1,782.60","1,779.50","1,786.10","1,772.30",0.31K,0.29%
12/06/2021,"1,777.50","1,780.20","1,783.00","1,777.20",0.38K,-0.25%
12/03/2021,"1,782.00","1,767.50","1,785.10","1,766.50",0.69K,1.21%
12/02/2021,"1,760.70","1,780.90","1,780.90","1,760.60",1.56K,-1.17%
12/01/2021,"1,781.60","1,774.80","1,790.50","1,772.30",1.13K,0.45%
11/30/2021,"1,773.60","1,783.90","1,808.10","1,768.70",4.90K,-0.49%
11/29/2021,"1,782.30","1,791.70","1,798.90","1,779.10",26.93K,-0.17%
11/26/2021,"1,785.30","1,791.10","1,791.40","1,785.30",186.80K,0.07%
11/24/2021,"1,784.10","1,793.00","1,793.00","1,781.40",0.19K,0.03%
11/23/2021,"1,783.50","1,795.50","1,795.50","1,783.50",0.26K,-1.25%
11/22/2021,"1,806.00","1,841.60","1,841.60","1,805.70",0.01K,-2.44%
11/19/2021,"1,851.20","1,851.20","1,851.20","1,851.20",0.02K,-0.53%
11/18/2021,"1,861.00","1,861.00","1,861.00","1,861.00",0.01K,-0.47%
11/17/2021,"1,869.70","1,862.60","1,869.70","1,862.60",0.00K,0.87%
11/16/2021,"1,853.60","1,853.60","1,853.60","1,853.60",0.00K,-0.67%
11/15/2021,"1,866.10","1,864.50","1,866.90","1,864.50",0.09K,-0.10%
11/12/2021,"1,867.90","1,860.80","1,867.90","1,847.60",0.21K,0.25%
11/11/2021,"1,863.20","1,853.90","1,866.50","1,853.90",0.29K,0.84%
11/10/2021,"1,847.60","1,825.80","1,865.00","1,824.90",0.80K,0.95%
11/09/2021,"1,830.20","1,826.10","1,832.70","1,820.70",0.17K,0.15%
11/08/2021,"1,827.40","1,817.00","1,827.40","1,816.90",0.26K,0.61%
11/05/2021,"1,816.40","1,794.90","1,817.10","1,794.90",0.24K,1.31%
11/04/2021,"1,793.00","1,776.60","1,798.20","1,776.20",0.10K,1.67%
11/03/2021,"1,763.60","1,768.00","1,768.00","1,761.80",0.11K,-1.40%
11/02/2021,"1,788.70","1,790.50","1,795.50","1,787.70",0.21K,-0.36%
11/01/2021,"1,795.10","1,787.50","1,795.10","1,786.70",0.14K,0.68%
10/29/2021,"1,783.00","1,793.10","1,797.00","1,774.60",0.58K,-1.03%
10/28/2021,"1,801.60","1,795.50","1,807.30","1,795.50",0.45K,0.21%
10/27/2021,"1,797.90","1,791.50","1,798.10","1,791.50",0.54K,0.29%
10/26/2021,"1,792.70","1,808.80","1,808.80","1,788.60",0.36K,-0.74%
10/25/2021,"1,806.00","1,794.30","1,809.00","1,794.00",0.14K,0.58%
10/22/2021,"1,795.50","1,787.10","1,806.90","1,784.00",0.53K,0.80%
10/21/2021,"1,781.20","1,782.00","1,785.70","1,781.00",0.15K,-0.16%
10/20/2021,"1,784.10","1,774.60","1,785.60","1,774.00",0.13K,0.81%
10/19/2021,"1,769.70","1,777.60","1,785.00","1,767.50",0.05K,0.28%
10/18/2021,"1,764.80","1,761.60","1,770.10","1,759.50",0.27K,-0.14%
10/15/2021,"1,767.20","1,794.50","1,795.40","1,766.60",0.87K,-1.64%
10/14/2021,"1,796.70","1,792.20","1,799.90","1,792.00",0.34K,0.17%
10/13/2021,"1,793.70","1,760.80","1,794.50","1,760.80",0.15K,2.01%
10/12/2021,"1,758.30","1,751.90","1,768.00","1,749.80",0.14K,0.21%
10/11/2021,"1,754.60","1,756.60","1,757.80","1,752.20",0.13K,-0.10%
10/08/2021,"1,756.30","1,757.00","1,780.00","1,754.20",0.25K,-0.09%
10/07/2021,"1,757.90","1,762.40","1,762.40","1,752.80",0.34K,-0.15%
10/06/2021,"1,760.50","1,759.30","1,762.90","1,744.70",0.06K,0.05%
10/05/2021,"1,759.60","1,764.30","1,764.30","1,749.00",0.10K,-0.37%
10/04/2021,"1,766.20","1,764.50","1,768.90","1,749.50",0.42K,0.52%
10/01/2021,"1,757.00","1,754.30","1,762.60","1,748.50",2.22K,0.10%
09/30/2021,"1,755.30","1,725.50","1,760.30","1,724.50",1.00K,1.96%
09/29/2021,"1,721.50","1,732.40","1,744.10","1,721.40",6.63K,-0.82%
09/28/2021,"1,735.80","1,739.60","1,741.70","1,726.80",15.75K,-0.81%
09/27/2021,"1,750.00","1,751.70","1,754.40","1,747.50",0.81K,0.02%
09/24/2021,"1,749.70","1,749.70","1,749.70","1,745.00",0.08K,0.11%
09/23/2021,"1,747.70","1,766.80","1,766.80","1,738.20",0.03K,-1.63%
09/22/2021,"1,776.70","1,776.70","1,784.30","1,767.00",0.02K,0.04%
09/21/2021,"1,776.00","1,762.20","1,776.00","1,759.00",0.11K,0.81%
09/20/2021,"1,761.80","1,751.80","1,761.80","1,750.90",0.18K,0.71%
09/17/2021,"1,749.40","1,758.80","1,763.00","1,749.40",0.58K,-0.30%
09/16/2021,"1,754.60","1,792.90","1,792.90","1,743.90",1.65K,-2.11%
09/15/2021,"1,792.40","1,803.70","1,803.70","1,792.40",0.06K,-0.68%
09/14/2021,"1,804.70","1,791.40","1,806.20","1,783.00",0.76K,0.71%
09/13/2021,"1,792.00","1,789.80","1,796.00","1,784.00",0.53K,0.13%
09/10/2021,"1,789.60","1,789.60","1,789.60","1,789.60",,-0.43%
09/09/2021,"1,797.40","1,798.70","1,798.70","1,787.90",0.05K,0.37%
09/08/2021,"1,790.70","1,781.70","1,790.70","1,781.70",0.07K,-0.29%
09/07/2021,"1,795.90","1,825.70","1,825.70","1,792.70",0.05K,-1.91%
09/03/2021,"1,830.90","1,820.90","1,833.90","1,818.90",0.05K,1.23%
09/02/2021,"1,808.70","1,813.20","1,813.90","1,806.80",0.03K,-0.24%
09/01/2021,"1,813.10","1,813.50","1,815.90","1,809.50",0.11K,-0.10%
08/31/2021,"1,815.00","1,815.90","1,815.90","1,801.10",0.08K,0.33%
08/30/2021,"1,809.00","1,818.20","1,820.30","1,807.80",0.68K,-0.42%
08/27/2021,"1,816.60","1,803.40","1,816.60","1,803.10",1.22K,1.36%
08/26/2021,"1,792.20","1,787.40","1,792.20","1,781.00",0.06K,0.22%
08/25/2021,"1,788.20","1,792.00","1,792.90","1,784.00",0.81K,-0.96%
08/24/2021,"1,805.60","1,801.00","1,805.60","1,801.00",0.02K,0.13%
08/23/2021,"1,803.20","1,776.80","1,804.80","1,776.80",0.03K,1.25%
08/20/2021,"1,781.00","1,784.10","1,787.50","1,778.20",0.23K,0.04%
08/19/2021,"1,780.20","1,780.00","1,789.30","1,775.50",0.24K,-0.08%
08/18/2021,"1,781.60","1,787.80","1,791.50","1,779.00",0.26K,-0.19%
08/17/2021,"1,785.00","1,787.70","1,794.20","1,780.00",0.20K,-0.11%
08/16/2021,"1,786.90","1,776.90","1,787.80","1,771.90",0.22K,0.66%
08/13/2021,"1,775.20","1,758.30","1,777.30","1,757.40",0.44K,1.50%
08/12/2021,"1,749.00","1,749.70","1,752.40","1,745.50",0.74K,-0.08%
08/11/2021,"1,750.40","1,727.30","1,752.20","1,727.30",0.54K,1.25%
08/10/2021,"1,728.80","1,728.60","1,735.20","1,720.10",1.36K,0.31%
08/09/2021,"1,723.40","1,753.50","1,753.80","1,692.60",1.62K,-2.08%
08/06/2021,"1,760.00","1,799.80","1,800.10","1,758.40",0.86K,-2.50%
08/05/2021,"1,805.10","1,810.80","1,813.70","1,796.00",0.59K,-0.30%
08/04/2021,"1,810.50","1,809.30","1,831.30","1,806.30",2.86K,0.02%
08/03/2021,"1,810.10","1,812.30","1,813.50","1,806.00",3.34K,-0.44%
08/02/2021,"1,818.10","1,812.40","1,818.70","1,804.80",1.33K,0.30%
07/30/2021,"1,812.60","1,828.00","1,830.50","1,808.90",3.10K,-1.02%
07/29/2021,"1,831.20","1,806.60","1,832.60","1,806.10",30.50K,1.76%
07/28/2021,"1,799.50","1,799.50","1,799.50","1,799.50",209.78K,0.00%
07/27/2021,"1,799.50","1,803.70","1,803.70","1,799.50",0.00K,0.04%
07/26/2021,"1,798.70","1,802.50","1,802.50","1,797.20",0.02K,-0.15%
07/23/2021,"1,801.40","1,800.00","1,801.40","1,800.00",0.00K,-0.20%
07/22/2021,"1,805.00","1,793.60","1,805.00","1,793.60",0.00K,0.12%
07/21/2021,"1,802.90","1,807.00","1,807.00","1,800.00",0.14K,-0.44%
07/20/2021,"1,810.90","1,812.90","1,824.00","1,810.90",0.13K,0.12%
07/19/2021,"1,808.70","1,803.30","1,813.40","1,803.30",0.03K,-0.32%
07/16/2021,"1,814.50","1,830.10","1,831.40","1,814.50",0.08K,-0.76%
07/15/2021,"1,828.40","1,831.60","1,833.00","1,823.40",0.10K,0.22%
07/14/2021,"1,824.30","1,813.10","1,829.00","1,813.10",0.71K,0.82%
07/13/2021,"1,809.40","1,808.10","1,812.00","1,800.60",0.08K,0.22%
07/12/2021,"1,805.50","1,802.60","1,805.50","1,799.50",0.15K,-0.25%
07/09/2021,"1,810.00","1,803.60","1,810.10","1,798.80",0.22K,0.58%
07/08/2021,"1,799.60","1,797.00","1,818.50","1,797.00",0.15K,-0.11%
07/07/2021,"1,801.50","1,798.70","1,808.40","1,797.20",0.24K,0.45%
07/06/2021,"1,793.50","1,786.70","1,809.80","1,786.70",0.33K,0.61%
07/02/2021,"1,782.60","1,778.70","1,787.90","1,778.30",0.02K,0.38%
07/01/2021,"1,775.90","1,775.70","1,781.20","1,768.80",0.04K,0.29%
06/30/2021,"1,770.80","1,761.10","1,770.80","1,759.20",0.05K,0.45%
06/29/2021,"1,762.80","1,776.80","1,777.10","1,752.10",0.42K,-0.94%
06/28/2021,"1,779.60","1,779.60","1,779.60","1,779.60",0.89K,0.17%
06/25/2021,"1,776.60","1,777.70","1,788.00","1,775.20",0.04K,0.06%
06/24/2021,"1,775.60","1,778.90","1,786.40","1,775.60",0.08K,-0.38%
06/23/2021,"1,782.30","1,780.70","1,793.20","1,780.60",0.14K,0.34%
06/22/2021,"1,776.30","1,783.40","1,786.90","1,775.90",0.10K,-0.31%
06/21/2021,"1,781.80","1,768.80","1,785.20","1,766.80",0.04K,0.79%
06/18/2021,"1,767.90","1,775.70","1,792.40","1,767.90",0.35K,-0.33%
06/17/2021,"1,773.80","1,811.80","1,823.30","1,769.60",1.14K,-4.61%
06/16/2021,"1,859.50","1,859.40","1,860.10","1,809.20",0.12K,0.27%
06/15/2021,"1,854.50","1,866.40","1,867.20","1,854.40",0.08K,-0.51%
06/14/2021,"1,864.00","1,866.20","1,866.60","1,846.50",0.04K,-0.71%
06/11/2021,"1,877.40","1,900.90","1,902.30","1,875.20",0.35K,-0.89%
06/10/2021,"1,894.20","1,887.70","1,899.80","1,871.50",0.19K,0.05%
06/09/2021,"1,893.20","1,894.90","1,897.70","1,889.20",0.15K,0.05%
06/08/2021,"1,892.20","1,896.50","1,902.90","1,890.00",0.93K,-0.24%
06/07/2021,"1,896.80","1,890.50","1,899.70","1,883.20",0.09K,0.37%
06/04/2021,"1,889.80","1,869.30","1,895.50","1,854.00",0.37K,0.99%
06/03/2021,"1,871.20","1,908.80","1,908.80","1,865.00",1.02K,-1.90%
06/02/2021,"1,907.50","1,899.20","1,908.80","1,896.00",1.27K,0.24%
06/01/2021,"1,902.90","1,905.10","1,916.20","1,892.80",0.64K,0.02%
05/28/2021,"1,902.50","1,897.50","1,905.40","1,881.90",2.42K,0.36%
05/27/2021,"1,895.70","1,896.80","1,903.90","1,888.20",35.79K,-0.29%
05/26/2021,"1,901.30","1,901.30","1,901.30","1,901.30",170.53K,0.17%
05/25/2021,"1,898.10","1,882.50","1,898.10","1,882.50",0.06K,0.72%
05/24/2021,"1,884.60","1,882.10","1,884.60","1,882.10",0.04K,0.42%
05/21/2021,"1,876.70","1,872.10","1,876.70","1,872.10",0.01K,-0.27%
05/20/2021,"1,881.80","1,865.50","1,885.00","1,864.80",0.09K,0.03%
05/19/2021,"1,881.30","1,866.40","1,884.90","1,863.60",0.35K,0.72%
05/18/2021,"1,867.80","1,870.50","1,870.50","1,867.80",0.00K,0.02%
05/17/2021,"1,867.50","1,849.90","1,867.50","1,847.20",0.01K,1.61%
05/14/2021,"1,837.90","1,824.50","1,842.90","1,824.50",0.04K,0.77%
05/13/2021,"1,823.80","1,814.70","1,826.80","1,814.10",0.10K,0.07%
05/12/2021,"1,822.60","1,825.20","1,825.20","1,821.70",0.00K,-0.72%
05/11/2021,"1,835.90","1,837.20","1,838.10","1,831.60",0.42K,-0.09%
05/10/2021,"1,837.50","1,835.60","1,845.60","1,835.40",0.01K,0.35%
05/07/2021,"1,831.10","1,842.90","1,842.90","1,831.10",0.00K,0.86%
05/06/2021,"1,815.50","1,788.90","1,815.50","1,787.60",0.01K,1.76%
05/05/2021,"1,784.10","1,781.50","1,784.10","1,779.20",0.06K,0.47%
05/04/2021,"1,775.80","1,788.20","1,788.50","1,774.80",0.18K,-0.87%
05/03/2021,"1,791.40","1,788.50","1,793.00","1,788.50",0.02K,1.36%
04/30/2021,"1,767.30","1,771.80","1,771.80","1,763.90",0.02K,-0.05%
04/29/2021,"1,768.10","1,781.00","1,789.00","1,758.60",0.20K,-0.29%
04/28/2021,"1,773.20","1,768.20","1,774.00","1,764.60",0.76K,-0.27%
04/27/2021,"1,778.00","1,780.00","1,782.00","1,777.70",0.12K,-0.07%
04/26/2021,"1,779.20","1,778.00","1,779.70","1,770.80",0.55K,0.12%
04/23/2021,"1,777.00","1,786.10","1,794.50","1,772.00",0.33K,-0.24%
04/22/2021,"1,781.20","1,794.20","1,794.20","1,779.50",0.16K,-0.62%
04/21/2021,"1,792.30","1,783.00","1,794.10","1,777.70",0.25K,0.84%
04/20/2021,"1,777.30","1,769.30","1,777.30","1,765.50",1.46K,0.45%
04/19/2021,"1,769.40","1,782.10","1,788.50","1,769.40",0.14K,-0.54%
04/16/2021,"1,779.00","1,770.40","1,779.50","1,770.10",0.62K,0.77%
04/15/2021,"1,765.40","1,740.10","1,767.90","1,740.10",0.37K,1.76%
04/14/2021,"1,734.90","1,741.30","1,745.90","1,732.70",1.04K,-0.65%
04/13/2021,"1,746.20","1,733.80","1,746.90","1,722.10",0.37K,0.87%
04/12/2021,"1,731.20","1,740.80","1,740.80","1,726.70",0.04K,-0.69%
04/09/2021,"1,743.30","1,750.80","1,750.80","1,733.30",0.48K,-0.77%
04/08/2021,"1,756.80","1,736.00","1,758.00","1,734.60",1.30K,0.96%
04/07/2021,"1,740.10","1,742.70","1,742.70","1,733.70",0.56K,-0.08%
04/06/2021,"1,741.50","1,726.90","1,744.80","1,726.90",0.89K,0.84%
04/05/2021,"1,727.00","1,727.90","1,729.70","1,721.90",0.28K,0.03%
04/01/2021,"1,726.50","1,706.80","1,728.80","1,706.40",0.72K,0.74%
03/31/2021,"1,713.80","1,683.70","1,713.80","1,676.50",0.76K,1.78%
03/30/2021,"1,683.90","1,711.00","1,712.60","1,676.50",25.32K,-1.65%
03/29/2021,"1,712.10","1,712.10","1,712.10","1,712.10",135.46K,-1.16%
03/26/2021,"1,732.20","1,721.30","1,732.20","1,721.30",0.03K,0.42%
03/25/2021,"1,724.90","1,732.70","1,733.20","1,724.50",0.01K,-0.46%
03/24/2021,"1,732.90","1,727.50","1,732.90","1,727.50",0.03K,0.48%
03/23/2021,"1,724.70","1,724.70","1,724.70","1,724.70",0.01K,-0.75%
03/22/2021,"1,737.80","1,737.80","1,737.80","1,737.80",0.05K,-0.21%
03/19/2021,"1,741.40","1,742.20","1,742.20","1,733.60",0.01K,0.53%
03/18/2021,"1,732.20","1,745.80","1,750.30","1,721.80",0.14K,0.31%
03/17/2021,"1,726.80","1,735.30","1,750.10","1,725.60",0.49K,-0.22%
03/16/2021,"1,730.60","1,732.30","1,733.90","1,726.00",0.73K,0.10%
03/15/2021,"1,728.90","1,729.50","1,731.90","1,722.80",0.15K,0.55%
03/12/2021,"1,719.50","1,715.90","1,722.50","1,699.00",0.08K,-0.16%
03/11/2021,"1,722.30","1,725.60","1,737.50","1,720.20",0.02K,0.05%
03/10/2021,"1,721.50","1,713.60","1,722.90","1,711.00",0.41K,0.29%
03/09/2021,"1,716.60","1,686.20","1,717.50","1,685.20",0.34K,2.32%
03/08/2021,"1,677.70","1,704.70","1,705.40","1,673.70",1.29K,-1.20%
03/05/2021,"1,698.00","1,690.60","1,701.00","1,685.00",0.30K,-0.13%
03/04/2021,"1,700.20","1,706.50","1,717.40","1,700.20",0.52K,-0.88%
03/03/2021,"1,715.30","1,730.00","1,732.40","1,703.50",0.50K,-1.03%
03/02/2021,"1,733.10","1,709.40","1,733.10","1,708.70",0.87K,0.62%
03/01/2021,"1,722.50","1,737.10","1,747.00","1,720.30",0.41K,-0.32%
02/26/2021,"1,728.10","1,768.10","1,768.20","1,718.80",1.59K,-2.61%
02/25/2021,"1,774.40","1,801.50","1,802.00","1,766.70",1.05K,-1.22%
02/24/2021,"1,796.40","1,805.80","1,805.80","1,796.40",1.50K,-0.44%
02/23/2021,"1,804.40","1,809.60","1,811.30","1,796.40",0.57K,-0.13%
02/22/2021,"1,806.70","1,784.00","1,807.80","1,784.00",0.17K,1.74%
02/19/2021,"1,775.80","1,764.30","1,787.60","1,764.30",0.12K,0.14%
02/18/2021,"1,773.40","1,776.10","1,784.60","1,766.00",0.59K,0.13%
02/17/2021,"1,771.10","1,785.80","1,789.70","1,768.80",0.61K,-1.45%
02/16/2021,"1,797.20","1,820.90","1,823.40","1,787.30",1.14K,-1.34%
02/12/2021,"1,821.60","1,825.00","1,827.50","1,809.20",0.26K,-0.18%
02/11/2021,"1,824.90","1,840.50","1,845.00","1,820.90",0.60K,-0.85%
02/10/2021,"1,840.60","1,842.60","1,851.10","1,837.00",0.54K,0.29%
02/09/2021,"1,835.30","1,841.90","1,843.30","1,830.70",0.18K,0.19%
02/08/2021,"1,831.90","1,816.30","1,836.70","1,809.00",0.25K,1.16%
02/05/2021,"1,810.90","1,794.30","1,813.50","1,790.90",1.28K,1.23%
02/04/2021,"1,788.90","1,832.20","1,832.20","1,782.80",2.38K,-2.36%
02/03/2021,"1,832.20","1,834.80","1,842.40","1,829.80",1.20K,0.09%
02/02/2021,"1,830.50","1,859.60","1,861.30","1,827.60",1.29K,-1.63%
02/01/2021,"1,860.80","1,866.60","1,871.90","1,850.00",1.49K,0.73%
01/29/2021,"1,847.30","1,842.00","1,876.00","1,838.70",1.63K,0.51%
01/28/2021,"1,837.90","1,843.40","1,862.90","1,831.50",27.28K,-0.38%
01/27/2021,"1,844.90","1,844.90","1,844.90","1,844.90",195.54K,-0.31%
01/26/2021,"1,850.70","1,855.80","1,855.80","1,850.70",0.06K,-0.23%
01/25/2021,"1,854.90","1,864.70","1,864.70","1,851.80",0.03K,-0.04%
01/22/2021,"1,855.70","1,854.90","1,855.70","1,852.70",0.01K,-0.51%
01/21/2021,"1,865.30","1,865.30","1,868.00","1,865.30",0.01K,-0.03%
01/20/2021,"1,865.90","1,847.80","1,866.60","1,844.40",0.02K,1.44%
01/19/2021,"1,839.50","1,802.00","1,842.90","1,802.00",0.01K,0.56%
01/15/2021,"1,829.30","1,829.40","1,829.40","1,825.00",0.03K,-1.13%
01/14/2021,"1,850.30","1,836.70","1,850.70","1,836.70",0.15K,-0.18%
01/13/2021,"1,853.60","1,858.00","1,858.60","1,853.60",0.19K,0.58%
01/12/2021,"1,842.90","1,849.00","1,859.70","1,839.40",0.18K,-0.36%
01/11/2021,"1,849.60","1,826.50","1,849.60","1,826.50",0.02K,0.85%
01/08/2021,"1,834.10","1,908.00","1,908.00","1,834.10",0.06K,-4.09%
01/07/2021,"1,912.30","1,922.60","1,926.70","1,912.00",0.12K,0.28%
01/06/2021,"1,906.90","1,952.00","1,959.90","1,901.50",0.33K,-2.35%
01/05/2021,"1,952.70","1,941.70","1,952.70","1,941.30",0.11K,0.41%
01/04/2021,"1,944.70","1,912.20","1,945.10","1,912.20",0.15K,2.73%
12/31/2020,"1,893.10","1,897.00","1,901.30","1,892.70",0.13K,0.11%
12/30/2020,"1,891.00","1,879.90","1,895.80","1,877.30",0.44K,0.60%
12/29/2020,"1,879.70","1,881.30","1,881.30","1,879.70",0.34K,0.13%
12/28/2020,"1,877.20","1,895.50","1,895.80","1,873.70",0.07K,-0.14%
12/24/2020,"1,879.90","1,877.30","1,879.90","1,875.70",0.05K,0.28%
12/23/2020,"1,874.70","1,867.00","1,878.80","1,864.50",0.08K,0.43%
12/22/2020,"1,866.60","1,882.20","1,882.20","1,861.00",0.23K,-0.67%
12/21/2020,"1,879.20","1,884.80","1,908.00","1,869.10",0.14K,-0.34%
12/18/2020,"1,885.70","1,882.40","1,889.50","1,882.30",0.28K,-0.08%
12/17/2020,"1,887.20","1,874.20","1,896.20","1,874.20",0.41K,1.68%
12/16/2020,"1,856.10","1,856.50","1,864.70","1,850.50",1.09K,0.21%
12/15/2020,"1,852.30","1,833.50","1,853.60","1,833.20",0.96K,1.29%
12/14/2020,"1,828.70","1,835.50","1,835.70","1,822.70",0.26K,-0.60%
12/11/2020,"1,839.80","1,838.50","1,846.00","1,829.10",0.11K,0.34%
12/10/2020,"1,833.60","1,833.20","1,849.10","1,828.00",0.18K,-0.05%
12/09/2020,"1,834.60","1,867.10","1,867.10","1,827.00",0.21K,-1.94%
12/08/2020,"1,870.80","1,863.00","1,875.80","1,861.80",0.12K,0.48%
12/07/2020,"1,861.80","1,836.50","1,866.90","1,820.80",1.43K,1.41%
12/04/2020,"1,835.90","1,840.70","1,847.60","1,828.20",1.21K,-0.05%
12/03/2020,"1,836.80","1,829.20","1,842.00","1,825.30",1.76K,0.61%
12/02/2020,"1,825.70","1,811.30","1,830.00","1,807.80",0.77K,0.64%
12/01/2020,"1,814.10","1,775.00","1,815.90","1,774.90",1.86K,2.16%
11/30/2020,"1,775.70","1,785.00","1,787.20","1,762.30",3.15K,-0.35%
11/27/2020,"1,781.90","1,806.10","1,817.00","1,770.70",71.80K,-1.32%
11/25/2020,"1,805.70","1,801.40","1,805.70","1,801.40",205.75K,0.05%
11/24/2020,"1,804.80","1,829.30","1,829.30","1,799.30",1.04K,-1.80%
11/23/2020,"1,837.80","1,834.80","1,837.80","1,829.20",0.84K,-1.86%
11/20/2020,"1,872.60","1,871.20","1,872.60","1,871.20",1.90K,0.62%
11/19/2020,"1,861.10","1,865.80","1,865.80","1,856.00",0.06K,-0.66%
11/18/2020,"1,873.50","1,873.50","1,873.50","1,873.50",0.15K,-0.58%
11/17/2020,"1,884.50","1,888.40","1,888.40","1,884.50",0.06K,-0.15%
11/16/2020,"1,887.30","1,874.60","1,887.30","1,871.00",0.01K,0.08%
11/13/2020,"1,885.70","1,877.00","1,890.10","1,876.80",0.24K,0.70%
11/12/2020,"1,872.60","1,869.00","1,878.50","1,866.60",0.22K,0.64%
11/11/2020,"1,860.70","1,878.80","1,878.80","1,855.50",0.22K,-0.78%
11/10/2020,"1,875.40","1,879.30","1,885.30","1,871.20",0.28K,1.20%
11/09/2020,"1,853.20","1,955.60","1,963.20","1,847.10",0.74K,-4.98%
11/06/2020,"1,950.30","1,940.80","1,958.80","1,940.80",0.30K,0.26%
11/05/2020,"1,945.30","1,901.70","1,948.00","1,901.70",0.14K,2.68%
11/04/2020,"1,894.60","1,893.80","1,907.00","1,885.30",0.78K,-0.73%
11/03/2020,"1,908.50","1,891.50","1,908.50","1,891.50",0.71K,0.96%
11/02/2020,"1,890.40","1,872.90","1,894.70","1,872.90",0.19K,0.69%
10/30/2020,"1,877.40","1,862.80","1,886.60","1,862.80",0.72K,0.63%
10/29/2020,"1,865.60","1,876.10","1,879.80","1,858.80",0.24K,-0.56%
10/28/2020,"1,876.20","1,870.90","1,876.20","1,870.90",0.28K,-1.71%
10/27/2020,"1,908.80","1,904.60","1,908.80","1,904.40",0.18K,0.32%
10/26/2020,"1,902.70","1,895.50","1,907.00","1,893.50",0.24K,0.04%
10/23/2020,"1,902.00","1,899.90","1,913.30","1,896.20",0.29K,0.05%
10/22/2020,"1,901.10","1,924.30","1,924.30","1,898.20",0.90K,-1.22%
10/21/2020,"1,924.60","1,913.60","1,927.30","1,913.60",1.20K,0.74%
10/20/2020,"1,910.40","1,901.30","1,910.40","1,896.10",0.33K,0.21%
10/19/2020,"1,906.40","1,907.30","1,907.80","1,899.50",0.04K,0.29%
10/16/2020,"1,900.80","1,898.50","1,900.80","1,898.50",0.05K,-0.13%
10/15/2020,"1,903.20","1,897.30","1,906.30","1,889.60",0.25K,0.10%
10/14/2020,"1,901.30","1,889.70","1,910.80","1,882.50",0.03K,0.68%
10/13/2020,"1,888.50","1,921.90","1,922.20","1,887.00",0.19K,-1.77%
10/12/2020,"1,922.50","1,924.00","1,926.50","1,921.60",0.10K,0.16%
10/09/2020,"1,919.50","1,909.30","1,929.10","1,905.10",0.58K,1.64%
10/08/2020,"1,888.60","1,893.00","1,893.00","1,882.70",0.35K,0.27%
10/07/2020,"1,883.60","1,874.10","1,889.80","1,873.10",0.05K,-0.92%
10/06/2020,"1,901.10","1,906.60","1,918.00","1,874.40",0.97K,-0.60%
10/05/2020,"1,912.50","1,898.90","1,915.60","1,884.70",1.36K,0.65%
10/02/2020,"1,900.20","1,893.90","1,913.00","1,893.90",0.53K,-0.43%
10/01/2020,"1,908.40","1,884.10","1,909.60","1,882.50",0.73K,1.11%
09/30/2020,"1,887.50","1,893.00","1,899.70","1,879.80",0.60K,-0.36%
09/29/2020,"1,894.30","1,876.50","1,895.40","1,872.40",3.28K,1.15%
09/28/2020,"1,872.80","1,872.80","1,872.80","1,872.80",10.46K,0.81%
09/25/2020,"1,857.70","1,856.30","1,857.70","1,856.30",0.00K,-0.57%
09/24/2020,"1,868.30","1,851.50","1,868.30","1,851.50",0.36K,0.45%
09/23/2020,"1,859.90","1,875.50","1,875.50","1,859.90",0.01K,-2.04%
09/22/2020,"1,898.60","1,913.10","1,913.10","1,898.60",0.33K,-0.14%
09/21/2020,"1,901.20","1,946.20","1,946.20","1,883.40",0.05K,-2.61%
09/18/2020,"1,952.10","1,950.50","1,952.10","1,949.00",0.04K,0.62%
09/17/2020,"1,940.00","1,939.00","1,946.00","1,933.70",0.07K,-1.03%
09/16/2020,"1,960.20","1,961.30","1,961.40","1,956.70",0.12K,0.20%
09/15/2020,"1,956.30","1,955.80","1,968.50","1,955.80",0.07K,0.16%
09/14/2020,"1,953.10","1,946.30","1,953.10","1,943.00",0.06K,0.79%
09/11/2020,"1,937.80","1,944.00","1,949.50","1,937.80",0.07K,-0.84%
09/10/2020,"1,954.20","1,944.10","1,962.70","1,944.10",0.72K,0.49%
09/09/2020,"1,944.70","1,926.90","1,946.20","1,924.60",0.22K,0.61%
09/08/2020,"1,933.00","1,930.90","1,937.90","1,903.10",0.27K,0.47%
09/04/2020,"1,923.90","1,927.90","1,939.70","1,917.70",0.61K,-0.19%
09/03/2020,"1,927.60","1,937.10","1,938.80","1,923.00",0.18K,-0.35%
09/02/2020,"1,934.40","1,967.30","1,967.30","1,934.40",0.07K,-1.72%
09/01/2020,"1,968.20","1,961.70","1,986.30","1,961.70",0.19K,0.03%
08/31/2020,"1,967.60","1,970.00","1,971.30","1,953.30",0.16K,0.15%
08/28/2020,"1,964.60","1,927.10","1,971.30","1,922.50",0.78K,2.24%
08/27/2020,"1,921.60","1,948.90","1,972.50","1,921.60",2.30K,-0.98%
08/26/2020,"1,940.70","1,909.70","1,950.80","1,909.70",0.29K,1.51%
08/25/2020,"1,911.80","1,927.50","1,928.50","1,911.80",0.18K,-0.82%
08/24/2020,"1,927.70","1,930.20","1,940.00","1,922.20",0.09K,-0.36%
08/21/2020,"1,934.60","1,941.00","1,945.00","1,908.90",0.18K,0.04%
08/20/2020,"1,933.80","1,941.20","1,948.30","1,922.30",0.11K,-1.27%
08/19/2020,"1,958.70","1,980.00","1,980.00","1,938.70",0.35K,-2.04%
08/18/2020,"1,999.40","2,001.10","2,002.80","1,972.10",0.09K,0.73%
08/17/2020,"1,985.00","1,949.60","1,985.00","1,949.60",0.10K,2.48%
08/14/2020,"1,937.00","1,938.70","1,947.40","1,937.00",0.20K,-1.01%
08/13/2020,"1,956.70","1,921.50","1,957.40","1,916.90",0.07K,1.13%
08/12/2020,"1,934.90","1,923.00","1,946.60","1,871.60",0.40K,0.12%
08/11/2020,"1,932.60","2,012.40","2,016.00","1,904.00",0.97K,-4.53%
08/10/2020,"2,024.40","2,026.40","2,043.80","2,017.50",0.23K,0.71%
08/07/2020,"2,010.10","2,040.10","2,055.00","2,009.60",0.81K,-2.02%
08/06/2020,"2,051.50","2,045.50","2,063.00","2,040.00",0.29K,1.00%
08/05/2020,"2,031.10","2,024.00","2,050.20","2,011.00",1.42K,1.49%
08/04/2020,"2,001.20","1,971.00","2,016.20","1,968.80",2.01K,1.79%
08/03/2020,"1,966.00","1,984.30","1,984.30","1,955.50",0.68K,0.16%
07/31/2020,"1,962.80","1,948.60","1,981.10","1,948.00",2.91K,1.06%
07/30/2020,"1,942.30","1,963.40","1,965.10","1,930.00",28.85K,-0.57%
07/29/2020,"1,953.50","1,953.20","1,953.50","1,952.60",209.84K,0.45%
07/28/2020,"1,944.70","1,931.50","1,944.70","1,928.60",0.82K,0.71%
07/27/2020,"1,931.00","1,901.70","1,938.00","1,901.50",0.36K,1.78%
07/24/2020,"1,897.30","1,884.30","1,897.30","1,884.30",0.47K,0.43%
07/23/2020,"1,889.10","1,868.70","1,890.30","1,868.50",0.13K,1.34%
07/22/2020,"1,864.10","1,858.10","1,867.00","1,854.70",0.21K,1.18%
07/21/2020,"1,842.40","1,822.00","1,842.40","1,822.00",0.12K,1.46%
07/20/2020,"1,815.90","1,807.00","1,817.30","1,807.00",0.09K,0.42%
07/17/2020,"1,808.30","1,798.50","1,810.10","1,798.50",0.02K,0.53%
07/16/2020,"1,798.70","1,810.90","1,810.90","1,794.30",0.15K,-0.70%
07/15/2020,"1,811.40","1,806.10","1,813.50","1,806.10",0.17K,0.04%
07/14/2020,"1,810.60","1,791.00","1,811.50","1,791.00",0.34K,-0.02%
07/13/2020,"1,811.00","1,805.00","1,811.00","1,805.00",0.16K,0.71%
07/10/2020,"1,798.20","1,805.50","1,805.50","1,797.70",0.24K,-0.06%
07/09/2020,"1,799.20","1,816.10","1,819.80","1,799.20",0.40K,-0.90%
07/08/2020,"1,815.50","1,801.50","1,817.90","1,801.50",0.21K,0.63%
07/07/2020,"1,804.20","1,789.30","1,804.20","1,783.30",0.75K,0.88%
07/06/2020,"1,788.50","1,788.20","1,790.10","1,788.20",0.17K,0.25%
07/02/2020,"1,784.00","1,773.40","1,784.00","1,768.70",0.21K,0.61%
07/01/2020,"1,773.20","1,793.60","1,798.00","1,765.80",0.33K,-1.10%
06/30/2020,"1,793.00","1,777.30","1,793.20","1,774.40",0.99K,1.03%
06/29/2020,"1,774.80","1,779.80","1,780.20","1,774.30",0.58K,0.13%
06/26/2020,"1,772.50","1,766.00","1,772.50","1,764.70",0.64K,0.59%
06/25/2020,"1,762.10","1,761.70","1,764.80","1,759.80",0.21K,-0.21%
06/24/2020,"1,765.80","1,778.30","1,783.10","1,764.50",0.96K,-0.36%
06/23/2020,"1,772.10","1,755.40","1,776.30","1,754.20",0.67K,0.88%
06/22/2020,"1,756.70","1,755.20","1,767.60","1,750.50",1.36K,0.62%
06/19/2020,"1,745.90","1,723.70","1,750.70","1,723.50",1.33K,1.22%
06/18/2020,"1,724.80","1,730.50","1,734.10","1,717.30",0.11K,-0.25%
06/17/2020,"1,729.20","1,714.70","1,729.20","1,714.70",0.05K,-0.02%
06/16/2020,"1,729.60","1,726.30","1,729.60","1,722.40",0.02K,0.54%
06/15/2020,"1,720.30","1,730.00","1,730.00","1,703.30",0.19K,-0.52%
06/12/2020,"1,729.30","1,724.90","1,743.00","1,724.90",0.32K,-0.16%
06/11/2020,"1,732.00","1,737.20","1,744.10","1,720.00",0.35K,1.09%
06/10/2020,"1,713.30","1,716.10","1,740.80","1,711.90",0.72K,-0.08%
06/09/2020,"1,714.70","1,694.60","1,720.90","1,692.00",0.69K,0.97%
06/08/2020,"1,698.30","1,679.10","1,699.40","1,675.90",0.59K,1.32%
06/05/2020,"1,676.20","1,711.80","1,711.80","1,668.60",1.50K,-2.48%
06/04/2020,"1,718.90","1,694.50","1,718.90","1,694.50",0.81K,1.24%
06/03/2020,"1,697.80","1,726.30","1,726.30","1,684.50",2.75K,-1.59%
06/02/2020,"1,725.20","1,743.00","1,745.50","1,721.80",0.74K,-0.73%
06/01/2020,"1,737.80","1,740.40","1,747.00","1,727.10",0.87K,0.05%
05/29/2020,"1,736.90","1,718.80","1,738.30","1,715.10",1.53K,1.38%
05/28/2020,"1,713.30","1,709.30","1,727.80","1,705.00",23.36K,0.18%
05/27/2020,"1,710.30","1,685.60","1,710.30","1,685.60",137.42K,0.32%
05/26/2020,"1,704.80","1,726.40","1,726.40","1,704.80",0.04K,-1.72%
05/22/2020,"1,734.60","1,726.60","1,734.60","1,726.60",0.01K,0.82%
05/21/2020,"1,720.50","1,746.80","1,746.80","1,720.50",0.53K,-1.72%
05/20/2020,"1,750.60","1,751.60","1,752.10","1,745.60",0.02K,0.37%
05/19/2020,"1,744.20","1,744.20","1,749.50","1,744.20",0.17K,0.72%
05/18/2020,"1,731.80","1,755.70","1,770.50","1,731.80",0.23K,-1.23%
05/15/2020,"1,753.40","1,739.70","1,753.40","1,739.70",0.72K,0.88%
05/14/2020,"1,738.10","1,724.30","1,743.10","1,720.50",0.67K,1.41%
05/13/2020,"1,713.90","1,702.00","1,721.30","1,701.90",0.43K,0.56%
05/12/2020,"1,704.40","1,699.30","1,713.10","1,699.30",0.32K,0.54%
05/11/2020,"1,695.30","1,702.30","1,704.50","1,690.20",0.75K,-0.85%
05/08/2020,"1,709.90","1,726.20","1,728.90","1,703.80",0.33K,-0.69%
05/07/2020,"1,721.80","1,686.20","1,721.80","1,685.60",0.85K,2.23%
05/06/2020,"1,684.20","1,704.00","1,704.00","1,684.20",0.47K,-1.19%
05/05/2020,"1,704.40","1,701.50","1,704.40","1,697.20",0.08K,-0.15%
05/04/2020,"1,706.90","1,702.60","1,709.00","1,699.60",0.32K,0.73%
05/01/2020,"1,694.50","1,686.60","1,701.50","1,670.50",0.34K,0.61%
04/30/2020,"1,684.20","1,719.30","1,719.30","1,680.80",0.33K,-1.13%
04/29/2020,"1,703.40","1,710.00","1,713.50","1,702.00",0.37K,-0.42%
04/28/2020,"1,710.50","1,716.60","1,716.60","1,707.10",1.25K,-0.08%
04/27/2020,"1,711.90","1,731.90","1,731.90","1,711.90",0.17K,-0.67%
04/24/2020,"1,723.50","1,744.00","1,744.00","1,714.50",0.22K,-0.57%
04/23/2020,"1,733.30","1,734.00","1,745.10","1,733.30",0.48K,0.27%
04/22/2020,"1,728.70","1,696.00","1,728.70","1,684.80",0.45K,3.01%
04/21/2020,"1,678.20","1,697.00","1,707.10","1,659.90",0.67K,-1.38%
04/20/2020,"1,701.60","1,686.00","1,701.60","1,680.00",0.11K,0.73%
04/17/2020,"1,689.20","1,715.70","1,725.00","1,684.90",0.22K,-1.81%
04/16/2020,"1,720.40","1,731.00","1,750.60","1,715.00",0.16K,-0.39%
04/15/2020,"1,727.20","1,739.40","1,744.90","1,722.70",0.64K,-1.68%
04/14/2020,"1,756.70","1,756.80","1,775.00","1,739.50",0.68K,0.68%
04/13/2020,"1,744.80","1,722.00","1,756.80","1,710.70",0.70K,0.50%
04/09/2020,"1,736.20","1,662.70","1,736.20","1,662.70",0.82K,4.25%
04/08/2020,"1,665.40","1,669.70","1,677.00","1,662.50",0.75K,0.04%
04/07/2020,"1,664.80","1,695.70","1,724.40","1,658.00",1.14K,-0.73%
04/06/2020,"1,677.00","1,629.10","1,696.70","1,625.90",1.06K,2.65%
04/03/2020,"1,633.70","1,624.50","1,636.00","1,619.80",0.64K,0.49%
04/02/2020,"1,625.70","1,590.90","1,631.20","1,586.00",1.29K,3.01%
04/01/2020,"1,578.20","1,570.00","1,600.00","1,570.00",2.16K,-0.33%
03/31/2020,"1,583.40","1,618.70","1,621.00","1,576.00",2.87K,-2.38%
03/30/2020,"1,622.00","1,641.20","1,652.80","1,607.20",16.39K,-0.12%
03/27/2020,"1,623.90","1,623.90","1,623.90","1,623.90",100.64K,-1.59%
03/26/2020,"1,650.10","1,660.50","1,660.50","1,650.10",0.00K,1.09%
03/25/2020,"1,632.30","1,676.50","1,676.50","1,631.10",0.48K,-1.68%
03/24/2020,"1,660.20","1,592.70","1,685.50","1,592.70",0.44K,5.95%
03/23/2020,"1,567.00","1,505.30","1,567.00","1,490.20",0.05K,5.59%
03/20/2020,"1,484.00","1,483.50","1,484.00","1,483.50",0.01K,0.37%
03/19/2020,"1,478.60","1,481.50","1,491.60","1,471.00",0.26K,0.09%
03/18/2020,"1,477.30","1,537.50","1,542.00","1,477.30",0.33K,-3.12%
03/17/2020,"1,524.90","1,469.30","1,537.70","1,469.30",0.12K,2.62%
03/16/2020,"1,485.90","1,569.10","1,569.10","1,452.10",0.19K,-1.97%
03/13/2020,"1,515.70","1,574.90","1,589.80","1,513.80",0.09K,-4.63%
03/12/2020,"1,589.30","1,637.00","1,647.50","1,566.40",0.26K,-3.17%
03/11/2020,"1,641.40","1,656.60","1,666.50","1,635.00",0.05K,-1.07%
03/10/2020,"1,659.10","1,671.60","1,674.60","1,643.00",0.05K,-0.92%
03/09/2020,"1,674.50","1,696.10","1,701.60","1,657.70",0.16K,0.22%
03/06/2020,"1,670.80","1,670.80","1,686.20","1,647.20",0.17K,0.26%
03/05/2020,"1,666.40","1,637.30","1,672.90","1,637.20",0.15K,1.54%
03/04/2020,"1,641.10","1,645.40","1,645.90","1,631.30",0.08K,-0.06%
03/03/2020,"1,642.10","1,594.50","1,645.30","1,594.00",0.61K,3.13%
03/02/2020,"1,592.30","1,583.90","1,608.30","1,574.30",0.54K,1.80%
02/28/2020,"1,564.10","1,640.30","1,642.50","1,564.10",0.29K,-4.63%
02/27/2020,"1,640.00","1,641.10","1,658.00","1,638.50",0.71K,0.00%
02/26/2020,"1,640.00","1,644.00","1,648.10","1,636.40",1.99K,-0.42%
02/25/2020,"1,646.90","1,645.10","1,653.70","1,632.30",0.41K,-1.52%
02/24/2020,"1,672.40","1,657.00","1,686.60","1,650.00",0.43K,1.69%
02/21/2020,"1,644.60","1,619.30","1,645.00","1,619.30",0.19K,1.73%
02/20/2020,"1,616.60","1,606.50","1,621.00","1,603.00",0.12K,0.57%
02/19/2020,"1,607.50","1,600.60","1,610.50","1,599.70",0.54K,0.47%
02/18/2020,"1,600.00","1,579.80","1,604.30","1,579.80",0.31K,1.09%
02/14/2020,"1,582.70","1,575.80","1,582.70","1,574.80",0.07K,0.48%
02/13/2020,"1,575.10","1,570.20","1,575.10","1,570.20",0.07K,0.49%
02/12/2020,"1,567.40","1,565.20","1,568.70","1,561.00",0.04K,0.11%
02/11/2020,"1,565.60","1,570.90","1,571.10","1,561.90",0.44K,-0.58%
02/10/2020,"1,574.70","1,569.30","1,574.70","1,568.60",0.13K,0.39%
02/07/2020,"1,568.60","1,564.90","1,571.90","1,560.50",0.43K,0.22%
02/06/2020,"1,565.10","1,553.60","1,565.60","1,551.60",0.11K,0.47%
02/05/2020,"1,557.80","1,553.20","1,560.70","1,547.70",1.30K,0.48%
02/04/2020,"1,550.40","1,577.70","1,577.70","1,547.80",0.98K,-1.70%
02/03/2020,"1,577.20","1,592.90","1,593.30","1,568.20",1.06K,-0.36%
01/31/2020,"1,582.90","1,573.40","1,589.00","1,570.00",1.09K,-0.04%
01/30/2020,"1,583.50","1,576.80","1,585.00","1,571.40",62.34K,0.87%
01/29/2020,"1,569.80","1,569.80","1,569.80","1,569.80",251.27K,0.04%
01/28/2020,"1,569.20","1,576.40","1,576.40","1,569.20",0.00K,-0.48%
01/27/2020,"1,576.80","1,584.30","1,584.50","1,576.80",0.02K,0.36%
01/24/2020,"1,571.10","1,556.30","1,571.10","1,556.30",0.04K,0.42%
01/23/2020,"1,564.60","1,553.10","1,564.60","1,552.20",0.01K,0.60%
01/22/2020,"1,555.30","1,549.80","1,557.10","1,549.80",0.04K,-0.07%
01/21/2020,"1,556.40","1,559.30","1,566.20","1,551.00",0.04K,-0.15%
01/17/2020,"1,558.80","1,554.10","1,558.80","1,553.60",0.11K,0.63%
01/16/2020,"1,549.00","1,555.70","1,556.10","1,548.50",0.10K,-0.20%
01/15/2020,"1,552.10","1,548.00","1,553.90","1,545.60",0.01K,0.63%
01/14/2020,"1,542.40","1,546.70","1,546.70","1,534.90",0.03K,-0.39%
01/13/2020,"1,548.40","1,557.40","1,558.00","1,548.40",0.05K,-0.58%
01/10/2020,"1,557.50","1,551.20","1,558.80","1,545.40",0.02K,0.37%
01/09/2020,"1,551.70","1,555.70","1,555.70","1,543.30",0.05K,-0.37%
01/08/2020,"1,557.40","1,579.70","1,604.20","1,552.30",0.24K,-0.92%
01/07/2020,"1,571.80","1,558.30","1,576.30","1,558.30",0.05K,0.36%
01/06/2020,"1,566.20","1,580.00","1,580.00","1,560.40",0.42K,1.10%
01/03/2020,"1,549.20","1,530.10","1,552.70","1,530.10",0.11K,1.62%
01/02/2020,"1,524.50","1,518.10","1,528.70","1,518.00",0.21K,0.33%
12/31/2019,"1,519.50","1,513.80","1,523.40","1,513.80",0.30K,0.33%
12/30/2019,"1,514.50","1,512.60","1,515.10","1,510.00",0.45K,0.05%
12/27/2019,"1,513.80","1,513.80","1,513.80","1,513.80",0.84K,0.30%
12/26/2019,"1,509.30","1,505.20","1,512.30","1,505.00",0.13K,0.68%
12/24/2019,"1,499.10","1,488.70","1,499.10","1,488.70",0.05K,1.12%
12/23/2019,"1,482.50","1,482.30","1,482.50","1,479.90",0.39K,0.53%
12/20/2019,"1,474.70","1,476.70","1,478.10","1,474.70",0.12K,-0.24%
12/19/2019,"1,478.20","1,475.90","1,478.90","1,473.30",0.32K,0.38%
12/18/2019,"1,472.60","1,472.60","1,472.60","1,472.60",0.25K,-0.14%
12/17/2019,"1,474.60","1,474.10","1,476.90","1,474.00",0.41K,-0.03%
12/16/2019,"1,475.00","1,473.80","1,475.30","1,473.80",0.10K,-0.04%
12/13/2019,"1,475.60","1,463.10","1,475.90","1,463.10",0.47K,0.61%
12/12/2019,"1,466.70","1,475.10","1,483.90","1,463.70",0.95K,-0.18%
12/11/2019,"1,469.40","1,463.10","1,475.40","1,463.10",0.39K,0.46%
12/10/2019,"1,462.60","1,460.70","1,467.20","1,460.70",0.37K,0.23%
12/09/2019,"1,459.30","1,458.80","1,464.20","1,458.60",1.46K,0.01%
12/06/2019,"1,459.10","1,475.00","1,476.00","1,458.20",0.90K,-1.21%
12/05/2019,"1,476.90","1,474.70","1,478.00","1,472.30",0.91K,0.20%
12/04/2019,"1,474.00","1,477.50","1,483.40","1,471.20",0.61K,-0.28%
12/03/2019,"1,478.20","1,461.60","1,480.40","1,459.50",1.46K,1.09%
12/02/2019,"1,462.30","1,462.80","1,464.40","1,453.30",2.17K,-0.23%
11/29/2019,"1,465.60","1,453.60","1,465.60","1,452.10",7.02K,0.84%
11/27/2019,"1,453.40","1,461.10","1,461.90","1,452.00",88.36K,-0.44%
11/26/2019,"1,459.80","1,459.80","1,459.80","1,459.80",346.36K,0.22%
11/25/2019,"1,456.60","1,457.10","1,457.10","1,455.50",0.01K,-0.44%
11/22/2019,"1,463.10","1,468.60","1,468.60","1,463.10",0.02K,0.00%
11/21/2019,"1,463.10","1,463.10","1,463.10","1,463.10",0.02K,-0.69%
11/20/2019,"1,473.30","1,472.60","1,474.50","1,467.30",0.03K,0.00%
11/19/2019,"1,473.30","1,467.70","1,474.30","1,467.70",0.02K,0.16%
11/18/2019,"1,470.90","1,472.00","1,472.00","1,469.70",0.14K,0.25%
11/15/2019,"1,467.30","1,469.10","1,469.10","1,467.30",0.01K,-0.31%
11/14/2019,"1,471.80","1,463.80","1,471.80","1,463.70",0.08K,0.69%
11/13/2019,"1,461.70","1,456.80","1,463.30","1,456.80",0.06K,0.66%
11/12/2019,"1,452.10","1,454.90","1,454.90","1,447.10",0.01K,-0.23%
11/11/2019,"1,455.50","1,461.00","1,461.00","1,449.30",0.02K,-0.40%
11/08/2019,"1,461.30","1,469.10","1,469.10","1,461.30",0.02K,-0.20%
11/07/2019,"1,464.20","1,489.10","1,489.10","1,464.20",0.58K,-1.74%
11/06/2019,"1,490.20","1,483.20","1,491.00","1,483.20",0.57K,0.63%
11/05/2019,"1,480.80","1,507.10","1,507.10","1,480.80",0.03K,-1.80%
11/04/2019,"1,508.00","1,511.60","1,511.60","1,508.00",0.10K,0.00%
11/01/2019,"1,508.00","1,511.00","1,511.60","1,503.00",0.23K,-0.22%
10/31/2019,"1,511.40","1,496.10","1,513.10","1,496.10",0.21K,1.22%
10/30/2019,"1,493.20","1,487.20","1,495.40","1,481.00",0.32K,0.42%
10/29/2019,"1,487.00","1,485.90","1,487.00","1,485.90",0.42K,-0.20%
10/28/2019,"1,490.00","1,504.10","1,504.10","1,490.00",0.04K,-0.63%
10/25/2019,"1,499.50","1,501.40","1,514.30","1,499.00",0.09K,0.04%
10/24/2019,"1,498.90","1,490.50","1,501.20","1,485.90",0.12K,0.60%
10/23/2019,"1,489.90","1,486.40","1,490.30","1,486.40",0.07K,0.55%
10/22/2019,"1,481.70","1,483.40","1,483.50","1,481.70",0.10K,-0.05%
10/21/2019,"1,482.40","1,489.90","1,489.90","1,481.50",0.07K,-0.39%
10/18/2019,"1,488.20","1,487.30","1,489.10","1,486.60",0.08K,-0.27%
10/17/2019,"1,492.30","1,486.20","1,493.20","1,485.80",0.27K,0.29%
10/16/2019,"1,488.00","1,482.00","1,488.00","1,480.00",0.38K,0.70%
10/15/2019,"1,477.60","1,488.90","1,495.40","1,476.60",0.37K,-0.95%
10/14/2019,"1,491.70","1,484.40","1,493.50","1,481.30",0.40K,0.61%
10/11/2019,"1,482.70","1,491.90","1,494.90","1,476.90",0.06K,-0.81%
10/10/2019,"1,494.80","1,511.20","1,511.20","1,490.60",0.08K,-0.75%
10/09/2019,"1,506.10","1,507.70","1,507.70","1,498.40",0.12K,0.59%
10/08/2019,"1,497.20","1,489.40","1,506.30","1,489.30",0.05K,-0.03%
10/07/2019,"1,497.70","1,504.80","1,505.80","1,489.10",0.12K,-0.56%
10/04/2019,"1,506.20","1,505.60","1,508.70","1,497.10",0.23K,-0.06%
10/03/2019,"1,507.10","1,497.40","1,518.20","1,496.60",1.21K,0.41%
10/02/2019,"1,501.00","1,476.60","1,503.70","1,474.10",0.20K,1.28%
10/01/2019,"1,482.00","1,468.70","1,485.50","1,458.30",0.22K,1.11%
09/30/2019,"1,465.70","1,495.90","1,495.90","1,463.50",1.08K,-2.23%
09/27/2019,"1,499.10","1,504.20","1,506.10","1,485.60",7.83K,-0.56%
09/26/2019,"1,507.50","1,507.50","1,507.50","1,507.50",8.18K,0.19%
09/25/2019,"1,504.60","1,527.60","1,527.90","1,504.60",0.03K,-1.79%
09/24/2019,"1,532.10","1,515.10","1,533.00","1,515.10",0.03K,0.55%
09/23/2019,"1,523.70","1,515.50","1,523.70","1,515.50",0.01K,1.09%
09/20/2019,"1,507.30","1,503.00","1,507.30","1,503.00",0.00K,0.59%
09/19/2019,"1,498.40","1,496.10","1,502.40","1,496.10",0.01K,-0.60%
09/18/2019,"1,507.50","1,508.90","1,509.40","1,489.30",0.01K,0.16%
09/17/2019,"1,505.10","1,497.90","1,505.10","1,497.90",0.00K,0.13%
09/16/2019,"1,503.10","1,506.60","1,506.80","1,496.90",0.02K,0.82%
09/13/2019,"1,490.90","1,490.90","1,490.90","1,486.90",0.00K,-0.52%
09/12/2019,"1,498.70","1,499.50","1,515.40","1,498.70",0.03K,0.29%
09/11/2019,"1,494.40","1,491.70","1,496.60","1,490.20",0.01K,0.28%
09/10/2019,"1,490.30","1,498.50","1,498.50","1,486.90",0.02K,-0.79%
09/09/2019,"1,502.20","1,509.00","1,513.00","1,498.00",0.07K,-0.27%
09/06/2019,"1,506.20","1,517.30","1,526.00","1,504.50",0.05K,-0.61%
09/05/2019,"1,515.40","1,551.00","1,551.10","1,511.10",0.12K,-2.25%
09/04/2019,"1,550.30","1,549.00","1,553.20","1,534.80",0.05K,0.28%
09/03/2019,"1,545.90","1,522.90","1,547.30","1,521.00",0.14K,1.76%
08/30/2019,"1,519.10","1,524.60","1,530.40","1,516.70",0.28K,-0.48%
08/29/2019,"1,526.50","1,537.50","1,549.30","1,519.60",0.70K,-0.73%
08/28/2019,"1,537.80","1,538.10","1,538.10","1,537.80",2.76K,-0.21%
08/27/2019,"1,541.00","1,530.50","1,542.10","1,528.50",0.17K,0.96%
08/26/2019,"1,526.30","1,543.20","1,543.30","1,524.30",0.33K,-0.02%
08/23/2019,"1,526.60","1,493.50","1,527.60","1,493.50",0.98K,1.96%
08/22/2019,"1,497.30","1,495.10","1,497.30","1,493.80",0.69K,-0.49%
08/21/2019,"1,504.60","1,504.90","1,505.00","1,498.80",0.35K,0.00%
08/20/2019,"1,504.60","1,497.50","1,506.10","1,497.50",0.49K,0.28%
08/19/2019,"1,500.40","1,507.20","1,507.60","1,492.90",0.20K,-0.80%
08/16/2019,"1,512.50","1,524.60","1,524.60","1,504.70",1.81K,-0.47%
08/15/2019,"1,519.60","1,519.80","1,522.70","1,510.60",0.09K,0.24%
08/14/2019,"1,515.90","1,500.00","1,520.50","1,497.00",0.33K,0.91%
08/13/2019,"1,502.20","1,510.40","1,531.40","1,483.70",0.67K,-0.21%
08/12/2019,"1,505.30","1,496.00","1,514.90","1,488.10",0.26K,0.58%
08/09/2019,"1,496.60","1,506.20","1,507.50","1,495.60",0.07K,-0.07%
08/08/2019,"1,497.70","1,498.40","1,508.50","1,492.00",0.37K,-0.64%
08/07/2019,"1,507.30","1,473.50","1,509.90","1,473.20",0.82K,2.37%
08/06/2019,"1,472.40","1,469.70","1,475.00","1,457.70",0.46K,0.53%
08/05/2019,"1,464.60","1,440.40","1,469.70","1,440.40",1.01K,1.31%
08/02/2019,"1,445.60","1,448.00","1,448.00","1,432.30",1.87K,1.74%
08/01/2019,"1,420.90","1,411.30","1,445.20","1,400.90",2.43K,-0.36%
07/31/2019,"1,426.10","1,431.30","1,435.80","1,411.20",3.29K,-0.25%
07/30/2019,"1,429.70","1,426.30","1,433.90","1,422.10",73.87K,0.71%
07/29/2019,"1,419.60","1,419.60","1,419.60","1,419.60",224.27K,0.08%
07/26/2019,"1,418.50","1,422.80","1,423.00","1,418.50",0.01K,0.33%
07/25/2019,"1,413.90","1,413.90","1,413.90","1,413.90",0.00K,-0.63%
07/24/2019,"1,422.80","1,422.80","1,422.80","1,422.80",0.02K,0.19%
07/23/2019,"1,420.10","1,418.60","1,421.30","1,416.30",0.01K,-0.36%
07/22/2019,"1,425.30","1,425.30","1,425.30","1,424.00",0.00K,0.01%
07/19/2019,"1,425.10","1,440.50","1,442.00","1,425.10",0.02K,-0.07%
07/18/2019,"1,426.10","1,422.30","1,444.20","1,419.50",0.07K,0.34%
07/17/2019,"1,421.30","1,404.60","1,421.30","1,404.60",0.01K,0.86%
07/16/2019,"1,409.20","1,413.60","1,413.70","1,405.00",0.01K,-0.16%
07/15/2019,"1,411.40","1,414.40","1,415.00","1,411.40",0.03K,0.11%
07/12/2019,"1,409.90","1,405.60","1,410.10","1,405.60",0.01K,0.40%
07/11/2019,"1,404.30","1,424.00","1,424.00","1,404.30",0.01K,-0.41%
07/10/2019,"1,410.10","1,409.90","1,410.10","1,409.90",0.05K,0.90%
07/09/2019,"1,397.50","1,394.50","1,397.50","1,386.20",0.05K,0.04%
07/08/2019,"1,397.00","1,395.90","1,397.00","1,393.60",0.01K,0.02%
07/05/2019,"1,396.70","1,418.30","1,418.30","1,390.20",0.02K,-1.48%
07/03/2019,"1,417.70","1,431.00","1,434.00","1,413.10",0.05K,0.93%
07/02/2019,"1,404.60","1,391.10","1,418.40","1,390.80",0.04K,1.37%
07/01/2019,"1,385.60","1,386.60","1,395.80","1,382.80",0.21K,-1.71%
06/28/2019,"1,409.70","1,408.30","1,422.00","1,408.30",0.36K,0.09%
06/27/2019,"1,408.40","1,407.00","1,410.80","1,399.80",0.44K,-0.23%
06/26/2019,"1,411.60","1,407.20","1,413.30","1,405.80",1.33K,-0.23%
06/25/2019,"1,414.90","1,418.10","1,433.30","1,414.90",0.10K,0.04%
06/24/2019,"1,414.30","1,406.00","1,420.60","1,402.10",0.12K,1.30%
06/21/2019,"1,396.20","1,406.00","1,406.00","1,390.30",0.04K,0.24%
06/20/2019,"1,392.90","1,381.50","1,392.90","1,379.50",0.08K,3.59%
06/19/2019,"1,344.60","1,344.00","1,344.60","1,344.00",0.13K,-0.15%
06/18/2019,"1,346.60","1,349.30","1,349.30","1,341.60",0.03K,0.59%
06/17/2019,"1,338.70","1,339.00","1,340.30","1,335.00",0.08K,-0.10%
06/14/2019,"1,340.10","1,345.40","1,355.40","1,339.30",0.91K,0.07%
06/13/2019,"1,339.20","1,331.60","1,341.10","1,331.60",0.16K,0.55%
06/12/2019,"1,331.90","1,326.90","1,334.50","1,326.90",0.14K,0.41%
06/11/2019,"1,326.40","1,328.40","1,328.40","1,319.10",0.20K,0.13%
06/10/2019,"1,324.70","1,335.80","1,336.50","1,324.10",0.27K,-1.23%
06/07/2019,"1,341.20","1,333.10","1,347.70","1,329.80",0.24K,0.27%
06/06/2019,"1,337.60","1,330.80","1,338.70","1,326.20",0.16K,0.70%
06/05/2019,"1,328.30","1,328.90","1,343.30","1,326.30",0.62K,0.37%
06/04/2019,"1,323.40","1,324.30","1,328.60","1,320.80",0.30K,0.05%
06/03/2019,"1,322.70","1,307.00","1,327.80","1,307.00",0.81K,1.29%
05/31/2019,"1,305.80","1,287.70","1,306.40","1,287.50",2.81K,1.45%
05/30/2019,"1,287.10","1,279.40","1,288.30","1,273.90",55.57K,0.51%
05/29/2019,"1,280.60","1,280.60","1,280.60","1,280.60",189.69K,0.32%
05/28/2019,"1,276.50","1,276.50","1,276.50","1,276.50",,-0.51%
05/24/2019,"1,283.00","1,283.00","1,283.00","1,283.00",0.01K,-0.14%
05/23/2019,"1,284.80","1,284.80","1,284.80","1,284.80",,0.88%
05/22/2019,"1,273.60","1,273.60","1,273.60","1,273.60",,0.13%
05/21/2019,"1,272.00","1,272.00","1,272.00","1,272.00",,-0.32%
05/20/2019,"1,276.10","1,276.10","1,276.10","1,276.10",0.02K,0.13%
05/17/2019,"1,274.50","1,280.00","1,280.00","1,274.50",0.00K,-0.82%
05/16/2019,"1,285.00","1,285.20","1,285.40","1,285.00",0.00K,-0.87%
05/15/2019,"1,296.30","1,296.90","1,296.90","1,296.00",0.06K,0.12%
05/14/2019,"1,294.70","1,297.80","1,297.80","1,294.70",0.01K,-0.42%
05/13/2019,"1,300.10","1,286.70","1,300.10","1,281.80",0.06K,1.12%
05/10/2019,"1,285.70","1,285.40","1,286.50","1,283.30",0.01K,0.17%
05/09/2019,"1,283.50","1,278.90","1,285.00","1,278.80",0.04K,0.32%
05/08/2019,"1,279.40","1,279.40","1,279.40","1,279.40",0.01K,-0.32%
05/07/2019,"1,283.50","1,280.50","1,283.50","1,280.50",0.01K,0.14%
05/06/2019,"1,281.70","1,282.20","1,282.20","1,280.30",0.01K,0.20%
05/03/2019,"1,279.20","1,270.10","1,279.20","1,270.10",0.01K,0.75%
05/02/2019,"1,269.70","1,269.20","1,270.80","1,266.60",0.06K,-0.91%
05/01/2019,"1,281.40","1,278.70","1,283.30","1,278.70",0.07K,-0.11%
04/30/2019,"1,282.80","1,281.70","1,283.30","1,280.80",0.11K,0.33%
04/29/2019,"1,278.60","1,284.80","1,284.90","1,277.10",0.57K,-0.49%
04/26/2019,"1,284.90","1,284.90","1,284.90","1,284.90",0.80K,0.71%
04/25/2019,"1,275.80","1,280.60","1,280.80","1,275.80",0.10K,0.02%
04/24/2019,"1,275.50","1,268.40","1,275.50","1,267.80",0.52K,0.49%
04/23/2019,"1,269.30","1,266.40","1,269.80","1,266.00",0.21K,-0.33%
04/22/2019,"1,273.50","1,273.50","1,273.50","1,273.50",0.15K,0.13%
04/18/2019,"1,271.90","1,270.80","1,273.60","1,270.10",0.03K,-0.02%
04/17/2019,"1,272.20","1,273.50","1,273.50","1,271.60",0.31K,-0.03%
04/16/2019,"1,272.60","1,285.20","1,285.20","1,272.20",0.64K,-1.10%
04/15/2019,"1,286.80","1,284.80","1,287.30","1,282.30",0.52K,-0.29%
04/12/2019,"1,290.60","1,293.40","1,293.40","1,289.20",0.61K,0.16%
04/11/2019,"1,288.60","1,307.00","1,307.10","1,288.60",0.42K,-1.57%
04/10/2019,"1,309.10","1,304.00","1,309.10","1,301.50",0.07K,0.43%
04/09/2019,"1,303.50","1,298.50","1,304.90","1,298.50",0.03K,0.49%
04/08/2019,"1,297.10","1,292.20","1,302.10","1,291.80",0.06K,0.52%
04/05/2019,"1,290.40","1,292.00","1,292.00","1,283.60",0.18K,0.11%
04/04/2019,"1,289.00","1,290.60","1,292.60","1,279.50",0.27K,-0.07%
04/03/2019,"1,289.90","1,291.40","1,293.10","1,287.50",0.17K,-0.01%
04/02/2019,"1,290.00","1,286.30","1,290.90","1,284.50",0.53K,0.12%
04/01/2019,"1,288.40","1,291.80","1,295.90","1,285.70",0.68K,-0.36%
03/29/2019,"1,293.00","1,289.60","1,298.50","1,286.10",1.26K,0.25%
03/28/2019,"1,289.80","1,308.40","1,311.10","1,287.70",87.80K,-1.53%
03/27/2019,"1,309.90","1,309.90","1,309.90","1,309.90",206.26K,-0.33%
03/26/2019,"1,314.30","1,315.60","1,315.60","1,314.30",0.00K,-0.57%
03/25/2019,"1,321.90","1,320.70","1,322.90","1,320.70",0.02K,0.79%
03/22/2019,"1,311.60","1,311.60","1,311.60","1,311.60",,0.42%
03/21/2019,"1,306.10","1,306.10","1,306.10","1,306.10",,0.43%
03/20/2019,"1,300.50","1,300.70","1,300.70","1,300.50",0.00K,-0.34%
03/19/2019,"1,305.00","1,306.90","1,306.90","1,304.80",0.02K,0.36%
03/18/2019,"1,300.30","1,297.30","1,302.20","1,297.30",0.01K,-0.12%
03/15/2019,"1,301.80","1,300.90","1,304.70","1,300.50",0.03K,0.65%
03/14/2019,"1,293.40","1,293.40","1,293.40","1,293.40",0.00K,-1.08%
03/13/2019,"1,307.50","1,307.50","1,307.50","1,307.50",,0.86%
03/12/2019,"1,296.30","1,294.70","1,296.30","1,294.70",0.00K,0.58%
03/11/2019,"1,288.80","1,291.00","1,291.00","1,288.80",0.01K,-0.63%
03/08/2019,"1,297.00","1,292.10","1,297.40","1,291.60",0.01K,1.03%
03/07/2019,"1,283.80","1,281.00","1,284.60","1,281.00",0.01K,-0.09%
03/06/2019,"1,284.90","1,287.10","1,287.10","1,282.60",0.01K,0.23%
03/05/2019,"1,282.00","1,287.00","1,287.00","1,282.00",0.11K,-0.22%
03/04/2019,"1,284.80","1,285.50","1,287.00","1,281.90",0.03K,-0.89%
03/01/2019,"1,296.40","1,312.20","1,312.20","1,288.90",0.11K,-1.25%
02/28/2019,"1,312.80","1,321.10","1,323.70","1,311.50",0.14K,-0.37%
02/27/2019,"1,317.70","1,327.70","1,327.90","1,316.50",0.60K,-0.56%
02/26/2019,"1,325.10","1,323.30","1,325.50","1,323.30",0.94K,-0.06%
02/25/2019,"1,325.90","1,329.20","1,331.60","1,325.60",0.18K,-0.25%
02/22/2019,"1,329.20","1,324.20","1,331.30","1,321.00",0.72K,0.43%
02/21/2019,"1,323.50","1,331.30","1,334.90","1,320.90",0.41K,-1.47%
02/20/2019,"1,343.30","1,342.20","1,344.00","1,338.00",0.58K,0.24%
02/19/2019,"1,340.10","1,320.90","1,340.10","1,320.50",0.39K,1.67%
02/15/2019,"1,318.10","1,313.60","1,318.80","1,313.60",0.19K,0.63%
02/14/2019,"1,309.80","1,305.00","1,311.80","1,301.60",0.86K,-0.08%
02/13/2019,"1,310.80","1,311.60","1,316.00","1,308.10",0.14K,0.12%
02/12/2019,"1,309.20","1,310.00","1,312.00","1,307.60",0.11K,0.17%
02/11/2019,"1,307.00","1,313.40","1,313.40","1,304.70",0.12K,-0.51%
02/08/2019,"1,313.70","1,309.50","1,314.00","1,307.80",0.12K,0.33%
02/07/2019,"1,309.40","1,302.90","1,310.40","1,302.20",0.20K,-0.01%
02/06/2019,"1,309.50","1,312.50","1,313.50","1,305.00",0.36K,-0.36%
02/05/2019,"1,314.20","1,311.10","1,315.10","1,311.00",0.36K,-0.01%
02/04/2019,"1,314.30","1,318.10","1,318.10","1,308.30",0.68K,-0.20%
02/01/2019,"1,316.90","1,320.30","1,320.70","1,315.40",0.88K,-0.21%
01/31/2019,"1,319.70","1,320.00","1,325.40","1,316.70",1.97K,0.75%
01/30/2019,"1,309.90","1,310.40","1,323.40","1,308.10",54.96K,0.13%
01/29/2019,"1,308.20","1,308.20","1,308.20","1,308.20",213.61K,0.45%
01/28/2019,"1,302.40","1,300.80","1,307.10","1,298.40",0.05K,0.39%
01/25/2019,"1,297.40","1,297.40","1,297.40","1,297.40",,1.43%
01/24/2019,"1,279.10","1,279.10","1,279.10","1,278.50",0.00K,-0.31%
01/23/2019,"1,283.10","1,281.70","1,283.90","1,278.70",0.01K,0.05%
01/22/2019,"1,282.50","1,282.50","1,283.30","1,282.50",0.01K,0.09%
01/18/2019,"1,281.30","1,281.30","1,281.30","1,281.30",0.00K,-0.75%
01/17/2019,"1,291.00","1,291.60","1,292.70","1,288.50",0.01K,-0.05%
01/16/2019,"1,291.60","1,291.60","1,291.60","1,291.60",0.00K,0.42%
01/15/2019,"1,286.20","1,290.10","1,292.70","1,286.20",0.00K,-0.22%
01/14/2019,"1,289.10","1,292.40","1,293.90","1,289.10",0.01K,0.16%
01/11/2019,"1,287.10","1,291.20","1,291.20","1,286.30",0.01K,0.19%
01/10/2019,"1,284.70","1,284.70","1,284.70","1,284.70",,-0.36%
01/09/2019,"1,289.30","1,279.40","1,289.30","1,279.20",0.10K,0.48%
01/08/2019,"1,283.20","1,280.50","1,283.20","1,278.20",0.05K,-0.28%
01/07/2019,"1,286.80","1,286.80","1,286.80","1,286.60",0.00K,0.32%
01/04/2019,"1,282.70","1,294.20","1,294.20","1,275.30",0.03K,-0.70%
01/03/2019,"1,291.80","1,286.80","1,292.00","1,286.70",0.01K,0.84%
01/02/2019,"1,281.00","1,286.00","1,286.00","1,277.60",0.15K,0.21%
12/31/2018,"1,278.30","1,278.00","1,281.30","1,277.60",0.02K,-0.13%
12/28/2018,"1,279.90","1,273.50","1,280.10","1,273.50",0.81K,0.20%
12/27/2018,"1,277.30","1,276.70","1,277.30","1,276.70",0.48K,0.64%
12/26/2018,"1,269.20","1,269.30","1,277.40","1,269.20",0.06K,0.13%
12/24/2018,"1,267.50","1,260.30","1,268.50","1,260.30",0.03K,1.09%
12/21/2018,"1,253.80","1,260.30","1,261.30","1,253.80",0.10K,-0.78%
12/20/2018,"1,263.60","1,243.20","1,263.60","1,243.20",0.05K,0.92%
12/19/2018,"1,252.10","1,255.80","1,255.80","1,252.10",0.27K,0.23%
12/18/2018,"1,249.20","1,248.20","1,249.20","1,245.60",0.03K,0.14%
12/17/2018,"1,247.40","1,239.30","1,247.40","1,239.30",0.01K,0.84%
12/14/2018,"1,237.00","1,241.70","1,241.70","1,234.10",0.03K,-0.46%
12/13/2018,"1,242.70","1,243.50","1,243.50","1,241.00",0.19K,-0.14%
12/12/2018,"1,244.40","1,245.30","1,245.60","1,244.10",0.08K,0.20%
12/11/2018,"1,241.90","1,245.80","1,248.70","1,241.50",0.12K,-0.14%
12/10/2018,"1,243.70","1,249.60","1,249.60","1,241.70",0.13K,-0.25%
12/07/2018,"1,246.80","1,238.30","1,249.80","1,237.60",0.21K,0.70%
12/06/2018,"1,238.10","1,237.50","1,244.40","1,234.80",0.43K,-0.24%
12/04/2018,"1,241.10","1,231.00","1,241.40","1,230.40",0.47K,0.58%
12/03/2018,"1,233.90","1,222.50","1,234.10","1,221.30",0.75K,1.12%
11/30/2018,"1,220.20","1,224.10","1,225.00","1,216.10",2.06K,-0.32%
11/29/2018,"1,224.10","1,221.00","1,228.70","1,220.50",55.48K,0.22%
11/28/2018,"1,221.40","1,211.50","1,221.40","1,211.50",247.17K,0.84%
11/27/2018,"1,211.20","1,221.90","1,222.00","1,211.20",0.01K,-0.74%
11/26/2018,"1,220.20","1,220.20","1,222.00","1,220.20",0.00K,-0.07%
11/23/2018,"1,221.00","1,224.80","1,224.80","1,221.00",0.00K,-0.39%
11/21/2018,"1,225.80","1,225.80","1,225.80","1,225.80",,0.56%
11/20/2018,"1,219.00","1,225.30","1,228.80","1,219.00",0.01K,-0.34%
11/19/2018,"1,223.10","1,223.10","1,223.10","1,223.10",,0.19%
11/16/2018,"1,220.80","1,216.70","1,223.80","1,216.70",0.01K,0.66%
11/15/2018,"1,212.80","1,212.80","1,212.80","1,212.80",,0.41%
11/14/2018,"1,207.90","1,207.90","1,207.90","1,207.90",,0.73%
11/13/2018,"1,199.20","1,196.30","1,201.30","1,196.30",0.01K,-0.17%
11/12/2018,"1,201.30","1,201.60","1,201.60","1,201.30",0.00K,-0.42%
11/09/2018,"1,206.40","1,207.90","1,207.90","1,206.40",0.01K,-1.35%
11/08/2018,"1,222.90","1,222.90","1,222.90","1,222.90",0.00K,-0.27%
11/07/2018,"1,226.20","1,228.60","1,228.60","1,226.20",0.00K,0.20%
11/06/2018,"1,223.80","1,230.70","1,233.80","1,223.80",0.00K,-0.49%
11/05/2018,"1,229.80","1,230.60","1,231.50","1,226.70",0.01K,-0.09%
11/02/2018,"1,230.90","1,233.30","1,233.30","1,230.90",0.02K,-0.41%
11/01/2018,"1,236.00","1,215.40","1,236.00","1,215.40",0.01K,1.95%
10/31/2018,"1,212.30","1,216.00","1,216.60","1,212.00",0.12K,-0.84%
10/30/2018,"1,222.60","1,227.70","1,227.70","1,219.80",0.07K,-0.16%
10/29/2018,"1,224.50","1,224.50","1,224.50","1,224.50",0.21K,-0.65%
10/26/2018,"1,232.50","1,234.30","1,234.80","1,232.50",0.02K,0.28%
10/25/2018,"1,229.10","1,238.60","1,238.60","1,229.10",0.01K,0.11%
10/24/2018,"1,227.80","1,231.60","1,231.60","1,227.80",0.04K,-0.45%
10/23/2018,"1,233.40","1,224.80","1,237.80","1,224.80",0.03K,1.00%
10/22/2018,"1,221.20","1,224.50","1,224.50","1,219.60",0.02K,-0.33%
10/19/2018,"1,225.30","1,225.30","1,225.30","1,225.30",0.06K,-0.10%
10/18/2018,"1,226.50","1,226.50","1,226.50","1,226.50",0.17K,0.23%
10/17/2018,"1,223.70","1,225.90","1,225.90","1,223.70",0.00K,-0.29%
10/16/2018,"1,227.30","1,227.10","1,230.50","1,227.10",0.43K,0.07%
10/15/2018,"1,226.40","1,222.40","1,232.30","1,222.40",0.14K,0.68%
10/12/2018,"1,218.10","1,221.60","1,221.60","1,216.00",0.12K,-0.44%
10/11/2018,"1,223.50","1,198.10","1,224.60","1,196.30",0.13K,2.88%
10/10/2018,"1,189.30","1,189.30","1,192.00","1,189.30",1.08K,0.18%
10/09/2018,"1,187.20","1,185.60","1,189.10","1,185.60",0.01K,0.24%
10/08/2018,"1,184.40","1,201.00","1,201.00","1,183.70",0.25K,-1.40%
10/05/2018,"1,201.20","1,197.10","1,205.30","1,196.90",0.03K,0.33%
10/04/2018,"1,197.20","1,199.30","1,204.60","1,197.20",0.50K,-0.09%
10/03/2018,"1,198.30","1,202.60","1,202.60","1,196.60",0.08K,-0.34%
10/02/2018,"1,202.40","1,193.00","1,206.00","1,190.30",0.45K,1.29%
10/01/2018,"1,187.10","1,191.60","1,191.60","1,185.80",0.18K,-0.37%
09/28/2018,"1,191.50","1,181.70","1,191.90","1,180.00",0.40K,0.78%
09/27/2018,"1,182.30","1,194.60","1,197.30","1,180.50",4.95K,-0.98%
09/26/2018,"1,194.00","1,194.00","1,194.00","1,194.00",17.86K,-0.50%
09/25/2018,"1,200.00","1,202.10","1,202.80","1,200.00",0.02K,0.06%
09/24/2018,"1,199.30","1,199.30","1,199.30","1,199.30",,0.26%
09/21/2018,"1,196.20","1,196.20","1,196.20","1,196.20",,-0.83%
09/20/2018,"1,206.20","1,206.20","1,206.20","1,206.20",,0.33%
09/19/2018,"1,202.20","1,202.20","1,202.20","1,202.20",,0.45%
09/18/2018,"1,196.80","1,198.70","1,198.70","1,196.80",0.00K,-0.24%
09/17/2018,"1,199.70","1,199.70","1,199.70","1,199.70",,0.39%
09/14/2018,"1,195.00","1,195.00","1,195.00","1,195.00",0.00K,-0.58%
09/13/2018,"1,202.00","1,203.40","1,203.40","1,200.00",0.02K,-0.22%
09/12/2018,"1,204.70","1,205.00","1,205.00","1,204.70",0.04K,0.78%
09/11/2018,"1,195.40","1,190.40","1,196.30","1,190.40",0.02K,0.20%
09/10/2018,"1,193.00","1,193.00","1,193.00","1,193.00",0.01K,-0.05%
09/07/2018,"1,193.60","1,198.30","1,198.30","1,193.10",0.03K,-0.36%
09/06/2018,"1,197.90","1,202.00","1,202.00","1,197.90",0.01K,0.25%
09/05/2018,"1,194.90","1,192.50","1,196.00","1,192.50",0.02K,0.18%
09/04/2018,"1,192.70","1,193.80","1,193.80","1,189.90",0.03K,-0.63%
08/31/2018,"1,200.30","1,207.10","1,208.20","1,199.10",0.19K,0.22%
08/30/2018,"1,197.70","1,205.40","1,205.60","1,196.00",0.49K,-0.56%
08/29/2018,"1,204.50","1,205.20","1,205.20","1,202.40",0.82K,-0.24%
08/28/2018,"1,207.40","1,209.70","1,217.00","1,202.30",0.14K,-0.13%
08/27/2018,"1,209.00","1,210.30","1,211.40","1,205.20",0.15K,0.22%
08/24/2018,"1,206.30","1,185.30","1,208.00","1,185.30",0.01K,1.63%
08/23/2018,"1,187.00","1,189.30","1,190.30","1,184.90",0.10K,-0.78%
08/22/2018,"1,196.30","1,194.70","1,196.30","1,194.70",0.02K,0.31%
08/21/2018,"1,192.60","1,189.80","1,192.60","1,189.80",0.02K,0.49%
08/20/2018,"1,186.80","1,184.80","1,190.00","1,184.40",0.07K,0.88%
08/17/2018,"1,176.50","1,174.70","1,181.20","1,174.70",0.07K,0.03%
08/16/2018,"1,176.20","1,173.20","1,180.20","1,161.40",0.12K,-0.11%
08/15/2018,"1,177.50","1,187.80","1,188.10","1,174.60",0.07K,-1.30%
08/14/2018,"1,193.00","1,193.10","1,197.50","1,192.80",0.09K,0.14%
08/13/2018,"1,191.30","1,207.00","1,207.40","1,191.30",0.08K,-1.63%
08/10/2018,"1,211.10","1,212.50","1,216.40","1,205.60",0.07K,-0.07%
08/09/2018,"1,211.90","1,214.50","1,215.30","1,211.60",0.04K,-0.06%
08/08/2018,"1,212.60","1,212.00","1,215.20","1,205.90",0.21K,0.25%
08/07/2018,"1,209.60","1,207.80","1,214.80","1,207.80",0.71K,0.08%
08/06/2018,"1,208.60","1,214.40","1,214.40","1,206.60",0.30K,-0.46%
08/03/2018,"1,214.20","1,206.50","1,218.60","1,205.10",0.78K,0.30%
08/02/2018,"1,210.60","1,214.70","1,219.30","1,205.80",0.41K,-0.60%
08/01/2018,"1,217.90","1,222.90","1,223.70","1,214.40",1.03K,-0.47%
07/31/2018,"1,223.70","1,220.40","1,228.10","1,213.00",2.72K,0.20%
07/30/2018,"1,221.30","1,222.50","1,223.90","1,218.10",62.24K,-0.11%
07/27/2018,"1,222.60","1,222.60","1,222.60","1,222.60",254.43K,-0.22%
07/26/2018,"1,225.30","1,227.80","1,227.80","1,225.30",0.00K,-0.50%
07/25/2018,"1,231.40","1,231.40","1,231.40","1,231.40",,0.61%
07/24/2018,"1,223.90","1,223.90","1,223.90","1,223.90",,-0.01%
07/23/2018,"1,224.00","1,222.00","1,224.00","1,222.00",0.00K,-0.45%
07/20/2018,"1,229.50","1,229.50","1,229.50","1,229.50",,0.58%
07/19/2018,"1,222.40","1,227.20","1,228.00","1,211.70",0.03K,-0.32%
07/18/2018,"1,226.30","1,226.70","1,226.70","1,222.20",0.07K,0.05%
07/17/2018,"1,225.70","1,225.70","1,225.70","1,225.70",,-1.00%
07/16/2018,"1,238.10","1,242.70","1,243.80","1,238.10",0.00K,-0.12%
07/13/2018,"1,239.60","1,244.70","1,247.00","1,239.60",0.00K,-0.43%
07/12/2018,"1,245.00","1,240.90","1,246.70","1,240.90",0.01K,0.18%
07/11/2018,"1,242.80","1,253.20","1,253.20","1,242.80",0.03K,-0.88%
07/10/2018,"1,253.80","1,256.20","1,256.90","1,249.30",0.07K,-0.34%
07/09/2018,"1,258.10","1,258.20","1,262.30","1,257.70",0.04K,0.30%
07/06/2018,"1,254.30","1,255.50","1,255.50","1,254.30",0.01K,-0.24%
07/05/2018,"1,257.30","1,255.50","1,257.30","1,253.60",0.01K,0.46%
07/03/2018,"1,251.60","1,238.10","1,254.10","1,237.00",0.04K,0.95%
07/02/2018,"1,239.80","1,249.90","1,249.90","1,239.80",0.03K,-0.92%
06/29/2018,"1,251.30","1,250.30","1,253.30","1,249.10",0.05K,0.28%
06/28/2018,"1,247.80","1,251.70","1,251.70","1,244.80",0.38K,-0.40%
06/27/2018,"1,252.80","1,255.50","1,255.50","1,252.30",1.16K,-0.30%
06/26/2018,"1,256.60","1,267.20","1,267.20","1,256.60",0.09K,-0.71%
06/25/2018,"1,265.60","1,270.60","1,271.20","1,265.60",0.04K,-0.14%
06/22/2018,"1,267.40","1,268.10","1,270.20","1,267.00",0.07K,0.02%
06/21/2018,"1,267.20","1,262.70","1,268.90","1,260.00",0.05K,-0.31%
06/20/2018,"1,271.20","1,274.40","1,274.40","1,271.20",0.01K,-0.34%
06/19/2018,"1,275.60","1,278.70","1,281.80","1,269.90",0.03K,-0.05%
06/18/2018,"1,276.20","1,280.70","1,280.70","1,276.20",0.04K,0.13%
06/15/2018,"1,274.60","1,297.20","1,307.70","1,274.00",0.59K,-2.25%
06/14/2018,"1,304.00","1,297.20","1,307.70","1,297.20",0.04K,0.55%
06/13/2018,"1,296.90","1,294.00","1,299.40","1,290.90",0.14K,0.14%
06/12/2018,"1,295.10","1,297.80","1,298.10","1,292.70",0.15K,-0.29%
06/11/2018,"1,298.90","1,299.30","1,302.00","1,295.20",0.07K,0.06%
06/08/2018,"1,298.10","1,295.30","1,299.40","1,294.80",0.65K,-0.05%
06/07/2018,"1,298.70","1,298.40","1,302.80","1,296.20",0.08K,0.12%
06/06/2018,"1,297.10","1,296.10","1,300.40","1,294.10",0.37K,-0.03%
06/05/2018,"1,297.50","1,292.10","1,299.80","1,289.90",0.36K,0.34%
06/04/2018,"1,293.10","1,293.90","1,297.10","1,290.00",0.14K,-0.13%
06/01/2018,"1,294.80","1,298.60","1,299.50","1,288.90",0.66K,-0.41%
05/31/2018,"1,300.10","1,301.00","1,306.80","1,296.60",4.08K,-0.11%
05/30/2018,"1,301.50","1,298.00","1,303.70","1,295.20",50.84K,0.22%
05/29/2018,"1,298.70","1,298.70","1,298.70","1,298.70",386.33K,-0.35%
05/25/2018,"1,303.30","1,303.30","1,303.30","1,303.30",0.00K,-0.03%
05/24/2018,"1,303.70","1,303.70","1,303.70","1,303.70",,1.12%
05/23/2018,"1,289.30","1,289.30","1,289.30","1,289.30",0.01K,-0.19%
05/22/2018,"1,291.70","1,291.70","1,291.70","1,291.70",0.05K,0.12%
05/21/2018,"1,290.20","1,287.40","1,292.10","1,287.40",0.05K,0.00%
05/18/2018,"1,290.20","1,285.20","1,290.20","1,285.20",0.00K,0.16%
05/17/2018,"1,288.20","1,291.30","1,291.30","1,288.20",0.00K,-0.16%
05/16/2018,"1,290.20","1,290.90","1,294.00","1,285.40",0.03K,0.10%
05/15/2018,"1,288.90","1,304.60","1,304.70","1,288.90",0.01K,-2.10%
05/14/2018,"1,316.50","1,319.90","1,319.90","1,316.50",0.00K,-0.19%
05/11/2018,"1,319.00","1,319.00","1,319.00","1,319.00",0.00K,-0.14%
05/10/2018,"1,320.80","1,312.20","1,320.80","1,312.20",0.01K,0.72%
05/09/2018,"1,311.30","1,311.30","1,311.30","1,311.30",0.07K,-0.05%
05/08/2018,"1,312.00","1,310.10","1,312.00","1,308.50",0.34K,-0.02%
05/07/2018,"1,312.20","1,310.60","1,312.50","1,310.20",0.00K,-0.04%
05/04/2018,"1,312.70","1,312.70","1,312.70","1,312.70",,0.15%
05/03/2018,"1,310.70","1,310.70","1,310.70","1,310.70",0.00K,0.62%
05/02/2018,"1,302.60","1,309.00","1,309.30","1,302.60",0.02K,-0.09%
05/01/2018,"1,303.80","1,313.20","1,313.80","1,303.40",0.03K,-0.94%
04/30/2018,"1,316.20","1,309.60","1,316.20","1,309.60",0.05K,-0.31%
04/27/2018,"1,320.30","1,315.30","1,321.70","1,312.80",0.62K,0.30%
04/26/2018,"1,316.30","1,315.70","1,316.30","1,315.70",0.57K,-0.37%
04/25/2018,"1,321.20","1,324.00","1,325.00","1,320.00",0.28K,-0.77%
04/24/2018,"1,331.40","1,326.40","1,331.70","1,326.20",0.03K,0.67%
04/23/2018,"1,322.50","1,334.00","1,334.40","1,322.50",0.07K,-1.06%
04/20/2018,"1,336.70","1,342.50","1,343.40","1,335.30",0.31K,-0.75%
04/19/2018,"1,346.80","1,348.60","1,355.20","1,341.60",0.39K,-0.33%
04/18/2018,"1,351.20","1,343.50","1,354.20","1,343.50",0.04K,0.30%
04/17/2018,"1,347.20","1,348.00","1,348.10","1,339.00",0.41K,-0.02%
04/16/2018,"1,347.50","1,341.00","1,348.80","1,341.00",0.06K,0.20%
04/13/2018,"1,344.80","1,335.90","1,346.00","1,335.90",0.07K,0.48%
04/12/2018,"1,338.40","1,351.20","1,351.50","1,334.60",0.03K,-1.33%
04/11/2018,"1,356.50","1,340.10","1,365.40","1,340.10",0.12K,1.08%
04/10/2018,"1,342.00","1,335.20","1,342.00","1,333.00",0.10K,0.43%
04/09/2018,"1,336.30","1,333.00","1,337.50","1,327.00",0.29K,0.33%
04/06/2018,"1,331.90","1,326.50","1,333.00","1,319.00",0.35K,0.57%
04/05/2018,"1,324.30","1,333.50","1,333.70","1,322.60",0.26K,-0.86%
04/04/2018,"1,335.80","1,331.80","1,347.30","1,331.60",0.72K,0.23%
04/03/2018,"1,332.80","1,340.40","1,341.50","1,328.50",0.70K,-0.69%
04/02/2018,"1,342.10","1,327.00","1,344.20","1,324.70",0.65K,1.46%
03/29/2018,"1,322.80","1,324.00","1,327.10","1,321.70",5.58K,-0.11%
03/28/2018,"1,324.20","1,345.00","1,346.40","1,322.40",59.28K,-1.27%
03/27/2018,"1,341.30","1,341.00","1,341.30","1,341.00",290.89K,-0.97%
03/26/2018,"1,354.40","1,348.50","1,354.40","1,345.10",0.01K,0.38%
03/23/2018,"1,349.30","1,343.20","1,349.30","1,343.20",0.01K,1.71%
03/22/2018,"1,326.60","1,326.60","1,326.60","1,326.60",,0.45%
03/21/2018,"1,320.70","1,312.40","1,328.80","1,312.40",0.03K,0.73%
03/20/2018,"1,311.10","1,311.10","1,311.10","1,311.10",0.00K,-0.43%
03/19/2018,"1,316.80","1,309.40","1,316.90","1,307.30",0.01K,0.42%
03/16/2018,"1,311.30","1,310.10","1,311.30","1,310.10",0.03K,-0.42%
03/15/2018,"1,316.80","1,316.80","1,316.80","1,316.80",,-0.57%
03/14/2018,"1,324.40","1,322.20","1,324.40","1,322.20",0.02K,-0.11%
03/13/2018,"1,325.90","1,325.90","1,325.90","1,325.30",0.01K,0.49%
03/12/2018,"1,319.40","1,319.40","1,319.40","1,319.40",,-0.23%
03/09/2018,"1,322.40","1,316.80","1,322.40","1,313.00",0.09K,0.19%
03/08/2018,"1,319.90","1,324.80","1,326.80","1,319.30",0.06K,-0.46%
03/07/2018,"1,326.00","1,338.10","1,338.10","1,326.00",0.03K,-0.57%
03/06/2018,"1,333.60","1,321.60","1,333.60","1,321.40",0.02K,1.18%
03/05/2018,"1,318.10","1,323.50","1,325.90","1,318.10",0.02K,-0.23%
03/02/2018,"1,321.10","1,314.30","1,323.20","1,314.30",0.15K,1.40%
03/01/2018,"1,302.90","1,310.40","1,318.10","1,301.80",0.04K,-0.96%
02/28/2018,"1,315.50","1,315.40","1,321.00","1,315.40",0.06K,0.00%
02/27/2018,"1,315.50","1,331.70","1,332.60","1,312.70",0.71K,-1.14%
02/26/2018,"1,330.70","1,335.00","1,340.50","1,330.70",0.65K,0.19%
02/23/2018,"1,328.20","1,328.00","1,332.10","1,327.70",0.43K,-0.18%
02/22/2018,"1,330.60","1,322.00","1,331.40","1,322.00",0.07K,0.05%
02/21/2018,"1,330.00","1,326.80","1,331.50","1,324.40",0.12K,0.09%
02/20/2018,"1,328.80","1,348.40","1,350.20","1,328.50",0.28K,-1.80%
02/16/2018,"1,353.20","1,354.00","1,361.40","1,344.90",0.11K,0.08%
02/15/2018,"1,352.10","1,352.00","1,355.90","1,349.70",0.11K,-0.25%
02/14/2018,"1,355.50","1,332.80","1,355.50","1,324.00",0.40K,2.06%
02/13/2018,"1,328.10","1,324.50","1,329.60","1,323.40",0.07K,0.29%
02/12/2018,"1,324.20","1,323.80","1,325.50","1,318.00",0.14K,0.85%
02/09/2018,"1,313.10","1,320.90","1,322.00","1,311.90",0.45K,-0.29%
02/08/2018,"1,316.90","1,317.10","1,321.10","1,307.00",0.46K,0.40%
02/07/2018,"1,311.60","1,325.40","1,331.10","1,310.50",0.49K,-1.09%
02/06/2018,"1,326.10","1,338.20","1,343.70","1,319.50",0.53K,-0.52%
02/05/2018,"1,333.00","1,331.10","1,340.20","1,329.00",0.64K,-0.05%
02/02/2018,"1,333.70","1,348.50","1,352.10","1,327.70",2.84K,-0.79%
02/01/2018,"1,344.30","1,343.80","1,350.60","1,336.80",1.68K,0.40%
01/31/2018,"1,339.00","1,337.50","1,346.90","1,331.80",4.88K,0.27%
01/30/2018,"1,335.40","1,338.70","1,347.80","1,332.80",52.10K,-1.20%
01/26/2018,"1,351.60","1,351.60","1,352.00","1,350.90",280.55K,-0.79%
01/25/2018,"1,362.40","1,356.30","1,362.40","1,346.70",0.00K,0.48%
01/24/2018,"1,355.90","1,355.90","1,357.20","1,355.90",0.02K,1.51%
01/23/2018,"1,335.70","1,335.80","1,335.90","1,335.70",0.05K,0.36%
01/22/2018,"1,330.90","1,328.40","1,330.90","1,328.40",0.16K,-0.08%
01/19/2018,"1,331.90","1,330.10","1,333.00","1,330.10",0.05K,0.44%
01/18/2018,"1,326.00","1,328.90","1,328.90","1,326.00",0.21K,-0.90%
01/17/2018,"1,338.00","1,334.40","1,338.00","1,326.80",0.03K,0.19%
01/16/2018,"1,335.40","1,331.10","1,335.40","1,331.00",0.01K,0.15%
01/12/2018,"1,333.40","1,327.80","1,338.20","1,327.80",0.01K,0.97%
01/11/2018,"1,320.60","1,317.10","1,320.60","1,316.30",0.01K,0.24%
01/10/2018,"1,317.40","1,320.30","1,320.70","1,315.30",0.07K,0.43%
01/09/2018,"1,311.70","1,309.60","1,311.70","1,309.60",0.02K,-0.52%
01/08/2018,"1,318.60","1,319.90","1,319.90","1,314.60",0.04K,-0.13%
01/05/2018,"1,320.30","1,320.30","1,320.30","1,320.30",0.00K,0.07%
01/04/2018,"1,319.40","1,319.40","1,322.00","1,319.40",0.00K,0.24%
01/03/2018,"1,316.20","1,320.00","1,320.10","1,312.10",0.04K,0.19%
01/02/2018,"1,313.70","1,302.30","1,317.60","1,302.30",0.07K,0.57%
12/29/2017,"1,306.30","1,294.20","1,306.30","1,294.00",0.07K,0.94%
12/28/2017,"1,294.10","1,288.20","1,294.10","1,288.20",0.24K,0.55%
12/27/2017,"1,287.00","1,284.00","1,287.00","1,284.00",0.46K,0.23%
12/26/2017,"1,284.10","1,282.40","1,284.10","1,281.80",0.08K,0.68%
12/22/2017,"1,275.40","1,266.30","1,276.30","1,266.30",0.12K,0.64%
12/21/2017,"1,267.30","1,266.40","1,267.40","1,264.30",0.23K,0.09%
12/20/2017,"1,266.10","1,261.30","1,266.60","1,261.30",0.06K,0.43%
12/19/2017,"1,260.70","1,261.10","1,264.30","1,259.50",0.33K,-0.12%
12/18/2017,"1,262.20","1,256.20","1,262.40","1,255.70",0.04K,0.63%
12/15/2017,"1,254.30","1,253.10","1,260.30","1,253.10",0.58K,0.04%
12/14/2017,"1,253.80","1,252.90","1,257.70","1,250.30",0.14K,0.67%
12/13/2017,"1,245.40","1,241.90","1,254.50","1,239.80",0.35K,0.56%
12/12/2017,"1,238.50","1,241.30","1,244.40","1,236.50",0.69K,-0.42%
12/11/2017,"1,243.70","1,248.40","1,249.20","1,239.90",0.15K,-0.12%
12/08/2017,"1,245.20","1,246.30","1,249.30","1,241.50",0.16K,-0.37%
12/07/2017,"1,249.80","1,262.30","1,262.40","1,243.90",0.36K,-1.03%
12/06/2017,"1,262.80","1,264.90","1,267.80","1,261.60",0.37K,0.10%
12/05/2017,"1,261.60","1,275.40","1,275.80","1,260.00",1.50K,-1.00%
12/04/2017,"1,274.30","1,272.50","1,276.10","1,270.30",0.85K,-0.35%
12/01/2017,"1,278.80","1,274.10","1,288.60","1,271.00",0.82K,0.44%
11/30/2017,"1,273.20","1,283.10","1,284.50","1,269.70",3.05K,-0.69%
11/29/2017,"1,282.10","1,293.40","1,296.20","1,281.10",47.24K,-0.97%
11/28/2017,"1,294.70","1,294.70","1,294.70","1,294.70",275.44K,0.07%
11/27/2017,"1,293.80","1,293.80","1,293.80","1,293.80",0.00K,0.55%
11/24/2017,"1,286.70","1,286.70","1,286.70","1,286.70",,-0.38%
11/22/2017,"1,291.60","1,284.70","1,291.60","1,282.90",0.00K,0.82%
11/21/2017,"1,281.10","1,281.10","1,281.10","1,281.10",0.00K,0.51%
11/20/2017,"1,274.60","1,274.60","1,275.90","1,274.60",0.00K,-1.64%
11/17/2017,"1,295.80","1,288.30","1,295.80","1,288.30",0.00K,1.44%
11/16/2017,"1,277.40","1,277.50","1,277.50","1,277.40",0.04K,0.07%
11/15/2017,"1,276.50","1,281.40","1,284.70","1,275.90",0.01K,-0.39%
11/14/2017,"1,281.50","1,276.90","1,281.50","1,276.90",0.00K,0.33%
11/13/2017,"1,277.30","1,277.30","1,277.30","1,277.00",0.00K,0.39%
11/10/2017,"1,272.40","1,283.50","1,283.50","1,272.40",0.01K,-1.03%
11/09/2017,"1,285.60","1,279.70","1,286.90","1,279.70",0.02K,0.31%
11/08/2017,"1,281.60","1,275.90","1,284.90","1,274.70",0.01K,0.62%
11/07/2017,"1,273.70","1,276.80","1,276.80","1,270.40",0.01K,-0.45%
11/06/2017,"1,279.40","1,269.00","1,280.50","1,269.00",0.13K,1.02%
11/03/2017,"1,266.50","1,265.30","1,267.90","1,265.30",0.07K,-0.66%
11/02/2017,"1,274.90","1,274.90","1,274.90","1,274.90",0.07K,0.06%
11/01/2017,"1,274.10","1,272.20","1,274.80","1,270.30",0.08K,0.56%
10/31/2017,"1,267.00","1,273.10","1,274.60","1,266.10",0.23K,-0.56%
10/30/2017,"1,274.10","1,270.00","1,274.10","1,267.90",0.22K,0.44%
10/27/2017,"1,268.50","1,268.40","1,268.50","1,267.10",0.57K,0.17%
10/26/2017,"1,266.30","1,273.50","1,273.50","1,264.70",0.04K,-0.71%
10/25/2017,"1,275.40","1,269.90","1,275.40","1,269.90",0.10K,0.03%
10/24/2017,"1,275.00","1,275.50","1,275.50","1,273.70",0.11K,-0.21%
10/23/2017,"1,277.70","1,274.70","1,280.80","1,271.50",0.12K,0.02%
10/20/2017,"1,277.40","1,279.60","1,279.60","1,277.40",0.30K,-0.74%
10/19/2017,"1,286.90","1,286.40","1,286.90","1,285.10",0.13K,0.55%
10/18/2017,"1,279.90","1,279.90","1,279.90","1,279.90",0.16K,-0.24%
10/17/2017,"1,283.00","1,295.10","1,295.10","1,283.00",0.57K,-1.30%
10/16/2017,"1,299.90","1,302.00","1,303.80","1,291.90",0.17K,-0.12%
10/13/2017,"1,301.50","1,293.30","1,301.70","1,291.70",0.07K,0.63%
10/12/2017,"1,293.30","1,291.50","1,294.50","1,289.30",0.01K,0.58%
10/11/2017,"1,285.80","1,287.30","1,292.00","1,284.90",0.02K,-0.37%
10/10/2017,"1,290.60","1,282.60","1,293.00","1,281.70",0.02K,0.69%
10/09/2017,"1,281.80","1,280.60","1,284.00","1,279.00",0.02K,0.80%
10/06/2017,"1,271.60","1,267.60","1,272.00","1,260.50",0.05K,0.13%
10/05/2017,"1,269.90","1,277.80","1,277.80","1,267.60",0.04K,-0.30%
10/04/2017,"1,273.70","1,273.80","1,280.80","1,270.00",0.22K,0.17%
10/03/2017,"1,271.50","1,269.70","1,273.30","1,268.60",0.19K,-0.09%
10/02/2017,"1,272.70","1,275.00","1,276.10","1,270.40",0.14K,-0.69%
09/29/2017,"1,281.50","1,284.20","1,289.40","1,281.50",0.49K,-0.31%
09/28/2017,"1,285.50","1,283.10","1,288.00","1,277.00",5.23K,0.16%
09/27/2017,"1,283.40","1,283.40","1,283.40","1,283.40",19.49K,-1.05%
09/26/2017,"1,297.00","1,304.50","1,305.60","1,297.00",0.04K,-0.75%
09/25/2017,"1,306.80","1,293.10","1,309.20","1,291.00",0.05K,1.04%
09/22/2017,"1,293.30","1,295.00","1,295.70","1,293.30",0.21K,0.21%
09/21/2017,"1,290.60","1,299.10","1,304.10","1,290.30",0.34K,-1.63%
09/20/2017,"1,312.00","1,312.00","1,312.00","1,298.70",0.01K,0.44%
09/19/2017,"1,306.20","1,307.90","1,310.30","1,305.10",0.02K,-0.01%
09/18/2017,"1,306.30","1,309.80","1,310.40","1,306.00",0.13K,-1.07%
09/15/2017,"1,320.40","1,320.60","1,321.20","1,319.80",0.01K,-0.32%
09/14/2017,"1,324.70","1,319.60","1,329.30","1,319.60",0.32K,0.10%
09/13/2017,"1,323.40","1,323.40","1,323.40","1,323.40",0.02K,-0.35%
09/12/2017,"1,328.00","1,327.00","1,328.00","1,325.20",0.01K,-0.23%
09/11/2017,"1,331.00","1,331.00","1,331.00","1,327.30",0.01K,-1.11%
09/08/2017,"1,346.00","1,351.00","1,355.80","1,345.60",0.04K,0.07%
09/07/2017,"1,345.10","1,336.40","1,349.00","1,336.40",0.03K,0.84%
09/06/2017,"1,333.90","1,340.00","1,340.30","1,332.60",0.02K,-0.40%
09/05/2017,"1,339.20","1,335.20","1,339.20","1,328.60",0.04K,1.11%
09/01/2017,"1,324.50","1,320.20","1,327.70","1,316.90",0.31K,0.63%
08/31/2017,"1,316.20","1,306.60","1,322.30","1,301.70",0.37K,0.62%
08/30/2017,"1,308.10","1,308.20","1,312.50","1,304.90",1.18K,-0.38%
08/29/2017,"1,313.10","1,318.80","1,323.80","1,313.10",1.18K,0.26%
08/28/2017,"1,309.70","1,293.50","1,311.30","1,293.50",0.14K,1.33%
08/25/2017,"1,292.50","1,285.40","1,292.70","1,280.30",0.28K,0.47%
08/24/2017,"1,286.50","1,288.70","1,288.70","1,284.00",0.55K,-0.19%
08/23/2017,"1,288.90","1,289.40","1,289.40","1,286.90",0.25K,0.30%
08/22/2017,"1,285.10","1,287.20","1,288.40","1,283.20",0.10K,-0.44%
08/21/2017,"1,290.80","1,285.20","1,290.80","1,284.70",0.02K,0.40%
08/18/2017,"1,285.70","1,288.60","1,300.70","1,284.30",0.36K,-0.05%
08/17/2017,"1,286.40","1,283.80","1,288.50","1,283.20",0.04K,0.74%
08/16/2017,"1,276.90","1,271.30","1,282.60","1,269.40",0.11K,0.25%
08/15/2017,"1,273.70","1,280.50","1,280.50","1,267.40",0.19K,-0.82%
08/14/2017,"1,284.20","1,288.40","1,288.40","1,278.80",0.34K,-0.27%
08/11/2017,"1,287.70","1,286.30","1,291.10","1,282.00",0.14K,0.31%
08/10/2017,"1,283.70","1,276.60","1,287.40","1,274.90",0.61K,0.84%
08/09/2017,"1,273.00","1,260.20","1,277.80","1,260.20",0.57K,1.32%
08/08/2017,"1,256.40","1,256.90","1,264.10","1,251.40",0.56K,-0.14%
08/07/2017,"1,258.20","1,258.70","1,259.10","1,255.30",0.26K,-0.01%
08/04/2017,"1,258.30","1,269.00","1,269.60","1,253.90",0.52K,-0.75%
08/03/2017,"1,267.80","1,265.90","1,269.80","1,256.60",0.88K,-0.31%
08/02/2017,"1,271.80","1,268.50","1,272.10","1,262.90",0.39K,-0.06%
08/01/2017,"1,272.60","1,268.40","1,273.30","1,262.00",1.06K,0.47%
07/31/2017,"1,266.60","1,268.90","1,270.80","1,265.80",7.78K,-0.14%
07/28/2017,"1,268.40","1,258.40","1,270.00","1,256.90",64.18K,0.70%
07/27/2017,"1,259.60","1,259.60","1,259.60","1,259.60",220.31K,0.85%
07/26/2017,"1,249.00","1,244.80","1,249.00","1,244.80",0.01K,-0.22%
07/25/2017,"1,251.70","1,252.70","1,253.60","1,249.20",0.02K,-0.18%
07/24/2017,"1,253.90","1,256.00","1,256.00","1,253.90",0.01K,-0.03%
07/21/2017,"1,254.30","1,250.70","1,254.30","1,250.50",0.02K,0.76%
07/20/2017,"1,244.80","1,236.60","1,244.80","1,236.60",0.01K,0.29%
07/19/2017,"1,241.20","1,240.40","1,241.20","1,240.10",0.00K,0.01%
07/18/2017,"1,241.10","1,236.20","1,241.20","1,236.20",0.03K,0.67%
07/17/2017,"1,232.80","1,229.90","1,233.40","1,229.90",0.01K,0.51%
07/14/2017,"1,226.60","1,214.90","1,227.50","1,214.80",0.02K,0.85%
07/13/2017,"1,216.30","1,221.40","1,221.40","1,216.30",0.01K,-0.15%
07/12/2017,"1,218.10","1,218.30","1,219.40","1,217.90",0.01K,0.37%
07/11/2017,"1,213.60","1,208.70","1,214.90","1,208.70",0.01K,0.12%
07/10/2017,"1,212.10","1,211.40","1,212.10","1,209.60",0.03K,0.29%
07/07/2017,"1,208.60","1,219.10","1,220.40","1,208.60",0.12K,-1.11%
07/06/2017,"1,222.20","1,225.10","1,225.10","1,222.20",0.01K,0.15%
07/05/2017,"1,220.40","1,222.50","1,225.00","1,217.10",0.04K,0.21%
07/03/2017,"1,217.90","1,236.00","1,236.00","1,217.90",0.03K,-1.84%
06/30/2017,"1,240.70","1,243.70","1,243.70","1,239.10",0.04K,-0.28%
06/29/2017,"1,244.20","1,248.20","1,250.70","1,238.10",0.54K,-0.30%
06/28/2017,"1,248.00","1,248.50","1,248.50","1,248.00",0.37K,0.13%
06/27/2017,"1,246.40","1,251.60","1,251.80","1,245.90",0.11K,0.01%
06/26/2017,"1,246.30","1,260.20","1,260.20","1,241.60",0.19K,-0.79%
06/23/2017,"1,256.20","1,250.00","1,273.60","1,249.80",0.27K,0.69%
06/22/2017,"1,247.60","1,251.00","1,252.70","1,246.30",0.16K,0.34%
06/21/2017,"1,243.40","1,244.10","1,245.00","1,240.00",0.20K,0.19%
06/20/2017,"1,241.00","1,242.20","1,245.50","1,240.50",0.07K,-0.26%
06/19/2017,"1,244.20","1,252.10","1,252.20","1,241.90",0.11K,-0.78%
06/16/2017,"1,254.00","1,252.80","1,255.30","1,251.30",0.03K,0.14%
06/15/2017,"1,252.20","1,263.20","1,264.20","1,250.30",0.74K,-1.62%
06/14/2017,"1,272.80","1,269.40","1,278.00","1,256.80",0.34K,0.55%
06/13/2017,"1,265.80","1,264.10","1,266.90","1,259.70",0.15K,-0.02%
06/12/2017,"1,266.10","1,266.40","1,269.30","1,263.20",0.26K,-0.19%
06/09/2017,"1,268.50","1,277.90","1,277.90","1,264.60",0.47K,-0.61%
06/08/2017,"1,276.30","1,285.40","1,287.60","1,268.10",0.32K,-1.07%
06/07/2017,"1,290.10","1,291.60","1,293.10","1,284.30",0.64K,-0.33%
06/06/2017,"1,294.40","1,279.40","1,295.20","1,279.40",0.94K,1.18%
06/05/2017,"1,279.30","1,279.20","1,282.00","1,277.00",0.43K,0.20%
06/02/2017,"1,276.80","1,265.20","1,279.00","1,259.00",1.73K,0.77%
06/01/2017,"1,267.00","1,268.00","1,269.20","1,260.80",0.82K,-0.39%
05/31/2017,"1,272.00","1,262.40","1,273.20","1,258.50",2.71K,0.78%
05/30/2017,"1,262.10","1,267.40","1,270.00","1,258.40",129.82K,-0.43%
05/26/2017,"1,267.60","1,267.60","1,267.60","1,267.60",271.46K,0.94%
05/25/2017,"1,255.80","1,257.10","1,258.30","1,255.80",0.01K,0.27%
05/24/2017,"1,252.40","1,251.90","1,257.80","1,249.70",0.01K,-0.19%
05/23/2017,"1,254.80","1,261.50","1,261.60","1,250.60",0.02K,-0.47%
05/22/2017,"1,260.70","1,251.70","1,260.70","1,251.70",0.01K,0.64%
05/19/2017,"1,252.70","1,252.70","1,252.70","1,252.70",0.01K,0.08%
05/18/2017,"1,251.70","1,254.80","1,260.00","1,245.80",0.04K,-0.46%
05/17/2017,"1,257.50","1,241.00","1,259.20","1,240.70",0.03K,1.82%
05/16/2017,"1,235.00","1,230.40","1,237.30","1,230.40",0.02K,0.52%
05/15/2017,"1,228.60","1,227.50","1,232.70","1,227.50",0.01K,0.20%
05/12/2017,"1,226.20","1,228.00","1,229.50","1,226.10",0.03K,0.29%
05/11/2017,"1,222.70","1,218.50","1,222.70","1,218.30",0.01K,0.44%
05/10/2017,"1,217.30","1,219.80","1,220.20","1,217.30",0.02K,0.25%
05/09/2017,"1,214.30","1,226.10","1,226.20","1,214.00",0.06K,-0.90%
05/08/2017,"1,225.30","1,224.00","1,234.00","1,224.00",0.04K,0.04%
05/05/2017,"1,224.80","1,227.00","1,233.70","1,224.80",0.02K,-0.14%
05/04/2017,"1,226.50","1,239.80","1,239.80","1,224.20",0.07K,-1.60%
05/03/2017,"1,246.40","1,255.10","1,255.80","1,238.70",0.20K,-0.69%
05/02/2017,"1,255.10","1,256.20","1,256.20","1,251.20",0.09K,0.14%
05/01/2017,"1,253.30","1,268.70","1,269.30","1,253.30",0.03K,-1.01%
04/28/2017,"1,266.10","1,265.90","1,267.20","1,264.70",0.09K,0.19%
04/27/2017,"1,263.70","1,266.70","1,267.20","1,262.20",0.21K,0.13%
04/26/2017,"1,262.10","1,266.00","1,266.00","1,262.10",1.16K,-0.28%
04/25/2017,"1,265.60","1,275.60","1,276.90","1,262.10",0.36K,-0.80%
04/24/2017,"1,275.80","1,275.00","1,276.40","1,265.00",0.60K,-0.90%
04/21/2017,"1,287.40","1,279.80","1,287.40","1,279.20",0.47K,0.43%
04/20/2017,"1,281.90","1,279.70","1,281.90","1,276.20",0.13K,0.04%
04/19/2017,"1,281.40","1,288.00","1,288.00","1,274.00",0.19K,-0.80%
04/18/2017,"1,291.70","1,283.90","1,291.70","1,278.60",0.39K,0.18%
04/17/2017,"1,289.40","1,291.80","1,294.80","1,284.30",0.07K,0.27%
04/13/2017,"1,285.90","1,285.30","1,287.60","1,282.00",0.92K,0.83%
04/12/2017,"1,275.30","1,275.00","1,285.10","1,272.00",0.49K,0.32%
04/11/2017,"1,271.20","1,254.50","1,273.50","1,254.50",0.40K,1.61%
04/10/2017,"1,251.10","1,252.70","1,255.20","1,246.80",0.18K,-0.26%
04/07/2017,"1,254.30","1,249.50","1,269.10","1,249.50",0.45K,0.32%
04/06/2017,"1,250.30","1,256.10","1,257.50","1,249.00",0.17K,0.39%
04/05/2017,"1,245.40","1,255.40","1,255.40","1,243.00",0.91K,-0.76%
04/04/2017,"1,255.00","1,253.10","1,260.30","1,253.00",0.72K,0.34%
04/03/2017,"1,250.80","1,247.50","1,252.40","1,243.60",1.16K,0.28%
03/31/2017,"1,247.30","1,242.10","1,248.80","1,238.70",8.22K,0.18%
03/30/2017,"1,245.00","1,253.10","1,253.60","1,241.10",51.33K,-0.67%
03/29/2017,"1,253.40","1,252.20","1,253.40","1,252.10",190.68K,-0.15%
03/28/2017,"1,255.30","1,255.90","1,255.90","1,255.30",0.02K,-0.01%
03/27/2017,"1,255.40","1,255.80","1,257.70","1,253.80",0.07K,0.58%
03/24/2017,"1,248.20","1,248.00","1,248.30","1,247.60",0.00K,0.10%
03/23/2017,"1,246.90","1,246.40","1,247.50","1,244.80",0.02K,-0.19%
03/22/2017,"1,249.30","1,247.90","1,249.50","1,247.70",0.00K,0.26%
03/21/2017,"1,246.10","1,226.40","1,246.10","1,226.40",0.01K,1.01%
03/20/2017,"1,233.60","1,229.30","1,234.40","1,229.30",0.02K,0.31%
03/17/2017,"1,229.80","1,227.10","1,230.90","1,227.10",0.03K,0.27%
03/16/2017,"1,226.50","1,222.20","1,231.40","1,222.20",0.05K,2.20%
03/15/2017,"1,200.10","1,198.20","1,221.20","1,197.70",0.04K,-0.15%
03/14/2017,"1,201.90","1,203.10","1,205.90","1,196.80",0.02K,-0.04%
03/13/2017,"1,202.40","1,206.20","1,210.00","1,202.30",0.04K,0.14%
03/10/2017,"1,200.70","1,196.20","1,203.30","1,196.20",0.00K,-0.14%
03/09/2017,"1,202.40","1,204.50","1,205.60","1,202.30",0.04K,-0.50%
03/08/2017,"1,208.50","1,212.20","1,212.20","1,206.70",0.02K,-0.54%
03/07/2017,"1,215.10","1,224.30","1,225.40","1,213.70",0.05K,-0.77%
03/06/2017,"1,224.50","1,235.20","1,235.20","1,224.50",0.03K,-0.08%
03/03/2017,"1,225.50","1,231.70","1,235.20","1,222.90",0.12K,-0.52%
03/02/2017,"1,231.90","1,247.20","1,247.60","1,230.70",0.08K,-1.36%
03/01/2017,"1,248.90","1,247.80","1,248.90","1,236.90",0.14K,-0.30%
02/28/2017,"1,252.60","1,253.60","1,257.30","1,247.20",0.72K,-0.38%
02/27/2017,"1,257.40","1,254.70","1,263.10","1,250.40",0.54K,0.04%
02/24/2017,"1,256.90","1,250.00","1,258.80","1,250.00",1.26K,0.54%
02/23/2017,"1,250.20","1,236.10","1,250.30","1,236.10",0.11K,1.48%
02/22/2017,"1,232.00","1,236.10","1,238.60","1,231.80",0.04K,-0.44%
02/21/2017,"1,237.50","1,237.30","1,237.50","1,228.10",0.12K,-0.01%
02/17/2017,"1,237.60","1,240.70","1,241.20","1,234.80",0.30K,-0.19%
02/16/2017,"1,240.00","1,234.50","1,240.70","1,233.20",0.09K,0.67%
02/15/2017,"1,231.70","1,225.50","1,231.70","1,217.30",0.17K,0.64%
02/14/2017,"1,223.90","1,225.90","1,233.50","1,222.10",0.16K,-0.04%
02/13/2017,"1,224.40","1,230.50","1,231.10","1,219.00",0.40K,-0.81%
02/10/2017,"1,234.40","1,227.60","1,234.40","1,221.50",0.39K,-0.06%
02/09/2017,"1,235.10","1,239.40","1,243.50","1,226.90",0.89K,-0.20%
02/08/2017,"1,237.60","1,232.10","1,243.90","1,231.00",0.29K,0.28%
02/07/2017,"1,234.20","1,234.20","1,236.20","1,228.50",1.18K,0.34%
02/06/2017,"1,230.00","1,221.90","1,235.40","1,218.50",0.91K,0.94%
02/03/2017,"1,218.50","1,214.90","1,220.60","1,206.20",0.86K,0.15%
02/02/2017,"1,216.70","1,209.70","1,224.20","1,208.90",1.51K,0.92%
02/01/2017,"1,205.60","1,211.90","1,211.90","1,197.90",1.15K,-0.25%
01/31/2017,"1,208.60","1,194.90","1,214.70","1,193.50",3.21K,1.29%
01/30/2017,"1,193.20","1,191.70","1,198.50","1,187.10",50.50K,0.43%
01/27/2017,"1,188.10","1,187.90","1,188.30","1,187.90",234.35K,-0.12%
01/26/2017,"1,189.50","1,199.70","1,199.70","1,185.60",0.02K,-0.65%
01/25/2017,"1,197.30","1,202.00","1,202.80","1,194.90",0.40K,-1.07%
01/24/2017,"1,210.30","1,219.00","1,219.00","1,207.70",0.02K,-0.39%
01/23/2017,"1,215.00","1,212.00","1,215.00","1,210.00",0.02K,0.89%
01/20/2017,"1,204.30","1,202.80","1,212.10","1,202.80",0.04K,0.28%
01/19/2017,"1,200.90","1,200.50","1,204.00","1,195.80",0.03K,-0.86%
01/18/2017,"1,211.30","1,213.60","1,214.70","1,203.10",0.11K,-0.06%
01/17/2017,"1,212.00","1,205.50","1,214.60","1,200.80",0.08K,1.40%
01/13/2017,"1,195.30","1,195.70","1,196.00","1,187.70",0.07K,-0.30%
01/12/2017,"1,198.90","1,192.70","1,204.30","1,192.30",0.11K,0.28%
01/11/2017,"1,195.60","1,187.50","1,197.00","1,176.50",0.02K,0.96%
01/10/2017,"1,184.20","1,184.30","1,188.90","1,182.30",0.01K,0.06%
01/09/2017,"1,183.50","1,173.90","1,183.60","1,173.00",0.06K,0.99%
01/06/2017,"1,171.90","1,176.50","1,176.50","1,171.90",0.02K,-0.66%
01/05/2017,"1,179.70","1,172.00","1,183.30","1,171.50",0.50K,1.37%
01/04/2017,"1,163.80","1,156.30","1,165.00","1,156.30",0.04K,0.29%
01/03/2017,"1,160.40","1,155.20","1,160.80","1,146.50",0.05K,0.90%
12/30/2016,"1,150.00","1,162.00","1,162.00","1,150.00",0.02K,-0.55%
12/29/2016,"1,156.40","1,143.80","1,158.80","1,143.60",0.95K,1.49%
12/28/2016,"1,139.40","1,141.20","1,141.20","1,138.00",1.57K,0.18%
12/27/2016,"1,137.30","1,134.30","1,142.20","1,134.30",0.08K,0.48%
12/23/2016,"1,131.90","1,130.90","1,132.80","1,130.30",0.07K,0.27%
12/22/2016,"1,128.80","1,131.20","1,132.80","1,128.30",0.10K,-0.20%
12/21/2016,"1,131.10","1,136.10","1,136.10","1,130.00",0.05K,-0.04%
12/20/2016,"1,131.50","1,133.50","1,133.50","1,126.50",0.05K,-0.79%
12/19/2016,"1,140.50","1,139.40","1,140.70","1,137.90",0.25K,0.46%
12/16/2016,"1,135.30","1,126.90","1,140.90","1,126.90",0.15K,0.67%
12/15/2016,"1,127.80","1,139.80","1,143.30","1,123.90",0.24K,-2.88%
12/14/2016,"1,161.30","1,159.80","1,164.00","1,142.00",0.49K,0.40%
12/13/2016,"1,156.70","1,163.50","1,164.00","1,155.40",0.64K,-0.58%
12/12/2016,"1,163.50","1,158.30","1,163.90","1,153.00",0.33K,0.35%
12/09/2016,"1,159.40","1,166.60","1,168.80","1,156.00",0.36K,-0.89%
12/08/2016,"1,169.80","1,173.80","1,177.80","1,169.10",0.32K,-0.44%
12/07/2016,"1,175.00","1,167.70","1,178.50","1,166.40",0.18K,0.63%
12/06/2016,"1,167.60","1,170.90","1,174.50","1,167.10",0.65K,-0.55%
12/05/2016,"1,174.00","1,181.80","1,186.70","1,157.00",0.36K,-0.09%
12/02/2016,"1,175.10","1,172.30","1,177.30","1,166.40",1.52K,0.70%
12/01/2016,"1,166.90","1,172.70","1,174.60","1,160.00",1.59K,-0.33%
11/30/2016,"1,170.80","1,187.10","1,193.30","1,167.90",7.16K,-1.44%
11/29/2016,"1,187.90","1,193.20","1,194.80","1,179.40",42.12K,-0.23%
11/28/2016,"1,190.60","1,188.00","1,190.60","1,188.00",189.91K,1.05%
11/25/2016,"1,178.20","1,177.00","1,189.30","1,177.00",0.01K,-0.92%
11/23/2016,"1,189.10","1,212.80","1,213.80","1,186.80",0.31K,-1.81%
11/22/2016,"1,211.00","1,210.40","1,211.10","1,207.60",0.02K,0.12%
11/21/2016,"1,209.60","1,209.60","1,209.60","1,209.60",0.02K,0.09%
11/18/2016,"1,208.50","1,211.90","1,211.90","1,207.20",0.61K,-0.66%
11/17/2016,"1,216.50","1,224.60","1,225.00","1,211.00",1.14K,-0.56%
11/16/2016,"1,223.40","1,229.30","1,229.30","1,223.00",0.07K,-0.05%
11/15/2016,"1,224.00","1,224.30","1,226.00","1,222.50",0.02K,0.23%
11/14/2016,"1,221.20","1,227.80","1,229.50","1,210.40",0.22K,-3.50%
11/10/2016,"1,265.50","1,274.40","1,287.50","1,253.30",0.06K,-0.56%
11/09/2016,"1,272.60","1,272.20","1,318.60","1,270.00",0.11K,-0.06%
11/08/2016,"1,273.40","1,284.10","1,289.40","1,273.20",0.05K,-0.38%
11/07/2016,"1,278.30","1,292.00","1,294.50","1,278.30",0.03K,-1.92%
11/04/2016,"1,303.30","1,300.00","1,303.30","1,296.70",0.01K,0.09%
11/03/2016,"1,302.10","1,296.40","1,303.10","1,287.30",0.07K,-0.36%
11/02/2016,"1,306.80","1,288.30","1,307.00","1,288.30",0.03K,1.59%
11/01/2016,"1,286.40","1,279.30","1,290.70","1,279.00",0.05K,1.17%
10/31/2016,"1,271.50","1,276.60","1,276.60","1,271.50",0.06K,-0.31%
10/28/2016,"1,275.50","1,270.30","1,281.50","1,262.00",0.56K,0.60%
10/27/2016,"1,267.90","1,269.40","1,269.40","1,267.90",0.34K,0.25%
10/26/2016,"1,264.80","1,274.00","1,274.00","1,264.80",0.28K,-0.56%
10/25/2016,"1,271.90","1,264.10","1,274.10","1,264.10",0.06K,0.78%
10/24/2016,"1,262.00","1,269.20","1,269.20","1,261.80",0.04K,-0.31%
10/21/2016,"1,265.90","1,265.90","1,265.90","1,265.90",0.22K,0.02%
10/20/2016,"1,265.60","1,270.00","1,270.50","1,265.50",0.41K,-0.18%
10/19/2016,"1,267.90","1,262.90","1,271.50","1,262.90",0.22K,0.56%
10/18/2016,"1,260.80","1,260.90","1,261.70","1,260.80",0.01K,0.51%
10/17/2016,"1,254.40","1,249.90","1,255.00","1,249.90",0.04K,0.10%
10/14/2016,"1,253.10","1,253.90","1,253.90","1,250.60",0.31K,-0.15%
10/13/2016,"1,255.00","1,258.70","1,259.00","1,255.00",0.32K,0.31%
10/12/2016,"1,251.10","1,251.70","1,254.00","1,251.10",0.13K,-0.15%
10/11/2016,"1,253.00","1,258.90","1,258.90","1,253.00",0.03K,0.33%
10/07/2016,"1,248.90","1,253.90","1,263.60","1,248.90",0.17K,-0.07%
10/06/2016,"1,249.80","1,265.30","1,265.30","1,249.80",0.11K,-1.22%
10/05/2016,"1,265.20","1,272.10","1,274.00","1,261.30",0.25K,-0.09%
10/04/2016,"1,266.30","1,307.60","1,310.20","1,266.30",1.89K,-3.26%
10/03/2016,"1,309.00","1,313.50","1,316.80","1,308.20",0.30K,-0.33%
09/30/2016,"1,313.30","1,320.60","1,327.70","1,312.90",0.87K,-0.64%
09/29/2016,"1,321.70","1,321.20","1,325.00","1,314.70",6.11K,0.17%
09/28/2016,"1,319.40","1,319.40","1,319.40","1,319.40",10.55K,-0.49%
09/27/2016,"1,325.90","1,328.00","1,328.70","1,325.90",0.05K,-1.03%
09/26/2016,"1,339.70","1,335.20","1,341.80","1,335.20",0.02K,0.19%
09/23/2016,"1,337.20","1,337.20","1,337.20","1,337.20",0.04K,-0.24%
09/22/2016,"1,340.40","1,338.60","1,340.40","1,338.20",0.02K,1.02%
09/21/2016,"1,326.90","1,326.30","1,326.90","1,324.00",0.08K,1.00%
09/20/2016,"1,313.70","1,313.70","1,313.70","1,313.70",0.10K,0.02%
09/19/2016,"1,313.50","1,313.50","1,313.50","1,313.50",0.02K,0.59%
09/16/2016,"1,305.80","1,312.20","1,312.60","1,305.80",0.00K,-0.59%
09/15/2016,"1,313.50","1,320.70","1,320.70","1,310.80",0.04K,-0.61%
09/14/2016,"1,321.50","1,319.20","1,322.30","1,319.20",0.07K,0.19%
09/13/2016,"1,319.00","1,324.60","1,324.60","1,315.00",0.08K,-0.15%
09/12/2016,"1,321.00","1,327.00","1,329.30","1,319.90",0.18K,-0.68%
09/09/2016,"1,330.10","1,338.50","1,338.50","1,328.00",0.04K,-0.50%
09/08/2016,"1,336.80","1,344.80","1,345.40","1,335.70",0.03K,-0.56%
09/07/2016,"1,344.30","1,348.40","1,350.50","1,343.90",0.01K,-0.38%
09/06/2016,"1,349.40","1,323.30","1,349.40","1,323.20",0.05K,2.06%
09/02/2016,"1,322.10","1,309.60","1,326.70","1,309.20",0.06K,0.75%
09/01/2016,"1,312.20","1,305.30","1,313.10","1,301.50",0.23K,0.41%
08/31/2016,"1,306.90","1,310.30","1,313.70","1,306.30",0.21K,-0.37%
08/30/2016,"1,311.70","1,322.00","1,322.10","1,308.00",0.70K,-0.85%
08/29/2016,"1,322.90","1,315.00","1,323.00","1,315.00",0.44K,0.11%
08/26/2016,"1,321.50","1,323.80","1,340.50","1,320.10",0.14K,0.11%
08/25/2016,"1,320.10","1,321.40","1,324.00","1,317.00",0.06K,-0.32%
08/24/2016,"1,324.40","1,337.20","1,337.20","1,322.90",0.26K,-1.21%
08/23/2016,"1,340.60","1,337.00","1,341.20","1,334.30",0.55K,0.22%
08/22/2016,"1,337.70","1,334.40","1,337.70","1,333.30",0.12K,-0.20%
08/19/2016,"1,340.40","1,350.10","1,350.10","1,338.60",0.20K,-0.80%
08/18/2016,"1,351.20","1,351.30","1,354.40","1,348.20",0.14K,0.63%
08/17/2016,"1,342.70","1,345.50","1,347.30","1,338.60",0.14K,-0.58%
08/16/2016,"1,350.50","1,342.20","1,355.00","1,341.00",0.34K,0.76%
08/15/2016,"1,340.30","1,336.50","1,340.60","1,333.60",0.06K,0.34%
08/12/2016,"1,335.80","1,336.80","1,351.80","1,333.20",0.11K,-0.50%
08/11/2016,"1,342.50","1,341.60","1,350.40","1,334.80",0.67K,-0.13%
08/10/2016,"1,344.30","1,344.80","1,354.20","1,344.30",0.11K,0.40%
08/09/2016,"1,339.00","1,331.80","1,339.40","1,328.50",0.62K,0.42%
08/08/2016,"1,333.40","1,330.00","1,335.40","1,327.80",0.59K,-0.22%
08/05/2016,"1,336.40","1,357.60","1,360.80","1,333.70",1.11K,-1.65%
08/04/2016,"1,358.80","1,354.40","1,361.60","1,347.00",0.38K,0.20%
08/03/2016,"1,356.10","1,362.40","1,364.70","1,353.30",0.71K,-0.61%
08/02/2016,"1,364.40","1,352.10","1,366.00","1,346.60",2.94K,0.96%
08/01/2016,"1,351.40","1,348.80","1,353.50","1,345.60",1.26K,0.18%
07/29/2016,"1,349.00","1,333.20","1,353.30","1,325.80",6.08K,1.25%
07/28/2016,"1,332.30","1,339.50","1,344.30","1,330.10",56.91K,0.43%
07/27/2016,"1,326.60","1,326.00","1,326.60","1,326.00",215.39K,0.45%
07/26/2016,"1,320.70","1,315.20","1,320.70","1,315.20",0.06K,0.11%
07/25/2016,"1,319.30","1,315.70","1,319.30","1,313.80",0.55K,-0.29%
07/22/2016,"1,323.10","1,330.70","1,330.70","1,320.40",0.06K,-0.56%
07/21/2016,"1,330.50","1,312.80","1,330.50","1,312.80",0.32K,0.89%
07/20/2016,"1,318.80","1,331.00","1,337.50","1,315.50",0.75K,-0.95%
07/19/2016,"1,331.50","1,328.50","1,333.20","1,326.40",0.32K,0.23%
07/18/2016,"1,328.40","1,327.50","1,335.00","1,326.20",0.05K,0.14%
07/15/2016,"1,326.50","1,333.70","1,333.70","1,322.90",0.05K,-0.36%
07/14/2016,"1,331.30","1,341.40","1,341.40","1,322.70",0.02K,-0.83%
07/13/2016,"1,342.40","1,341.50","1,342.40","1,336.70",0.01K,0.62%
07/12/2016,"1,334.10","1,353.60","1,356.00","1,330.30",0.25K,-1.54%
07/11/2016,"1,355.00","1,371.70","1,371.80","1,353.00",0.03K,-0.12%
07/08/2016,"1,356.60","1,361.30","1,365.80","1,335.00",0.25K,-0.26%
07/07/2016,"1,360.10","1,366.80","1,368.60","1,350.50",0.21K,-0.35%
07/06/2016,"1,364.90","1,359.00","1,374.90","1,359.00",0.13K,0.63%
07/05/2016,"1,356.40","1,342.20","1,356.80","1,339.70",0.09K,1.47%
07/01/2016,"1,336.70","1,324.50","1,344.20","1,321.90",0.14K,1.39%
06/30/2016,"1,318.40","1,315.80","1,323.50","1,314.50",0.56K,-0.42%
06/29/2016,"1,323.90","1,311.60","1,327.40","1,311.60",0.41K,0.65%
06/28/2016,"1,315.30","1,314.80","1,315.60","1,314.10",1.07K,-0.54%
06/27/2016,"1,322.50","1,330.00","1,331.70","1,320.00",0.09K,0.19%
06/24/2016,"1,320.00","1,253.70","1,355.60","1,253.70",0.69K,4.66%
06/23/2016,"1,261.20","1,263.40","1,270.50","1,255.20",0.22K,-0.54%
06/22/2016,"1,268.00","1,267.00","1,269.20","1,264.90",0.05K,-0.20%
06/21/2016,"1,270.50","1,293.90","1,293.90","1,266.30",0.13K,-1.51%
06/20/2016,"1,290.00","1,288.90","1,291.20","1,280.30",0.15K,-0.19%
06/17/2016,"1,292.50","1,280.30","1,300.10","1,280.30",0.13K,-0.28%
06/16/2016,"1,296.10","1,296.30","1,316.40","1,281.10",0.25K,0.80%
06/15/2016,"1,285.80","1,284.60","1,296.20","1,278.80",0.16K,0.02%
06/14/2016,"1,285.60","1,281.80","1,289.70","1,277.80",0.55K,0.09%
06/13/2016,"1,284.40","1,276.20","1,287.30","1,273.00",0.33K,0.86%
06/10/2016,"1,273.40","1,267.60","1,278.00","1,265.30",0.40K,0.25%
06/09/2016,"1,270.20","1,262.50","1,271.40","1,258.10",0.38K,0.83%
06/08/2016,"1,259.80","1,247.60","1,264.00","1,247.30",0.41K,1.24%
06/07/2016,"1,244.40","1,244.00","1,244.90","1,236.50",0.28K,-0.02%
06/06/2016,"1,244.60","1,244.40","1,247.30","1,240.00",1.14K,0.36%
06/03/2016,"1,240.10","1,209.10","1,244.50","1,206.40",1.62K,2.50%
06/02/2016,"1,209.80","1,212.40","1,217.00","1,209.60",1.63K,-0.17%
06/01/2016,"1,211.90","1,215.70","1,219.80","1,205.40",2.72K,-0.24%
05/31/2016,"1,214.80","1,212.50","1,217.60","1,199.00",6.43K,0.08%
05/27/2016,"1,213.80","1,220.30","1,223.20","1,206.40",63.74K,-0.52%
05/26/2016,"1,220.10","1,232.60","1,232.60","1,220.10",199.78K,-0.28%
05/25/2016,"1,223.50","1,219.30","1,223.50","1,218.60",0.01K,-0.44%
05/24/2016,"1,228.90","1,240.00","1,240.00","1,228.20",0.02K,-1.77%
05/23/2016,"1,251.10","1,251.60","1,251.60","1,247.50",0.06K,-0.10%
05/20/2016,"1,252.40","1,256.60","1,256.60","1,252.40",0.04K,-0.14%
05/19/2016,"1,254.20","1,248.00","1,255.50","1,247.50",0.07K,-1.53%
05/18/2016,"1,273.70","1,276.40","1,276.40","1,256.80",0.02K,-0.20%
05/17/2016,"1,276.20","1,272.50","1,281.60","1,270.80",0.02K,0.22%
05/16/2016,"1,273.40","1,272.80","1,287.80","1,272.80",0.04K,0.12%
05/13/2016,"1,271.90","1,271.40","1,275.70","1,264.60",0.07K,0.13%
05/12/2016,"1,270.30","1,267.00","1,281.20","1,264.00",0.10K,-0.34%
05/11/2016,"1,274.60","1,266.90","1,279.20","1,266.90",0.05K,0.85%
05/10/2016,"1,263.90","1,265.10","1,267.40","1,258.70",0.02K,-0.13%
05/09/2016,"1,265.60","1,286.50","1,286.50","1,262.30",0.34K,-2.11%
05/06/2016,"1,292.90","1,278.60","1,295.60","1,276.90",0.30K,1.69%
05/05/2016,"1,271.40","1,282.90","1,286.00","1,270.80",0.33K,-0.15%
05/04/2016,"1,273.30","1,286.90","1,290.00","1,273.00",0.11K,-1.35%
05/03/2016,"1,290.70","1,292.70","1,301.50","1,284.50",0.15K,-0.31%
05/02/2016,"1,294.70","1,292.10","1,304.40","1,290.40",0.19K,0.43%
04/29/2016,"1,289.20","1,267.30","1,295.50","1,267.20",0.46K,1.87%
04/28/2016,"1,265.50","1,245.90","1,270.10","1,238.50",0.89K,1.30%
04/27/2016,"1,249.20","1,248.60","1,249.50","1,248.60",0.55K,0.56%
04/26/2016,"1,242.20","1,239.80","1,244.20","1,233.00",0.10K,0.27%
04/25/2016,"1,238.90","1,231.60","1,240.90","1,231.60",0.44K,0.83%
04/22/2016,"1,228.70","1,248.50","1,248.50","1,228.00",0.19K,-1.63%
04/21/2016,"1,249.00","1,247.70","1,270.60","1,247.60",0.12K,-0.34%
04/20/2016,"1,253.20","1,256.10","1,256.10","1,243.00",0.18K,0.02%
04/19/2016,"1,253.00","1,231.60","1,256.20","1,228.80",0.39K,1.57%
04/18/2016,"1,233.60","1,238.70","1,241.10","1,232.20",0.30K,0.04%
04/15/2016,"1,233.10","1,225.70","1,235.00","1,225.70",0.10K,0.66%
04/14/2016,"1,225.00","1,231.40","1,243.70","1,224.50",0.26K,-1.75%
04/13/2016,"1,246.80","1,256.50","1,256.90","1,241.30",0.20K,-1.00%
04/12/2016,"1,259.40","1,260.00","1,261.70","1,253.70",0.18K,0.21%
04/11/2016,"1,256.70","1,241.50","1,258.70","1,241.50",0.44K,1.14%
04/08/2016,"1,242.50","1,241.00","1,242.80","1,232.00",0.41K,0.51%
04/07/2016,"1,236.20","1,224.80","1,242.90","1,224.60",0.38K,1.12%
04/06/2016,"1,222.50","1,230.40","1,230.40","1,217.60",0.25K,-0.48%
04/05/2016,"1,228.40","1,215.40","1,236.70","1,215.40",0.48K,0.85%
04/04/2016,"1,218.00","1,221.70","1,222.30","1,215.00",2.04K,-0.34%
04/01/2016,"1,222.20","1,232.30","1,235.20","1,209.20",1.60K,-0.97%
03/31/2016,"1,234.20","1,225.60","1,239.60","1,224.50",3.38K,0.59%
03/30/2016,"1,226.90","1,241.40","1,245.00","1,223.40",48.25K,-0.70%
03/29/2016,"1,235.60","1,217.80","1,235.60","1,217.70",189.73K,1.29%
03/28/2016,"1,219.90","1,211.50","1,222.20","1,210.00",0.03K,-0.12%
03/24/2016,"1,221.40","1,214.20","1,221.40","1,214.20",0.01K,-0.19%
03/23/2016,"1,223.70","1,247.70","1,247.70","1,218.60",0.03K,-1.96%
03/22/2016,"1,248.20","1,244.00","1,252.40","1,243.80",0.02K,0.35%
03/21/2016,"1,243.80","1,256.20","1,256.20","1,243.40",1.06K,-0.80%
03/18/2016,"1,253.80","1,257.10","1,264.40","1,251.50",0.54K,-0.85%
03/17/2016,"1,264.50","1,261.50","1,270.10","1,255.90",0.03K,2.86%
03/16/2016,"1,229.30","1,229.50","1,263.80","1,228.90",0.04K,-0.09%
03/15/2016,"1,230.40","1,228.30","1,236.00","1,228.00",0.04K,-1.13%
03/14/2016,"1,244.40","1,256.00","1,258.00","1,234.50",0.06K,-1.14%
03/11/2016,"1,258.70","1,270.00","1,280.70","1,249.40",0.09K,-1.05%
03/10/2016,"1,272.00","1,250.00","1,273.00","1,237.50",0.12K,1.23%
03/09/2016,"1,256.60","1,254.50","1,260.00","1,244.80",0.08K,-0.44%
03/08/2016,"1,262.10","1,268.70","1,276.30","1,261.00",0.04K,-0.09%
03/07/2016,"1,263.20","1,259.80","1,272.30","1,259.70",0.07K,-0.53%
03/04/2016,"1,269.90","1,263.00","1,279.90","1,250.90",0.27K,0.99%
03/03/2016,"1,257.40","1,238.40","1,267.90","1,238.00",0.12K,1.31%
03/02/2016,"1,241.10","1,232.80","1,242.60","1,226.00",0.27K,0.88%
03/01/2016,"1,230.30","1,240.50","1,248.40","1,229.00",0.48K,-0.29%
02/29/2016,"1,233.90","1,218.60","1,241.00","1,218.60",0.58K,1.16%
02/26/2016,"1,219.80","1,232.40","1,239.10","1,212.20",0.66K,-1.49%
02/25/2016,"1,238.20","1,239.40","1,241.50","1,235.00",1.35K,-0.04%
02/24/2016,"1,238.70","1,230.00","1,250.10","1,230.00",0.11K,1.34%
02/23/2016,"1,222.30","1,207.40","1,226.10","1,207.40",0.35K,1.06%
02/22/2016,"1,209.50","1,226.10","1,226.10","1,203.00",0.28K,-1.70%
02/19/2016,"1,230.40","1,230.80","1,232.80","1,221.80",0.08K,0.35%
02/18/2016,"1,226.10","1,209.60","1,239.20","1,201.60",0.32K,1.24%
02/17/2016,"1,211.10","1,196.50","1,212.90","1,196.50",0.05K,0.26%
02/16/2016,"1,207.90","1,233.10","1,233.60","1,193.60",0.42K,-2.52%
02/12/2016,"1,239.10","1,247.80","1,247.80","1,233.50",0.25K,-0.71%
02/11/2016,"1,247.90","1,205.60","1,260.80","1,204.60",0.99K,4.45%
02/10/2016,"1,194.70","1,189.80","1,197.70","1,182.10",0.67K,-0.33%
02/09/2016,"1,198.70","1,188.70","1,199.20","1,186.70",0.70K,0.07%
02/08/2016,"1,197.90","1,173.50","1,200.40","1,165.00",0.93K,3.46%
02/05/2016,"1,157.80","1,155.60","1,174.80","1,146.00",0.88K,0.02%
02/04/2016,"1,157.60","1,142.50","1,157.60","1,141.00",0.77K,1.43%
02/03/2016,"1,141.30","1,128.50","1,146.00","1,125.00",1.63K,1.24%
02/02/2016,"1,127.30","1,128.30","1,131.40","1,123.00",1.23K,-0.05%
02/01/2016,"1,127.90","1,116.70","1,130.00","1,115.30",1.68K,1.03%
01/29/2016,"1,116.40","1,114.40","1,118.60","1,108.80",6.96K,0.07%
01/28/2016,"1,115.60","1,125.40","1,125.70","1,109.80",52.86K,-0.04%
01/27/2016,"1,116.10","1,117.80","1,117.80","1,115.80",168.71K,-0.50%
01/26/2016,"1,121.70","1,115.10","1,121.70","1,114.30",0.18K,1.40%
01/25/2016,"1,106.20","1,099.30","1,109.30","1,099.30",0.01K,0.82%
01/22/2016,"1,097.20","1,098.00","1,103.20","1,097.20",0.00K,-0.17%
01/21/2016,"1,099.10","1,103.60","1,103.60","1,094.10",0.02K,-0.72%
01/20/2016,"1,107.10","1,099.80","1,109.80","1,099.80",0.03K,1.58%
01/19/2016,"1,089.90","1,089.80","1,094.40","1,084.90",0.02K,-0.15%
01/15/2016,"1,091.50","1,085.00","1,095.80","1,081.80",0.04K,1.64%
01/14/2016,"1,073.90","1,091.50","1,091.50","1,073.70",0.06K,-1.25%
01/13/2016,"1,087.50","1,081.50","1,093.90","1,081.50",0.05K,0.18%
01/12/2016,"1,085.60","1,093.80","1,098.50","1,084.00",0.09K,-0.99%
01/11/2016,"1,096.50","1,105.70","1,107.90","1,096.50",0.04K,-0.12%
01/08/2016,"1,097.80","1,111.10","1,111.10","1,093.00",0.10K,-0.89%
01/07/2016,"1,107.70","1,091.60","1,109.40","1,091.60",0.12K,1.45%
01/06/2016,"1,091.90","1,081.60","1,093.70","1,081.60",0.05K,1.25%
01/05/2016,"1,078.40","1,075.60","1,081.50","1,075.30",0.08K,0.31%
01/04/2016,"1,075.10","1,063.40","1,082.50","1,063.20",0.14K,1.40%
12/31/2015,"1,060.30","1,061.90","1,062.00","1,058.50",0.01K,0.02%
12/30/2015,"1,060.10","1,068.60","1,070.20","1,059.70",0.07K,-1.61%
12/29/2015,"1,077.50","1,079.10","1,079.70","1,077.50",0.25K,0.65%
12/28/2015,"1,070.50","1,077.90","1,098.80","1,070.50",0.36K,-0.62%
12/24/2015,"1,077.20","1,074.30","1,077.80","1,073.50",0.02K,0.73%
12/23/2015,"1,069.40","1,074.50","1,074.80","1,069.40",0.20K,-0.50%
12/22/2015,"1,074.80","1,078.60","1,078.60","1,073.80",0.11K,-0.66%
12/21/2015,"1,081.90","1,070.20","1,081.90","1,070.20",0.03K,1.47%
12/18/2015,"1,066.20","1,053.70","1,070.30","1,052.70",0.25K,1.47%
12/17/2015,"1,050.80","1,072.60","1,072.60","1,050.50",0.06K,-2.52%
12/16/2015,"1,078.00","1,064.80","1,078.70","1,064.30",0.08K,1.42%
12/15/2015,"1,062.90","1,064.60","1,066.20","1,061.80",0.22K,-0.17%
12/14/2015,"1,064.70","1,074.00","1,076.70","1,060.00",0.51K,-1.13%
12/11/2015,"1,076.90","1,067.80","1,079.40","1,064.40",0.41K,0.35%
12/10/2015,"1,073.10","1,073.00","1,076.30","1,071.70",0.23K,-0.42%
12/09/2015,"1,077.60","1,075.10","1,086.00","1,070.60",0.39K,0.12%
12/08/2015,"1,076.30","1,071.00","1,078.40","1,069.60",0.31K,-0.01%
12/07/2015,"1,076.40","1,084.90","1,086.50","1,067.40",0.66K,-0.75%
12/04/2015,"1,084.50","1,063.00","1,088.80","1,058.70",0.89K,2.15%
12/03/2015,"1,061.70","1,054.40","1,064.60","1,046.20",1.16K,0.71%
12/02/2015,"1,054.20","1,068.70","1,069.50","1,049.60",0.50K,-0.90%
12/01/2015,"1,063.80","1,064.60","1,074.60","1,063.40",3.44K,-0.19%
11/30/2015,"1,065.80","1,056.50","1,068.40","1,052.10",4.60K,0.91%
11/27/2015,"1,056.20","1,070.70","1,074.20","1,051.10",52.13K,-1.34%
11/25/2015,"1,070.50","1,070.20","1,072.00","1,068.50",148.66K,-0.35%
11/24/2015,"1,074.30","1,073.20","1,079.40","1,073.20",0.22K,0.70%
11/23/2015,"1,066.80","1,070.00","1,071.50","1,066.80",0.06K,-0.89%
11/20/2015,"1,076.40","1,082.90","1,082.90","1,076.40",0.01K,-0.15%
11/19/2015,"1,078.00","1,077.40","1,082.40","1,077.40",0.01K,0.86%
11/18/2015,"1,068.80","1,064.00","1,071.90","1,064.00",0.01K,0.01%
11/17/2015,"1,068.70","1,075.50","1,075.80","1,065.10",0.01K,-1.38%
11/16/2015,"1,083.70","1,092.00","1,092.40","1,083.70",0.01K,0.27%
11/13/2015,"1,080.80","1,083.10","1,085.90","1,080.80",0.02K,0.00%
11/12/2015,"1,080.80","1,086.00","1,086.60","1,080.80",0.00K,-0.36%
11/11/2015,"1,084.70","1,091.40","1,091.40","1,084.20",0.01K,-0.32%
11/10/2015,"1,088.20","1,090.10","1,091.30","1,085.00",0.02K,0.03%
11/09/2015,"1,087.90","1,088.60","1,088.60","1,087.90",0.01K,0.03%
11/06/2015,"1,087.60","1,105.20","1,109.50","1,084.80",0.08K,-1.52%
11/05/2015,"1,104.40","1,107.90","1,110.70","1,104.40",0.08K,-0.19%
11/04/2015,"1,106.50","1,119.00","1,121.90","1,106.50",0.14K,-0.69%
11/03/2015,"1,114.20","1,133.30","1,134.70","1,114.20",0.18K,-1.90%
11/02/2015,"1,135.80","1,137.90","1,138.70","1,132.60",0.18K,-0.50%
10/30/2015,"1,141.50","1,147.50","1,147.60","1,139.20",0.25K,-0.50%
10/29/2015,"1,147.20","1,158.00","1,162.00","1,144.90",0.33K,-2.54%
10/28/2015,"1,177.10","1,175.10","1,182.70","1,175.10",0.22K,0.88%
10/27/2015,"1,166.80","1,164.50","1,166.80","1,162.00",0.30K,-0.02%
10/26/2015,"1,167.00","1,165.10","1,170.00","1,163.80",0.18K,0.32%
10/23/2015,"1,163.30","1,166.20","1,178.70","1,163.30",0.04K,-0.28%
10/22/2015,"1,166.60","1,166.20","1,168.60","1,163.50",0.05K,-0.09%
10/21/2015,"1,167.60","1,175.90","1,176.40","1,164.90",0.04K,-0.88%
10/20/2015,"1,178.00","1,168.70","1,179.10","1,168.70",0.02K,0.40%
10/19/2015,"1,173.30","1,176.50","1,177.80","1,169.30",0.06K,-0.87%
10/16/2015,"1,183.60","1,182.50","1,184.10","1,176.20",0.24K,-0.36%
10/15/2015,"1,187.90","1,184.20","1,188.30","1,177.80",0.14K,0.66%
10/14/2015,"1,180.10","1,172.40","1,189.00","1,167.30",0.14K,1.23%
10/13/2015,"1,165.80","1,163.50","1,166.20","1,154.90",0.13K,0.08%
10/12/2015,"1,164.90","1,155.90","1,166.80","1,155.90",0.04K,0.74%
10/09/2015,"1,156.30","1,151.60","1,157.20","1,151.60",0.02K,1.01%
10/08/2015,"1,144.70","1,142.70","1,146.70","1,138.70",0.14K,-0.37%
10/07/2015,"1,149.00","1,147.60","1,152.90","1,143.00",0.10K,0.19%
10/06/2015,"1,146.80","1,136.30","1,150.00","1,136.30",0.14K,0.76%
10/05/2015,"1,138.10","1,137.10","1,141.70","1,132.50",0.23K,0.09%
10/02/2015,"1,137.10","1,112.20","1,141.20","1,105.80",0.32K,2.06%
10/01/2015,"1,114.20","1,115.20","1,119.00","1,113.30",1.18K,-0.12%
09/30/2015,"1,115.50","1,124.30","1,126.00","1,112.10",0.86K,-1.03%
09/29/2015,"1,127.10","1,132.20","1,134.40","1,124.30",2.42K,-0.43%
09/28/2015,"1,132.00","1,133.20","1,133.20","1,132.00",4.35K,-1.22%
09/25/2015,"1,146.00","1,149.80","1,149.80","1,143.40",0.06K,-0.68%
09/24/2015,"1,153.80","1,133.00","1,155.90","1,133.00",0.04K,1.96%
09/23/2015,"1,131.60","1,128.60","1,132.20","1,128.30",0.03K,0.59%
09/22/2015,"1,125.00","1,132.60","1,135.00","1,122.50",0.04K,-0.71%
09/21/2015,"1,133.10","1,137.60","1,138.50","1,130.80",0.02K,-0.44%
09/18/2015,"1,138.10","1,128.30","1,141.20","1,127.80",0.06K,1.86%
09/17/2015,"1,117.30","1,118.60","1,130.50","1,117.10",0.01K,-0.17%
09/16/2015,"1,119.20","1,109.80","1,119.90","1,109.80",0.03K,1.49%
09/15/2015,"1,102.80","1,104.50","1,104.50","1,102.80",0.01K,-0.44%
09/14/2015,"1,107.70","1,107.80","1,108.60","1,104.10",0.02K,0.38%
09/11/2015,"1,103.50","1,110.80","1,111.70","1,098.20",0.08K,-0.54%
09/10/2015,"1,109.50","1,107.30","1,113.50","1,105.50",0.06K,0.66%
09/09/2015,"1,102.20","1,123.50","1,123.50","1,102.10",0.15K,-1.62%
09/08/2015,"1,120.40","1,119.80","1,124.30","1,116.40",0.14K,-0.02%
09/04/2015,"1,120.60","1,123.40","1,125.20","1,116.20",0.05K,-0.28%
09/03/2015,"1,123.70","1,130.30","1,132.90","1,120.30",0.12K,-0.78%
09/02/2015,"1,132.50","1,137.30","1,140.40","1,130.80",0.20K,-0.54%
09/01/2015,"1,138.70","1,133.50","1,144.70","1,133.50",0.38K,0.63%
08/31/2015,"1,131.60","1,131.10","1,134.00","1,124.80",0.19K,-0.13%
08/28/2015,"1,133.10","1,125.30","1,139.00","1,123.60",0.28K,0.95%
08/27/2015,"1,122.40","1,127.20","1,127.40","1,118.40",0.56K,-0.20%
08/26/2015,"1,124.60","1,139.20","1,143.00","1,119.60",0.12K,-1.19%
08/25/2015,"1,138.20","1,151.50","1,155.50","1,134.00",0.22K,-1.32%
08/24/2015,"1,153.40","1,164.00","1,169.00","1,147.50",0.30K,-0.53%
08/21/2015,"1,159.60","1,154.10","1,166.50","1,150.50",0.26K,0.57%
08/20/2015,"1,153.00","1,132.80","1,153.30","1,132.80",0.41K,2.21%
08/19/2015,"1,128.10","1,117.00","1,134.30","1,116.80",0.35K,0.98%
08/18/2015,"1,117.10","1,118.20","1,118.40","1,110.00",0.47K,-0.13%
08/17/2015,"1,118.60","1,113.80","1,122.00","1,113.80",0.40K,0.51%
08/14/2015,"1,112.90","1,113.90","1,118.80","1,112.50",0.91K,-0.25%
08/13/2015,"1,115.70","1,124.30","1,124.30","1,113.00",0.44K,-0.67%
08/12/2015,"1,123.20","1,106.00","1,124.50","1,101.50",0.80K,1.41%
08/11/2015,"1,107.60","1,103.80","1,116.70","1,094.00",1.00K,0.31%
08/10/2015,"1,104.20","1,093.20","1,107.60","1,089.50",0.90K,0.92%
08/07/2015,"1,094.10","1,088.90","1,098.30","1,081.70",0.61K,0.36%
08/06/2015,"1,090.20","1,084.40","1,092.20","1,083.60",0.27K,0.41%
08/05/2015,"1,085.70","1,086.50","1,090.60","1,082.50",1.21K,-0.46%
08/04/2015,"1,090.70","1,085.10","1,093.90","1,080.50",1.14K,0.12%
08/03/2015,"1,089.40","1,095.50","1,097.10","1,085.00",2.42K,-0.50%
07/31/2015,"1,094.90","1,087.70","1,102.80","1,079.10",5.70K,0.60%
07/30/2015,"1,088.40","1,096.10","1,097.50","1,081.00",49.30K,-0.39%
07/29/2015,"1,092.70","1,096.40","1,096.90","1,092.70",159.14K,-0.33%
07/28/2015,"1,096.30","1,097.20","1,097.70","1,096.30",0.03K,-0.02%
07/27/2015,"1,096.50","1,100.00","1,102.50","1,093.90",0.02K,1.00%
07/24/2015,"1,085.60","1,078.60","1,100.70","1,078.60",0.05K,-0.77%
07/23/2015,"1,094.00","1,097.40","1,097.60","1,087.80",0.06K,0.24%
07/22/2015,"1,091.40","1,093.00","1,095.00","1,086.00",0.05K,-1.09%
07/21/2015,"1,103.40","1,097.10","1,106.40","1,097.10",0.12K,-0.30%
07/20/2015,"1,106.70","1,130.40","1,130.70","1,095.10",0.19K,-2.22%
07/17/2015,"1,131.80","1,144.00","1,144.00","1,130.20",0.12K,-1.05%
07/16/2015,"1,143.80","1,146.20","1,146.20","1,142.90",0.01K,-0.30%
07/15/2015,"1,147.20","1,154.00","1,154.00","1,144.80",0.01K,-0.53%
07/14/2015,"1,153.30","1,157.20","1,157.20","1,153.00",0.04K,-0.16%
07/13/2015,"1,155.20","1,159.00","1,159.00","1,151.20",0.01K,-0.22%
07/10/2015,"1,157.70","1,160.10","1,161.40","1,157.50",0.03K,-0.11%
07/09/2015,"1,159.00","1,154.80","1,163.60","1,154.80",0.07K,-0.37%
07/08/2015,"1,163.30","1,152.60","1,163.30","1,146.40",0.07K,0.95%
07/07/2015,"1,152.40","1,166.80","1,166.80","1,149.50",0.47K,-1.75%
07/06/2015,"1,172.90","1,171.10","1,173.00","1,162.20",0.63K,0.85%
07/02/2015,"1,163.00","1,166.40","1,168.10","1,155.50",0.32K,-0.51%
07/01/2015,"1,169.00","1,173.10","1,173.10","1,166.60",0.46K,-0.21%
06/30/2015,"1,171.50","1,176.30","1,176.40","1,166.60",0.22K,-0.59%
06/29/2015,"1,178.50","1,185.10","1,186.00","1,173.80",0.17K,0.48%
06/26/2015,"1,172.90","1,170.50","1,172.90","1,170.50",0.31K,0.12%
06/25/2015,"1,171.50","1,175.80","1,175.90","1,171.50",0.10K,-0.09%
06/24/2015,"1,172.60","1,176.60","1,176.60","1,170.70",0.26K,-0.31%
06/23/2015,"1,176.20","1,183.80","1,186.00","1,176.20",0.06K,-0.63%
06/22/2015,"1,183.70","1,197.80","1,197.80","1,182.70",0.03K,-1.48%
06/19/2015,"1,201.50","1,199.70","1,203.10","1,199.70",0.14K,0.00%
06/18/2015,"1,201.50","1,183.40","1,202.00","1,183.40",0.13K,2.13%
06/17/2015,"1,176.40","1,177.60","1,186.30","1,174.90",0.17K,-0.35%
06/16/2015,"1,180.50","1,186.50","1,186.50","1,175.90",0.03K,-0.40%
06/15/2015,"1,185.30","1,179.90","1,188.50","1,172.70",0.10K,0.55%
06/12/2015,"1,178.80","1,180.40","1,181.20","1,176.20",0.14K,-0.09%
06/11/2015,"1,179.90","1,183.20","1,183.20","1,174.40",0.07K,-0.52%
06/10/2015,"1,186.10","1,176.10","1,190.10","1,175.60",0.29K,0.75%
06/09/2015,"1,177.30","1,172.90","1,180.30","1,172.70",0.14K,0.35%
06/08/2015,"1,173.20","1,169.50","1,176.10","1,169.10",0.17K,0.46%
06/05/2015,"1,167.80","1,176.40","1,177.30","1,164.00",0.39K,-0.60%
06/04/2015,"1,174.90","1,184.90","1,185.30","1,173.00",0.45K,-0.83%
06/03/2015,"1,184.70","1,193.90","1,193.90","1,179.10",0.63K,-0.79%
06/02/2015,"1,194.10","1,189.00","1,194.30","1,186.00",1.00K,0.49%
06/01/2015,"1,188.30","1,190.60","1,204.00","1,184.30",1.24K,-0.09%
05/29/2015,"1,189.40","1,187.80","1,193.30","1,185.70",4.75K,0.11%
05/28/2015,"1,188.10","1,187.10","1,192.00","1,179.60",52.70K,0.19%
05/27/2015,"1,185.90","1,185.90","1,185.90","1,185.90",200.22K,-0.11%
05/26/2015,"1,187.20","1,193.60","1,193.60","1,186.00",0.04K,-1.42%
05/22/2015,"1,204.30","1,211.60","1,211.90","1,204.30",0.01K,-0.01%
05/21/2015,"1,204.40","1,204.50","1,204.50","1,203.70",0.04K,-0.37%
05/20/2015,"1,208.90","1,205.10","1,210.80","1,205.10",0.01K,0.17%
05/19/2015,"1,206.90","1,223.90","1,223.90","1,206.00",0.01K,-1.70%
05/18/2015,"1,227.80","1,224.50","1,228.10","1,222.60",0.01K,0.19%
05/15/2015,"1,225.50","1,218.50","1,225.50","1,214.80",0.01K,0.01%
05/14/2015,"1,225.40","1,214.50","1,225.60","1,214.50",0.04K,0.57%
05/13/2015,"1,218.40","1,192.70","1,218.40","1,191.00",0.03K,2.16%
05/12/2015,"1,192.60","1,194.60","1,194.80","1,189.70",0.01K,0.79%
05/11/2015,"1,183.20","1,189.70","1,190.50","1,179.30",0.03K,-0.50%
05/08/2015,"1,189.10","1,183.30","1,189.10","1,182.90",0.05K,0.57%
05/07/2015,"1,182.40","1,181.50","1,186.00","1,179.70",0.04K,-0.66%
05/06/2015,"1,190.30","1,194.50","1,194.60","1,189.90",0.01K,-0.24%
05/05/2015,"1,193.20","1,187.50","1,198.70","1,186.90",0.05K,0.54%
05/04/2015,"1,186.80","1,177.50","1,189.40","1,177.50",0.04K,1.05%
05/01/2015,"1,174.50","1,178.10","1,178.10","1,170.00",0.02K,-0.67%
04/30/2015,"1,182.40","1,203.10","1,205.90","1,176.70",0.14K,-2.26%
04/29/2015,"1,209.80","1,211.20","1,212.60","1,201.90",0.11K,-0.35%
04/28/2015,"1,214.00","1,199.70","1,214.00","1,199.70",0.40K,0.89%
04/27/2015,"1,203.30","1,182.30","1,206.70","1,181.40",0.19K,2.39%
04/24/2015,"1,175.20","1,192.30","1,194.70","1,174.60",0.05K,-1.61%
04/23/2015,"1,194.40","1,187.20","1,197.00","1,186.10",0.33K,0.63%
04/22/2015,"1,186.90","1,199.10","1,202.60","1,185.20",0.09K,-1.33%
04/21/2015,"1,202.90","1,193.20","1,202.90","1,192.80",0.03K,0.79%
04/20/2015,"1,193.50","1,205.70","1,206.90","1,191.00",0.07K,-0.78%
04/17/2015,"1,202.90","1,200.20","1,206.00","1,200.20",0.02K,0.41%
04/16/2015,"1,198.00","1,204.30","1,208.50","1,194.60",0.20K,-0.29%
04/15/2015,"1,201.50","1,194.60","1,203.10","1,188.60",0.20K,0.73%
04/14/2015,"1,192.80","1,198.80","1,200.60","1,184.10",0.55K,-0.54%
04/13/2015,"1,199.30","1,208.10","1,208.10","1,198.30",0.42K,-0.44%
04/10/2015,"1,204.60","1,195.80","1,209.60","1,195.80",0.20K,0.92%
04/09/2015,"1,193.60","1,201.70","1,202.50","1,193.00",0.52K,-0.79%
04/08/2015,"1,203.10","1,208.90","1,211.40","1,197.60",0.24K,-0.62%
04/07/2015,"1,210.60","1,214.80","1,214.80","1,208.20",0.41K,-0.66%
04/06/2015,"1,218.60","1,209.90","1,224.20","1,209.90",0.34K,1.47%
04/02/2015,"1,200.90","1,204.00","1,205.70","1,194.80",1.68K,-0.60%
04/01/2015,"1,208.10","1,182.90","1,208.20","1,181.00",1.63K,2.11%
03/31/2015,"1,183.10","1,185.80","1,190.10","1,178.20",3.41K,-0.14%
03/30/2015,"1,184.80","1,198.00","1,198.50","1,181.60",37.99K,-1.25%
03/27/2015,"1,199.80","1,197.00","1,199.80","1,196.30",172.26K,-0.44%
03/26/2015,"1,205.10","1,198.20","1,213.70","1,198.20",0.07K,0.65%
03/25/2015,"1,197.30","1,192.50","1,199.20","1,192.50",0.01K,0.47%
03/24/2015,"1,191.70","1,188.00","1,193.00","1,186.00",0.41K,0.31%
03/23/2015,"1,188.00","1,181.60","1,188.00","1,181.20",0.01K,0.27%
03/20/2015,"1,184.80","1,171.00","1,185.40","1,171.00",0.05K,1.34%
03/19/2015,"1,169.10","1,171.60","1,171.60","1,159.30",0.04K,1.54%
03/18/2015,"1,151.40","1,148.70","1,174.30","1,147.00",0.11K,0.27%
03/17/2015,"1,148.30","1,153.60","1,158.20","1,144.30",0.07K,-0.43%
03/16/2015,"1,153.30","1,159.70","1,162.30","1,150.10",0.06K,0.06%
03/13/2015,"1,152.60","1,158.20","1,159.20","1,152.60",0.04K,0.04%
03/12/2015,"1,152.10","1,155.40","1,160.50","1,149.70",0.06K,0.12%
03/11/2015,"1,150.70","1,162.00","1,162.00","1,147.70",0.07K,-0.81%
03/10/2015,"1,160.10","1,166.40","1,168.40","1,156.50",0.09K,-0.54%
03/09/2015,"1,166.40","1,169.40","1,174.20","1,166.30",0.04K,0.20%
03/06/2015,"1,164.10","1,195.00","1,195.70","1,163.70",0.17K,-2.66%
03/05/2015,"1,195.90","1,201.70","1,205.40","1,195.90",0.03K,-0.39%
03/04/2015,"1,200.60","1,204.80","1,206.90","1,198.00",0.03K,-0.28%
03/03/2015,"1,204.00","1,201.50","1,212.00","1,195.00",0.05K,-0.31%
03/02/2015,"1,207.70","1,214.30","1,222.70","1,204.90",0.12K,-0.40%
02/27/2015,"1,212.60","1,207.70","1,217.80","1,204.50",0.20K,0.25%
02/26/2015,"1,209.60","1,204.80","1,219.00","1,204.80",0.56K,0.72%
02/25/2015,"1,201.00","1,204.30","1,204.60","1,201.00",0.57K,0.34%
02/24/2015,"1,196.90","1,203.40","1,203.50","1,193.80",0.15K,-0.28%
02/23/2015,"1,200.30","1,201.30","1,203.30","1,191.60",0.27K,-0.34%
02/20/2015,"1,204.40","1,206.50","1,213.10","1,199.10",0.05K,-0.22%
02/19/2015,"1,207.10","1,216.50","1,220.00","1,205.00",0.07K,0.62%
02/18/2015,"1,199.70","1,207.10","1,210.20","1,197.80",0.15K,-0.70%
02/17/2015,"1,208.10","1,227.70","1,234.00","1,203.00",0.20K,-1.50%
02/13/2015,"1,226.50","1,222.20","1,232.80","1,222.20",0.07K,0.52%
02/12/2015,"1,220.10","1,217.90","1,229.80","1,217.90",0.10K,0.09%
02/11/2015,"1,219.00","1,233.30","1,237.40","1,219.00",0.10K,-1.02%
02/10/2015,"1,231.60","1,237.50","1,245.00","1,231.20",0.23K,-0.74%
02/09/2015,"1,240.80","1,237.50","1,242.30","1,235.40",0.32K,0.56%
02/06/2015,"1,233.90","1,265.00","1,267.60","1,228.00",0.43K,-2.23%
02/05/2015,"1,262.00","1,271.80","1,272.60","1,257.80",0.13K,-0.14%
02/04/2015,"1,263.80","1,262.00","1,271.60","1,256.80",0.67K,0.33%
02/03/2015,"1,259.70","1,273.50","1,284.70","1,255.30",2.38K,-1.29%
02/02/2015,"1,276.20","1,284.10","1,284.10","1,266.00",1.65K,-0.18%
01/30/2015,"1,278.50","1,258.00","1,284.30","1,257.00",8.63K,1.90%
01/29/2015,"1,254.60","1,283.30","1,285.40","1,251.00",67.98K,-2.43%
01/28/2015,"1,285.90","1,285.90","1,286.80","1,285.90",180.39K,-0.45%
01/27/2015,"1,291.70","1,277.20","1,291.70","1,277.20",0.02K,0.96%
01/26/2015,"1,279.40","1,289.50","1,290.60","1,279.40",0.03K,-1.02%
01/23/2015,"1,292.60","1,299.80","1,299.80","1,292.60",0.02K,-0.62%
01/22/2015,"1,300.70","1,293.20","1,302.10","1,283.50",0.13K,0.54%
01/21/2015,"1,293.70","1,295.20","1,303.50","1,286.70",0.08K,-0.04%
01/20/2015,"1,294.20","1,278.90","1,297.30","1,273.80",0.16K,1.35%
01/16/2015,"1,276.90","1,256.10","1,279.70","1,256.10",0.04K,0.96%
01/15/2015,"1,264.70","1,231.50","1,265.00","1,227.30",0.13K,2.45%
01/14/2015,"1,234.40","1,229.60","1,243.80","1,225.60",0.02K,0.01%
01/13/2015,"1,234.30","1,239.20","1,239.30","1,230.30",0.02K,0.13%
01/12/2015,"1,232.70","1,224.20","1,234.40","1,219.10",0.10K,1.37%
01/09/2015,"1,216.00","1,211.10","1,220.20","1,210.30",0.04K,0.63%
01/08/2015,"1,208.40","1,207.00","1,215.70","1,206.30",0.09K,-0.18%
01/07/2015,"1,210.60","1,219.20","1,219.20","1,210.60",0.03K,-0.71%
01/06/2015,"1,219.30","1,203.50","1,220.00","1,203.50",0.10K,1.28%
01/05/2015,"1,203.90","1,180.30","1,206.90","1,180.10",0.47K,1.51%
01/02/2015,"1,186.00","1,184.00","1,194.50","1,169.50",0.14K,0.18%
12/31/2014,"1,183.90","1,199.20","1,199.20","1,182.70",0.09K,-1.36%
12/30/2014,"1,200.20","1,181.40","1,210.30","1,181.40",0.19K,1.57%
12/29/2014,"1,181.70","1,186.50","1,186.50","1,181.30",0.18K,-1.14%
12/26/2014,"1,195.30","1,177.20","1,195.30","1,177.20",0.12K,1.86%
12/24/2014,"1,173.50","1,177.00","1,179.30","1,173.50",0.02K,-0.37%
12/23/2014,"1,177.90","1,179.30","1,180.30","1,175.00",0.23K,-0.15%
12/22/2014,"1,179.70","1,198.00","1,198.00","1,172.70",0.22K,-1.35%
12/19/2014,"1,195.90","1,198.00","1,200.80","1,195.90",0.10K,0.10%
12/18/2014,"1,194.70","1,189.70","1,207.30","1,189.70",0.20K,0.03%
12/17/2014,"1,194.30","1,198.20","1,199.60","1,184.00",0.09K,0.03%
12/16/2014,"1,193.90","1,197.20","1,222.00","1,192.70",0.22K,-1.10%
12/15/2014,"1,207.20","1,223.10","1,223.10","1,198.40",0.08K,-1.21%
12/12/2014,"1,222.00","1,227.80","1,227.80","1,216.20",0.20K,-0.25%
12/11/2014,"1,225.10","1,226.60","1,231.20","1,216.20",0.26K,-0.31%
12/10/2014,"1,228.90","1,231.20","1,234.60","1,226.60",0.31K,-0.21%
12/09/2014,"1,231.50","1,202.00","1,238.00","1,202.00",0.31K,3.08%
12/08/2014,"1,194.70","1,190.60","1,207.00","1,187.20",0.18K,0.39%
12/05/2014,"1,190.10","1,203.10","1,206.00","1,186.70",0.56K,-1.44%
12/04/2014,"1,207.50","1,208.20","1,213.00","1,201.60",0.36K,-0.08%
12/03/2014,"1,208.50","1,198.10","1,213.70","1,196.10",0.44K,0.78%
12/02/2014,"1,199.20","1,212.30","1,212.30","1,191.30",1.24K,-1.54%
12/01/2014,"1,218.00","1,160.00","1,220.40","1,141.70",5.52K,3.64%
11/28/2014,"1,175.20","1,197.00","1,198.20","1,163.80",11.18K,-1.79%
11/26/2014,"1,196.60","1,200.50","1,201.00","1,193.70",75.30K,-0.04%
11/25/2014,"1,197.10","1,197.10","1,197.10","1,197.10",210.75K,0.13%
11/24/2014,"1,195.50","1,197.70","1,197.90","1,195.50",0.02K,-0.17%
11/21/2014,"1,197.50","1,191.00","1,202.40","1,189.00",0.02K,0.57%
11/20/2014,"1,190.70","1,191.80","1,191.90","1,190.70",0.00K,-0.24%
11/19/2014,"1,193.60","1,196.50","1,198.30","1,190.60",0.02K,-0.26%
11/18/2014,"1,196.70","1,197.10","1,197.10","1,193.90",0.00K,1.16%
11/17/2014,"1,183.00","1,183.10","1,186.90","1,180.60",0.02K,-0.17%
11/14/2014,"1,185.00","1,155.20","1,191.00","1,148.00",0.49K,2.06%
11/13/2014,"1,161.10","1,163.70","1,164.50","1,155.00",1.05K,0.19%
11/12/2014,"1,158.90","1,162.50","1,168.10","1,157.50",0.02K,-0.34%
11/11/2014,"1,162.80","1,155.00","1,170.50","1,151.60",0.02K,0.28%
11/10/2014,"1,159.60","1,171.00","1,171.00","1,150.70",0.04K,-0.85%
11/07/2014,"1,169.60","1,139.90","1,169.70","1,133.00",0.10K,2.39%
11/06/2014,"1,142.30","1,141.10","1,147.50","1,137.90",0.14K,-0.27%
11/05/2014,"1,145.40","1,168.10","1,168.70","1,137.80",0.16K,-1.88%
11/04/2014,"1,167.40","1,166.90","1,171.00","1,165.00",0.04K,-0.17%
11/03/2014,"1,169.40","1,166.40","1,172.30","1,163.10",0.06K,-0.15%
10/31/2014,"1,171.10","1,199.60","1,199.70","1,161.40",0.26K,-2.25%
10/30/2014,"1,198.10","1,213.70","1,214.70","1,195.80",0.52K,-2.14%
10/29/2014,"1,224.30","1,224.30","1,224.30","1,224.30",0.63K,-0.40%
10/28/2014,"1,229.20","1,224.90","1,231.00","1,224.70",0.05K,0.01%
10/27/2014,"1,229.10","1,230.20","1,230.20","1,227.30",0.28K,-0.17%
10/24/2014,"1,231.20","1,229.40","1,232.70","1,229.40",0.07K,0.22%
10/23/2014,"1,228.50","1,228.00","1,228.50","1,227.90",0.00K,-1.31%
10/22/2014,"1,244.80","1,244.80","1,244.80","1,244.80",0.00K,-0.50%
10/21/2014,"1,251.00","1,251.00","1,251.00","1,251.00",0.05K,0.56%
10/20/2014,"1,244.00","1,237.30","1,244.00","1,235.40",0.10K,0.46%
10/17/2014,"1,238.30","1,237.40","1,238.30","1,232.60",0.36K,-0.18%
10/16/2014,"1,240.50","1,242.10","1,243.00","1,236.70",0.01K,-0.29%
10/15/2014,"1,244.10","1,243.70","1,247.00","1,243.70",0.25K,0.85%
10/14/2014,"1,233.60","1,235.90","1,235.90","1,233.60",0.07K,0.35%
10/13/2014,"1,229.30","1,229.80","1,234.00","1,227.00",0.10K,0.68%
10/10/2014,"1,221.00","1,223.50","1,223.50","1,217.00",0.19K,-0.29%
10/09/2014,"1,224.60","1,223.90","1,229.00","1,223.90",0.02K,1.60%
10/08/2014,"1,205.30","1,210.20","1,217.90","1,205.30",0.01K,-0.53%
10/07/2014,"1,211.70","1,209.10","1,211.70","1,205.30",0.27K,0.41%
10/06/2014,"1,206.70","1,187.70","1,208.00","1,182.80",0.41K,1.22%
10/03/2014,"1,192.20","1,212.40","1,212.40","1,191.00",0.50K,-1.81%
10/02/2014,"1,214.20","1,215.30","1,219.50","1,210.30",0.18K,-0.03%
10/01/2014,"1,214.60","1,207.70","1,217.80","1,205.50",0.18K,0.34%
09/30/2014,"1,210.50","1,214.80","1,218.20","1,204.00",0.68K,-0.57%
09/29/2014,"1,217.50","1,216.30","1,222.20","1,214.80",6.34K,0.28%
09/26/2014,"1,214.10","1,214.10","1,214.10","1,214.10",19.50K,-0.58%
09/25/2014,"1,221.20","1,209.50","1,221.20","1,209.50",0.01K,0.21%
09/24/2014,"1,218.60","1,218.60","1,218.60","1,216.80",0.00K,-0.20%
09/23/2014,"1,221.00","1,221.00","1,221.00","1,221.00",0.01K,0.35%
09/22/2014,"1,216.80","1,214.90","1,216.80","1,212.40",0.01K,0.12%
09/19/2014,"1,215.30","1,218.30","1,218.30","1,215.30",0.00K,-0.85%
09/18/2014,"1,225.70","1,216.20","1,225.70","1,216.20",0.01K,-0.70%
09/17/2014,"1,234.40","1,236.20","1,236.20","1,221.90",0.01K,-0.06%
09/16/2014,"1,235.20","1,238.30","1,238.30","1,235.20",0.00K,0.13%
09/15/2014,"1,233.60","1,226.70","1,235.00","1,226.70",0.02K,0.30%
09/12/2014,"1,229.90","1,227.00","1,229.90","1,227.00",0.05K,-0.61%
09/11/2014,"1,237.40","1,237.40","1,237.40","1,237.40",,-0.49%
09/10/2014,"1,243.50","1,256.70","1,256.70","1,243.50",0.10K,-0.26%
09/09/2014,"1,246.80","1,246.80","1,246.80","1,246.80",,-0.47%
09/08/2014,"1,252.70","1,268.40","1,268.40","1,252.70",0.00K,-1.03%
09/05/2014,"1,265.80","1,263.20","1,268.10","1,263.20",0.12K,0.06%
09/04/2014,"1,265.10","1,268.70","1,272.70","1,260.40",0.29K,-0.30%
09/03/2014,"1,268.90","1,266.30","1,271.10","1,263.10",0.28K,0.41%
09/02/2014,"1,263.70","1,284.50","1,286.40","1,262.50",0.28K,-1.72%
08/29/2014,"1,285.80","1,289.50","1,289.70","1,284.80",0.12K,-0.23%
08/28/2014,"1,288.70","1,284.50","1,293.70","1,284.30",0.82K,0.53%
08/27/2014,"1,281.90","1,281.50","1,282.30","1,281.50",0.78K,-0.15%
08/26/2014,"1,283.80","1,289.40","1,289.50","1,281.10",0.07K,0.51%
08/25/2014,"1,277.30","1,277.30","1,277.60","1,273.70",0.25K,-0.10%
08/22/2014,"1,278.60","1,276.00","1,280.00","1,275.00",0.12K,0.38%
08/21/2014,"1,273.70","1,290.00","1,290.00","1,272.00",0.26K,-1.52%
08/20/2014,"1,293.40","1,295.40","1,295.80","1,288.40",0.33K,-0.13%
08/19/2014,"1,295.10","1,298.80","1,301.60","1,294.00",0.14K,-0.20%
08/18/2014,"1,297.70","1,301.40","1,302.10","1,295.70",0.10K,-0.52%
08/15/2014,"1,304.50","1,311.70","1,312.80","1,292.00",0.20K,-0.72%
08/14/2014,"1,313.90","1,311.80","1,316.40","1,309.70",0.32K,0.08%
08/13/2014,"1,312.80","1,308.80","1,312.80","1,305.00",0.24K,0.31%
08/12/2014,"1,308.80","1,306.20","1,315.80","1,305.80",0.44K,0.02%
08/11/2014,"1,308.50","1,308.40","1,309.70","1,305.30",0.19K,-0.03%
08/08/2014,"1,308.90","1,310.80","1,321.40","1,308.00",0.59K,-0.14%
08/07/2014,"1,310.80","1,305.30","1,313.10","1,302.50",0.23K,0.31%
08/06/2014,"1,306.70","1,288.10","1,309.00","1,287.80",0.71K,1.77%
08/05/2014,"1,284.00","1,288.00","1,292.70","1,282.60",0.82K,-0.29%
08/04/2014,"1,287.70","1,294.40","1,295.00","1,285.90",0.92K,-0.46%
08/01/2014,"1,293.60","1,284.10","1,296.60","1,279.70",1.99K,0.96%
07/31/2014,"1,281.30","1,295.10","1,297.30","1,280.60",5.66K,-1.05%
07/30/2014,"1,294.90","1,298.60","1,303.00","1,291.00",36.19K,-0.26%
07/29/2014,"1,298.30","1,310.90","1,310.90","1,298.30",181.55K,-0.38%
07/28/2014,"1,303.30","1,307.40","1,308.00","1,303.30",0.05K,0.02%
07/25/2014,"1,303.10","1,294.80","1,303.10","1,294.80",0.01K,0.97%
07/24/2014,"1,290.60","1,297.50","1,297.50","1,290.60",0.00K,-1.07%
07/23/2014,"1,304.50","1,304.50","1,304.50","1,304.50",,-0.12%
07/22/2014,"1,306.10","1,306.10","1,306.10","1,306.10",0.00K,-0.58%
07/21/2014,"1,313.70","1,311.00","1,315.50","1,311.00",0.02K,0.34%
07/18/2014,"1,309.20","1,322.70","1,322.70","1,306.20",0.03K,-0.57%
07/17/2014,"1,316.70","1,303.10","1,323.80","1,303.10",0.02K,1.32%
07/16/2014,"1,299.60","1,298.40","1,303.10","1,296.90",0.03K,0.21%
07/15/2014,"1,296.90","1,307.40","1,311.90","1,294.10",0.37K,-0.72%
07/14/2014,"1,306.30","1,332.80","1,332.80","1,304.70",0.10K,-2.30%
07/11/2014,"1,337.00","1,337.90","1,339.00","1,336.20",0.11K,-0.13%
07/10/2014,"1,338.70","1,330.50","1,343.70","1,328.00",0.03K,1.13%
07/09/2014,"1,323.80","1,324.00","1,330.40","1,323.80",0.02K,0.59%
07/08/2014,"1,316.00","1,318.40","1,323.50","1,316.00",0.01K,-0.04%
07/07/2014,"1,316.50","1,318.70","1,320.30","1,313.20",0.09K,-0.30%
07/03/2014,"1,320.40","1,327.30","1,327.70","1,313.00",0.04K,-0.77%
07/02/2014,"1,330.70","1,326.80","1,330.70","1,326.80",0.23K,0.32%
07/01/2014,"1,326.40","1,326.70","1,331.40","1,326.20",0.05K,0.35%
06/30/2014,"1,321.80","1,315.30","1,328.70","1,311.80",0.74K,0.21%
06/27/2014,"1,319.00","1,317.40","1,320.90","1,313.30",0.62K,0.22%
06/26/2014,"1,316.10","1,319.60","1,319.60","1,312.40",1.20K,-0.46%
06/25/2014,"1,322.20","1,315.30","1,323.40","1,312.00",0.29K,0.10%
06/24/2014,"1,320.90","1,315.60","1,325.60","1,315.60",0.22K,0.22%
06/23/2014,"1,318.00","1,312.30","1,318.00","1,312.30",0.14K,0.14%
06/20/2014,"1,316.20","1,321.40","1,321.40","1,306.80",0.25K,0.19%
06/19/2014,"1,313.70","1,277.20","1,321.00","1,277.20",0.60K,3.25%
06/18/2014,"1,272.40","1,269.90","1,272.70","1,267.40",0.14K,0.06%
06/17/2014,"1,271.70","1,272.80","1,272.80","1,260.90",0.82K,-0.25%
06/16/2014,"1,274.90","1,279.80","1,282.10","1,270.80",0.33K,0.09%
06/13/2014,"1,273.70","1,272.50","1,274.70","1,271.30",0.14K,0.01%
06/12/2014,"1,273.60","1,260.00","1,274.50","1,260.00",0.13K,1.02%
06/11/2014,"1,260.80","1,259.90","1,264.40","1,259.10",0.13K,0.08%
06/10/2014,"1,259.80","1,252.40","1,262.30","1,251.00",1.01K,0.50%
06/09/2014,"1,253.50","1,252.70","1,256.10","1,252.60",0.10K,0.11%
06/06/2014,"1,252.10","1,253.40","1,256.60","1,246.30",0.38K,-0.07%
06/05/2014,"1,253.00","1,244.00","1,256.60","1,241.20",1.32K,0.72%
06/04/2014,"1,244.00","1,245.10","1,248.80","1,242.70",0.60K,-0.02%
06/03/2014,"1,244.30","1,244.10","1,247.50","1,240.50",0.65K,0.05%
06/02/2014,"1,243.70","1,250.00","1,250.70","1,240.90",0.77K,-0.15%
05/30/2014,"1,245.60","1,255.10","1,259.60","1,241.80",3.84K,-0.85%
05/29/2014,"1,256.30","1,258.30","1,260.60","1,250.90",38.05K,-0.24%
05/28/2014,"1,259.30","1,259.30","1,259.30","1,259.30",168.82K,-0.48%
05/27/2014,"1,265.40","1,291.90","1,291.90","1,265.40",0.03K,-2.03%
05/23/2014,"1,291.60","1,293.20","1,293.40","1,291.60",0.00K,-0.25%
05/22/2014,"1,294.90","1,294.20","1,295.00","1,294.20",0.00K,0.54%
05/21/2014,"1,288.00","1,287.40","1,288.00","1,287.40",0.00K,-0.50%
05/20/2014,"1,294.50","1,290.70","1,294.50","1,290.10",0.01K,0.06%
05/19/2014,"1,293.70","1,293.70","1,293.70","1,293.70",0.04K,0.03%
05/16/2014,"1,293.30","1,293.30","1,293.30","1,293.30",0.01K,-0.02%
05/15/2014,"1,293.50","1,302.50","1,302.50","1,292.80",0.03K,-0.93%
05/14/2014,"1,305.70","1,292.80","1,306.90","1,292.80",0.03K,0.86%
05/13/2014,"1,294.60","1,295.50","1,295.50","1,292.00",0.02K,-0.08%
05/12/2014,"1,295.60","1,282.10","1,295.90","1,281.20",0.02K,0.64%
05/09/2014,"1,287.30","1,287.30","1,287.30","1,287.30",0.00K,-0.01%
05/08/2014,"1,287.40","1,291.50","1,291.50","1,285.50",0.07K,-0.09%
05/07/2014,"1,288.60","1,310.30","1,312.00","1,288.00",0.02K,-1.51%
05/06/2014,"1,308.30","1,309.40","1,309.40","1,306.90",0.01K,-0.05%
05/05/2014,"1,309.00","1,305.60","1,314.20","1,305.50",0.03K,0.49%
05/02/2014,"1,302.60","1,276.70","1,302.70","1,276.70",0.09K,1.52%
05/01/2014,"1,283.10","1,288.70","1,288.70","1,278.00",0.03K,-0.96%
04/30/2014,"1,295.60","1,296.00","1,296.50","1,286.60",0.18K,-0.03%
04/29/2014,"1,296.00","1,295.50","1,300.50","1,289.10",0.90K,-0.22%
04/28/2014,"1,298.90","1,305.40","1,305.40","1,293.00",0.39K,-0.14%
04/25/2014,"1,300.70","1,293.80","1,304.60","1,293.80",0.27K,0.79%
04/24/2014,"1,290.50","1,284.60","1,297.90","1,272.40",0.52K,0.49%
04/23/2014,"1,284.20","1,284.30","1,287.70","1,282.40",0.18K,0.28%
04/22/2014,"1,280.60","1,289.20","1,291.60","1,276.00",0.10K,-0.57%
04/21/2014,"1,288.00","1,290.00","1,299.20","1,283.80",0.10K,-0.42%
04/17/2014,"1,293.40","1,300.10","1,303.00","1,292.50",0.12K,-0.74%
04/16/2014,"1,303.10","1,302.70","1,303.50","1,295.00",0.18K,0.24%
04/15/2014,"1,300.00","1,322.70","1,322.70","1,291.50",0.24K,-2.05%
04/14/2014,"1,327.20","1,320.10","1,330.00","1,320.10",0.33K,0.64%
04/11/2014,"1,318.70","1,319.00","1,322.80","1,316.30",0.08K,-0.11%
04/10/2014,"1,320.10","1,311.80","1,323.80","1,311.20",0.13K,1.12%
04/09/2014,"1,305.50","1,309.50","1,313.60","1,301.10",0.19K,-0.24%
04/08/2014,"1,308.70","1,296.60","1,314.10","1,296.60",0.26K,0.82%
04/07/2014,"1,298.00","1,301.40","1,304.00","1,296.30",0.36K,-0.40%
04/04/2014,"1,303.20","1,285.50","1,306.10","1,284.40",0.98K,1.46%
04/03/2014,"1,284.40","1,290.80","1,293.50","1,282.70",0.78K,-0.47%
04/02/2014,"1,290.50","1,280.20","1,294.10","1,280.20",1.10K,0.85%
04/01/2014,"1,279.60","1,285.10","1,287.90","1,277.30",0.88K,-0.30%
03/31/2014,"1,283.40","1,294.30","1,298.80","1,282.40",4.12K,-0.80%
03/28/2014,"1,293.80","1,292.20","1,299.40","1,285.90",65.49K,-0.07%
03/27/2014,"1,294.70","1,294.70","1,294.70","1,294.70",185.02K,-0.67%
03/26/2014,"1,303.40","1,315.20","1,315.20","1,303.40",0.00K,-0.61%
03/25/2014,"1,311.40","1,315.50","1,315.50","1,307.50",0.05K,0.02%
03/24/2014,"1,311.20","1,333.00","1,333.00","1,310.50",0.10K,-1.86%
03/21/2014,"1,336.00","1,339.10","1,339.10","1,335.80",0.00K,0.41%
03/20/2014,"1,330.50","1,333.70","1,333.70","1,325.80",0.07K,-0.81%
03/19/2014,"1,341.40","1,357.10","1,358.00","1,332.70",0.06K,-1.30%
03/18/2014,"1,359.00","1,359.30","1,361.80","1,353.40",0.04K,-1.01%
03/17/2014,"1,372.90","1,386.10","1,391.40","1,372.20",0.03K,-0.44%
03/14/2014,"1,379.00","1,376.10","1,386.60","1,371.10",0.09K,0.50%
03/13/2014,"1,372.20","1,366.80","1,374.50","1,366.50",0.02K,0.14%
03/12/2014,"1,370.30","1,349.10","1,370.50","1,348.70",0.06K,1.77%
03/11/2014,"1,346.50","1,340.00","1,352.40","1,338.10",0.05K,0.38%
03/10/2014,"1,341.40","1,336.00","1,344.70","1,330.50",0.10K,0.25%
03/07/2014,"1,338.10","1,349.50","1,352.70","1,329.20",0.10K,-1.01%
03/06/2014,"1,351.70","1,338.00","1,351.70","1,333.30",0.06K,0.86%
03/05/2014,"1,340.20","1,334.80","1,341.00","1,334.80",0.03K,0.18%
03/04/2014,"1,337.80","1,350.40","1,350.40","1,332.20",0.08K,-0.91%
03/03/2014,"1,350.10","1,335.90","1,354.10","1,332.90",0.23K,2.17%
02/28/2014,"1,321.40","1,329.80","1,332.60","1,321.10",0.24K,-0.77%
02/27/2014,"1,331.60","1,329.30","1,335.00","1,324.60",0.37K,0.26%
02/26/2014,"1,328.20","1,341.20","1,342.00","1,325.60",0.48K,-1.10%
02/25/2014,"1,343.00","1,336.40","1,343.90","1,333.10",0.29K,0.35%
02/24/2014,"1,338.30","1,324.30","1,339.00","1,321.40",0.09K,1.09%
02/21/2014,"1,323.90","1,320.00","1,328.30","1,317.40",0.17K,0.52%
02/20/2014,"1,317.10","1,310.70","1,323.50","1,309.60",0.12K,-0.27%
02/19/2014,"1,320.60","1,318.30","1,321.60","1,309.10",0.19K,-0.31%
02/18/2014,"1,324.70","1,322.90","1,330.60","1,313.90",0.37K,0.43%
02/14/2014,"1,319.00","1,301.70","1,320.70","1,301.70",0.31K,1.43%
02/13/2014,"1,300.40","1,293.30","1,303.50","1,287.50",0.88K,0.39%
02/12/2014,"1,295.30","1,290.50","1,296.20","1,285.50",0.14K,0.40%
02/11/2014,"1,290.10","1,274.00","1,292.00","1,273.80",0.56K,1.20%
02/10/2014,"1,274.80","1,269.60","1,277.30","1,265.70",0.74K,0.91%
02/07/2014,"1,263.30","1,258.30","1,271.40","1,257.90",0.44K,0.45%
02/06/2014,"1,257.60","1,258.00","1,267.00","1,253.50",0.27K,0.02%
02/05/2014,"1,257.30","1,254.00","1,273.70","1,253.10",1.62K,0.45%
02/04/2014,"1,251.70","1,258.40","1,260.70","1,247.80",1.75K,-0.69%
02/03/2014,"1,260.40","1,242.40","1,266.30","1,241.20",2.91K,1.64%
01/31/2014,"1,240.10","1,243.60","1,254.50","1,238.40",5.82K,-0.17%
01/30/2014,"1,242.20","1,267.00","1,267.70","1,237.50",45.28K,-1.58%
01/29/2014,"1,262.20","1,262.20","1,262.20","1,262.20",137.03K,0.90%
01/28/2014,"1,251.00","1,257.90","1,258.40","1,251.00",0.02K,-1.00%
01/27/2014,"1,263.60","1,259.80","1,264.40","1,254.40",0.09K,-0.07%
01/24/2014,"1,264.50","1,258.30","1,269.40","1,258.30",0.04K,0.15%
01/23/2014,"1,262.60","1,235.20","1,264.20","1,235.20",0.04K,1.90%
01/22/2014,"1,239.00","1,241.70","1,242.00","1,239.00",0.06K,-0.27%
01/21/2014,"1,242.30","1,256.40","1,257.50","1,240.00",0.22K,-0.75%
01/17/2014,"1,251.70","1,239.70","1,254.30","1,239.70",0.10K,0.94%
01/16/2014,"1,240.00","1,239.30","1,242.80","1,239.00",0.05K,0.15%
01/15/2014,"1,238.10","1,243.10","1,243.20","1,238.10",0.07K,-0.57%
01/14/2014,"1,245.20","1,251.00","1,251.30","1,242.00",0.04K,-0.46%
01/13/2014,"1,250.90","1,250.60","1,252.70","1,245.50",0.05K,0.34%
01/10/2014,"1,246.70","1,235.00","1,246.80","1,234.00",0.06K,1.42%
01/09/2014,"1,229.30","1,225.80","1,229.30","1,225.80",0.01K,0.33%
01/08/2014,"1,225.30","1,227.50","1,227.50","1,218.60",0.19K,-0.33%
01/07/2014,"1,229.40","1,239.30","1,242.40","1,226.30",0.07K,-0.68%
01/06/2014,"1,237.80","1,232.80","1,247.00","1,221.90",0.13K,-0.05%
01/03/2014,"1,238.40","1,221.70","1,239.00","1,221.70",0.14K,1.09%
01/02/2014,"1,225.00","1,204.30","1,227.30","1,204.30",0.21K,1.92%
12/31/2013,"1,201.90","1,196.40","1,212.40","1,182.00",0.12K,-0.10%
12/30/2013,"1,203.10","1,215.00","1,215.00","1,194.40",0.35K,-1.07%
12/27/2013,"1,216.10","1,213.40","1,218.50","1,212.90",0.28K,0.16%
12/26/2013,"1,214.10","1,207.10","1,215.90","1,207.10",0.14K,0.75%
12/24/2013,"1,205.10","1,199.80","1,205.60","1,197.70",0.18K,0.56%
12/23/2013,"1,198.40","1,205.20","1,205.20","1,195.90",0.12K,-0.56%
12/20/2013,"1,205.10","1,190.90","1,207.80","1,190.90",0.20K,0.85%
12/19/2013,"1,195.00","1,226.60","1,226.60","1,188.70",0.12K,-3.32%
12/18/2013,"1,236.10","1,231.50","1,245.10","1,217.00",0.11K,0.40%
12/17/2013,"1,231.20","1,237.00","1,240.40","1,231.20",0.02K,-1.15%
12/16/2013,"1,245.50","1,238.40","1,250.60","1,228.90",0.24K,0.79%
12/13/2013,"1,235.70","1,226.70","1,239.00","1,222.20",0.45K,0.79%
12/12/2013,"1,226.00","1,253.50","1,255.40","1,225.90",0.61K,-2.58%
12/11/2013,"1,258.50","1,261.90","1,261.90","1,252.10",0.15K,-0.31%
12/10/2013,"1,262.40","1,239.00","1,267.00","1,239.00",0.88K,2.19%
12/09/2013,"1,235.30","1,230.20","1,243.20","1,229.00",0.35K,0.41%
12/06/2013,"1,230.30","1,228.70","1,242.00","1,213.00",1.03K,-0.24%
12/05/2013,"1,233.20","1,240.00","1,241.50","1,218.60",0.45K,-1.20%
12/04/2013,"1,248.20","1,225.10","1,250.40","1,212.90",1.82K,2.17%
12/03/2013,"1,221.70","1,219.20","1,225.70","1,215.60",1.93K,-0.05%
12/02/2013,"1,222.30","1,251.40","1,251.50","1,217.80",4.98K,-2.26%
11/29/2013,"1,250.60","1,237.80","1,254.50","1,233.70",9.20K,1.03%
11/27/2013,"1,237.80","1,241.60","1,254.80","1,235.50",82.33K,-0.29%
11/26/2013,"1,241.40","1,243.00","1,243.00","1,241.40",178.42K,0.02%
11/25/2013,"1,241.10","1,231.10","1,241.10","1,229.00",0.02K,-0.23%
11/22/2013,"1,244.00","1,243.20","1,247.00","1,241.40",0.08K,0.04%
11/21/2013,"1,243.50","1,245.70","1,247.10","1,236.50",0.09K,-1.14%
11/20/2013,"1,257.90","1,269.00","1,269.00","1,241.90",0.12K,-1.22%
11/19/2013,"1,273.40","1,274.20","1,275.20","1,271.00",0.01K,0.09%
11/18/2013,"1,272.20","1,284.70","1,284.80","1,272.20",0.01K,-1.17%
11/15/2013,"1,287.30","1,287.70","1,288.50","1,281.50",0.02K,0.09%
11/14/2013,"1,286.20","1,280.20","1,293.30","1,278.10",0.03K,1.41%
11/13/2013,"1,268.30","1,274.00","1,280.50","1,268.30",0.02K,-0.22%
11/12/2013,"1,271.10","1,282.30","1,282.30","1,271.10",0.00K,-0.77%
11/11/2013,"1,281.00","1,281.60","1,281.80","1,281.00",0.01K,-0.27%
11/08/2013,"1,284.50","1,308.00","1,308.10","1,281.30",0.02K,-1.83%
11/07/2013,"1,308.40","1,323.60","1,323.60","1,298.00",0.13K,-0.71%
11/06/2013,"1,317.70","1,313.50","1,318.60","1,312.50",0.01K,0.74%
11/05/2013,"1,308.00","1,313.30","1,317.50","1,306.90",0.10K,-0.50%
11/04/2013,"1,314.60","1,314.60","1,320.50","1,312.10",0.04K,0.11%
11/01/2013,"1,313.10","1,325.70","1,325.70","1,308.00",0.02K,-0.79%
10/31/2013,"1,323.60","1,334.00","1,334.00","1,321.70",0.06K,-1.88%
10/30/2013,"1,349.00","1,340.80","1,355.80","1,335.60",0.04K,0.28%
10/29/2013,"1,345.20","1,359.60","1,359.70","1,345.20",0.17K,-0.50%
10/28/2013,"1,352.00","1,351.40","1,359.20","1,349.00",0.02K,-0.03%
10/25/2013,"1,352.40","1,346.20","1,353.00","1,346.20",0.02K,0.16%
10/24/2013,"1,350.20","1,334.50","1,350.20","1,334.50",0.02K,1.22%
10/23/2013,"1,333.90","1,331.90","1,333.90","1,331.90",0.01K,-0.64%
10/22/2013,"1,342.50","1,313.90","1,342.60","1,313.90",0.06K,2.04%
10/21/2013,"1,315.70","1,316.80","1,317.70","1,315.70",0.02K,0.10%
10/18/2013,"1,314.40","1,318.80","1,326.00","1,312.60",0.07K,-0.63%
10/17/2013,"1,322.70","1,307.00","1,322.70","1,307.00",0.07K,3.17%
10/16/2013,"1,282.00","1,282.80","1,284.00","1,269.20",0.09K,0.71%
10/15/2013,"1,273.00","1,270.50","1,283.60","1,254.10",0.21K,-0.27%
10/14/2013,"1,276.40","1,275.80","1,285.80","1,273.90",0.06K,0.66%
10/11/2013,"1,268.00","1,286.90","1,291.60","1,263.80",0.21K,-2.21%
10/10/2013,"1,296.60","1,303.40","1,310.80","1,285.00",0.09K,-0.79%
10/09/2013,"1,306.90","1,317.60","1,319.00","1,295.30",0.14K,-1.31%
10/08/2013,"1,324.20","1,326.50","1,330.00","1,321.20",0.06K,-0.05%
10/07/2013,"1,324.80","1,313.80","1,325.40","1,311.80",0.08K,1.15%
10/04/2013,"1,309.70","1,316.20","1,318.10","1,305.70",0.04K,-0.58%
10/03/2013,"1,317.40","1,312.00","1,319.50","1,302.50",0.22K,-0.24%
10/02/2013,"1,320.60","1,288.50","1,321.00","1,280.00",0.15K,2.69%
10/01/2013,"1,286.00","1,328.00","1,334.00","1,284.50",0.81K,-3.05%
09/30/2013,"1,326.50","1,345.80","1,350.90","1,322.00",0.60K,-0.89%
09/27/2013,"1,338.40","1,321.50","1,343.80","1,319.70",2.99K,1.12%
09/26/2013,"1,323.60","1,335.20","1,338.30","1,323.60",13.17K,-0.92%
09/25/2013,"1,335.90","1,322.70","1,335.90","1,322.70",0.05K,1.51%
09/24/2013,"1,316.00","1,321.20","1,324.90","1,309.40",0.06K,-0.82%
09/23/2013,"1,326.90","1,327.10","1,327.80","1,317.60",0.08K,-0.42%
09/20/2013,"1,332.50","1,347.50","1,347.50","1,330.70",0.00K,-2.69%
09/19/2013,"1,369.40","1,362.90","1,373.00","1,362.90",0.04K,4.71%
09/18/2013,"1,307.80","1,292.10","1,347.70","1,292.10",0.03K,-0.13%
09/17/2013,"1,309.50","1,313.00","1,313.10","1,309.50",0.02K,-0.64%
09/16/2013,"1,317.90","1,328.40","1,329.60","1,310.80",0.11K,0.73%
09/13/2013,"1,308.40","1,322.90","1,323.00","1,305.30",0.04K,-1.65%
09/12/2013,"1,330.40","1,360.00","1,360.00","1,322.40",0.12K,-2.46%
09/11/2013,"1,363.90","1,365.80","1,365.80","1,356.70",0.06K,-0.01%
09/10/2013,"1,364.10","1,377.50","1,377.50","1,357.60",0.02K,-1.64%
09/09/2013,"1,386.80","1,389.80","1,389.80","1,386.50",0.04K,0.01%
09/06/2013,"1,386.70","1,371.00","1,390.10","1,368.90",0.05K,0.99%
09/05/2013,"1,373.10","1,393.50","1,397.50","1,367.10",0.04K,-1.21%
09/04/2013,"1,389.90","1,413.00","1,413.00","1,387.10",0.10K,-1.57%
09/03/2013,"1,412.00","1,393.00","1,414.40","1,382.30",0.14K,1.14%
08/30/2013,"1,396.10","1,407.20","1,409.80","1,392.30",,-1.19%
08/29/2013,"1,412.90","1,417.40","1,417.40","1,404.50",0.38K,-0.43%
08/28/2013,"1,419.00","1,417.30","1,428.00","1,417.30",0.49K,-0.11%
08/27/2013,"1,420.60","1,403.80","1,421.10","1,398.70",0.40K,1.98%
08/26/2013,"1,393.00","1,398.60","1,402.80","1,391.30",0.20K,-0.19%
08/23/2013,"1,395.70","1,376.80","1,398.20","1,373.90",0.18K,1.79%
08/22/2013,"1,371.20","1,362.00","1,380.40","1,362.00",0.08K,0.04%
08/21/2013,"1,370.60","1,372.50","1,377.30","1,360.90",0.11K,-0.18%
08/20/2013,"1,373.10","1,355.00","1,377.00","1,355.00",0.12K,0.51%
08/19/2013,"1,366.20","1,379.00","1,384.40","1,363.90",0.14K,-0.40%
08/16/2013,"1,371.70","1,366.80","1,378.90","1,361.00",0.17K,0.74%
08/15/2013,"1,361.60","1,340.10","1,369.60","1,319.90",0.23K,2.07%
08/14/2013,"1,334.00","1,317.70","1,336.30","1,317.70",0.33K,0.97%
08/13/2013,"1,321.20","1,331.90","1,339.10","1,320.20",0.21K,-1.01%
08/12/2013,"1,334.70","1,317.20","1,342.40","1,317.20",0.31K,1.66%
08/09/2013,"1,312.90","1,315.10","1,315.80","1,306.70",0.45K,0.17%
08/08/2013,"1,310.70","1,283.90","1,312.80","1,283.70",0.48K,1.91%
08/07/2013,"1,286.10","1,282.50","1,288.40","1,274.00",0.99K,0.23%
08/06/2013,"1,283.20","1,303.00","1,305.90","1,279.30",1.31K,-1.49%
08/05/2013,"1,302.60","1,311.20","1,318.30","1,297.50",0.90K,-0.61%
08/02/2013,"1,310.60","1,306.70","1,317.00","1,283.00",1.45K,-0.03%
08/01/2013,"1,311.00","1,323.00","1,328.50","1,306.90",1.56K,-0.11%
07/31/2013,"1,312.40","1,325.50","1,338.40","1,304.90",6.25K,-0.88%
07/30/2013,"1,324.00","1,327.20","1,329.60","1,316.20",44.77K,-0.33%
07/29/2013,"1,328.40","1,328.40","1,328.40","1,328.40",134.36K,0.51%
07/26/2013,"1,321.70","1,326.50","1,326.50","1,321.70",0.07K,-0.55%
07/25/2013,"1,329.00","1,318.50","1,336.80","1,318.50",0.06K,0.70%
07/24/2013,"1,319.70","1,342.20","1,343.50","1,318.60",0.04K,-1.15%
07/23/2013,"1,335.10","1,334.80","1,342.30","1,327.90",0.01K,-0.10%
07/22/2013,"1,336.40","1,317.00","1,336.40","1,317.00",0.02K,3.33%
07/19/2013,"1,293.30","1,291.70","1,293.30","1,290.00",0.01K,0.68%
07/18/2013,"1,284.60","1,275.30","1,286.40","1,275.20",0.03K,0.52%
07/17/2013,"1,277.90","1,286.20","1,294.40","1,272.90",0.01K,-1.00%
07/16/2013,"1,290.80","1,279.40","1,291.40","1,279.40",0.01K,0.55%
07/15/2013,"1,283.80","1,292.10","1,292.40","1,281.60",0.02K,0.47%
07/12/2013,"1,277.80","1,282.30","1,282.30","1,274.30",0.01K,-0.18%
07/11/2013,"1,280.10","1,284.60","1,285.00","1,278.90",0.02K,2.62%
07/10/2013,"1,247.40","1,244.60","1,263.90","1,244.60",0.06K,0.12%
07/09/2013,"1,245.90","1,234.70","1,254.50","1,234.40",0.03K,0.89%
07/08/2013,"1,234.90","1,218.80","1,235.20","1,215.40",0.06K,1.81%
07/05/2013,"1,212.90","1,252.70","1,254.10","1,208.90",0.07K,-3.13%
07/03/2013,"1,252.10","1,243.80","1,258.20","1,240.30",0.02K,0.68%
07/02/2013,"1,243.60","1,254.10","1,266.30","1,241.20",0.11K,-0.98%
07/01/2013,"1,255.90","1,234.70","1,261.00","1,234.20",0.15K,2.62%
06/28/2013,"1,223.80","1,200.90","1,232.30","1,183.20",0.23K,1.02%
06/27/2013,"1,211.40","1,224.70","1,241.40","1,198.30",0.53K,-1.48%
06/26/2013,"1,229.60","1,273.90","1,273.90","1,228.80",0.98K,-3.55%
06/25/2013,"1,274.80","1,281.30","1,286.00","1,273.20",0.95K,-0.16%
06/24/2013,"1,276.80","1,297.30","1,297.30","1,275.70",0.32K,-1.15%
06/21/2013,"1,291.60","1,280.40","1,300.00","1,268.90",0.46K,0.44%
06/20/2013,"1,285.90","1,348.10","1,348.10","1,275.40",0.71K,-6.38%
06/19/2013,"1,373.60","1,368.10","1,373.60","1,348.10",0.20K,0.51%
06/18/2013,"1,366.60","1,383.10","1,383.50","1,363.00",0.35K,-1.17%
06/17/2013,"1,382.80","1,390.30","1,390.50","1,380.00",0.11K,-0.32%
06/14/2013,"1,387.30","1,383.90","1,389.60","1,377.80",0.09K,0.70%
06/13/2013,"1,377.60","1,386.80","1,390.90","1,373.40",0.46K,-1.02%
06/12/2013,"1,391.80","1,375.00","1,393.50","1,373.70",0.51K,1.07%
06/11/2013,"1,377.00","1,384.20","1,384.40","1,366.00",0.48K,-0.66%
06/10/2013,"1,386.20","1,378.80","1,386.90","1,375.60",0.37K,0.23%
06/07/2013,"1,383.00","1,411.50","1,416.10","1,377.90",1.16K,-2.31%
06/06/2013,"1,415.70","1,401.70","1,422.70","1,391.60",0.78K,1.24%
06/05/2013,"1,398.40","1,397.50","1,410.00","1,395.60",1.69K,0.09%
06/04/2013,"1,397.10","1,410.90","1,413.70","1,389.00",0.93K,-1.03%
06/03/2013,"1,411.70","1,389.10","1,416.30","1,388.30",1.42K,1.37%
05/31/2013,"1,392.60","1,412.40","1,421.10","1,384.20",6.00K,-1.34%
05/30/2013,"1,411.50","1,392.10","1,417.50","1,388.30",45.13K,1.45%
05/29/2013,"1,391.30","1,391.30","1,391.30","1,391.30",168.66K,0.88%
05/28/2013,"1,379.10","1,380.80","1,390.40","1,379.10",0.06K,-0.56%
05/24/2013,"1,386.80","1,386.80","1,386.80","1,386.80",0.00K,-0.37%
05/23/2013,"1,392.00","1,380.60","1,394.80","1,377.80",0.06K,1.78%
05/22/2013,"1,367.60","1,387.20","1,395.70","1,364.50",0.01K,-0.74%
05/21/2013,"1,377.80","1,386.50","1,392.30","1,358.50",0.05K,-0.47%
05/20/2013,"1,384.30","1,342.90","1,387.50","1,342.90",0.02K,1.42%
05/17/2013,"1,364.90","1,386.70","1,391.10","1,359.10",0.05K,-1.60%
05/16/2013,"1,387.10","1,390.40","1,395.10","1,370.60",0.04K,-0.67%
05/15/2013,"1,396.50","1,425.70","1,425.70","1,390.10",0.36K,-1.98%
05/14/2013,"1,424.70","1,430.10","1,444.40","1,422.00",0.07K,-0.68%
05/13/2013,"1,434.50","1,440.00","1,440.60","1,427.80",0.34K,-0.16%
05/10/2013,"1,436.80","1,455.60","1,459.30","1,423.00",0.57K,-2.18%
05/09/2013,"1,468.80","1,471.20","1,473.40","1,453.00",0.03K,-0.35%
05/08/2013,"1,473.90","1,455.50","1,474.70","1,450.70",0.08K,1.72%
05/07/2013,"1,449.00","1,462.00","1,466.20","1,441.20",0.09K,-1.30%
05/06/2013,"1,468.10","1,468.10","1,477.20","1,466.80",0.03K,0.26%
05/03/2013,"1,464.30","1,465.50","1,487.10","1,461.40",0.07K,-0.23%
05/02/2013,"1,467.70","1,459.00","1,471.20","1,453.50",0.24K,1.48%
05/01/2013,"1,446.30","1,475.80","1,477.10","1,440.00",0.13K,-1.76%
04/30/2013,"1,472.20","1,471.10","1,476.60","1,461.00",0.53K,0.33%
04/29/2013,"1,467.40","1,462.70","1,475.50","1,462.30",0.27K,0.95%
04/26/2013,"1,453.60","1,467.40","1,476.20","1,451.40",0.98K,-0.56%
04/25/2013,"1,461.80","1,433.00","1,461.80","1,433.00",0.22K,2.70%
04/24/2013,"1,423.40","1,423.20","1,430.10","1,420.40",0.14K,1.05%
04/23/2013,"1,408.60","1,429.50","1,429.50","1,405.80",0.33K,-0.87%
04/22/2013,"1,421.00","1,406.80","1,434.90","1,406.80",0.07K,1.84%
04/19/2013,"1,395.30","1,419.30","1,420.30","1,395.10",0.24K,0.24%
04/18/2013,"1,392.00","1,347.50","1,396.40","1,347.50",0.06K,0.71%
04/17/2013,"1,382.20","1,373.20","1,394.20","1,370.20",0.09K,-0.33%
04/16/2013,"1,386.80","1,358.00","1,401.00","1,323.00",0.62K,1.93%
04/15/2013,"1,360.60","1,478.20","1,487.40","1,338.00",1.31K,-9.35%
04/12/2013,"1,501.00","1,560.80","1,560.80","1,480.20",0.88K,-4.05%
04/11/2013,"1,564.30","1,557.10","1,566.70","1,554.80",1.07K,0.39%
04/10/2013,"1,558.30","1,584.40","1,586.00","1,557.00",0.36K,-1.76%
04/09/2013,"1,586.20","1,571.60","1,589.30","1,570.00",0.21K,0.90%
04/08/2013,"1,572.00","1,575.80","1,577.80","1,567.80",0.10K,-0.22%
04/05/2013,"1,575.40","1,553.20","1,580.60","1,550.10",1.18K,1.52%
04/04/2013,"1,551.80","1,557.30","1,557.30","1,539.10",0.83K,-0.06%
04/03/2013,"1,552.80","1,575.70","1,576.40","1,549.20",2.17K,-1.42%
04/02/2013,"1,575.10","1,599.20","1,602.60","1,574.10",2.29K,-1.56%
04/01/2013,"1,600.00","1,596.80","1,600.50","1,594.80",0.69K,0.33%
03/28/2013,"1,594.80","1,604.70","1,606.60","1,593.60",4.72K,-0.71%
03/27/2013,"1,606.20","1,598.50","1,608.10","1,590.30",50.45K,0.65%
03/26/2013,"1,595.80","1,595.80","1,595.80","1,595.80",165.48K,-0.55%
03/25/2013,"1,604.60","1,607.10","1,607.80","1,596.10",0.03K,-0.10%
03/22/2013,"1,606.20","1,611.00","1,611.00","1,604.10",0.10K,-0.47%
03/21/2013,"1,613.80","1,612.80","1,613.80","1,611.90",0.01K,0.39%
03/20/2013,"1,607.50","1,610.00","1,612.50","1,606.20",0.01K,-0.24%
03/19/2013,"1,611.30","1,613.10","1,613.10","1,611.30",0.20K,0.42%
03/18/2013,"1,604.60","1,605.90","1,607.70","1,601.60",0.61K,0.76%
03/15/2013,"1,592.50","1,590.50","1,594.40","1,590.20",0.01K,0.12%
03/14/2013,"1,590.60","1,585.70","1,590.60","1,575.70",0.14K,0.14%
03/13/2013,"1,588.30","1,592.30","1,596.00","1,585.00",0.40K,-0.20%
03/12/2013,"1,591.50","1,579.80","1,595.60","1,579.80",0.16K,0.87%
03/11/2013,"1,577.80","1,576.00","1,579.70","1,576.00",1.11K,0.08%
03/08/2013,"1,576.60","1,578.60","1,581.20","1,561.80",0.07K,0.11%
03/07/2013,"1,574.80","1,580.00","1,583.50","1,573.90",0.05K,0.01%
03/06/2013,"1,574.60","1,577.60","1,582.60","1,566.80",0.11K,0.00%
03/05/2013,"1,574.60","1,577.60","1,585.50","1,571.40",0.07K,0.16%
03/04/2013,"1,572.10","1,580.80","1,580.80","1,569.70",0.06K,0.01%
03/01/2013,"1,571.90","1,579.60","1,585.60","1,566.00",0.07K,-0.37%
02/28/2013,"1,577.70","1,596.00","1,601.60","1,575.10",0.10K,-1.10%
02/27/2013,"1,595.20","1,612.80","1,612.80","1,591.80",0.70K,-1.24%
02/26/2013,"1,615.20","1,593.30","1,615.20","1,589.00",1.16K,1.83%
02/25/2013,"1,586.20","1,579.40","1,596.00","1,577.70",0.12K,0.88%
02/22/2013,"1,572.40","1,580.00","1,585.40","1,572.40",0.08K,-0.37%
02/21/2013,"1,578.20","1,568.50","1,581.20","1,555.20",2.02K,0.04%
02/20/2013,"1,577.60","1,604.70","1,606.90","1,561.80",0.28K,-1.62%
02/19/2013,"1,603.60","1,610.00","1,617.00","1,599.70",0.27K,-0.32%
02/15/2013,"1,608.80","1,633.20","1,633.90","1,599.50",0.46K,-1.58%
02/14/2013,"1,634.70","1,641.10","1,646.90","1,632.70",0.22K,-0.58%
02/13/2013,"1,644.20","1,652.20","1,652.30","1,640.20",0.24K,-0.27%
02/12/2013,"1,648.70","1,643.80","1,650.40","1,642.40",0.09K,0.03%
02/11/2013,"1,648.20","1,666.50","1,668.00","1,643.70",0.87K,-1.07%
02/08/2013,"1,666.00","1,671.50","1,672.50","1,664.80",0.29K,-0.26%
02/07/2013,"1,670.40","1,677.00","1,682.10","1,663.10",0.47K,-0.44%
02/06/2013,"1,677.70","1,672.20","1,678.50","1,668.00",0.38K,0.32%
02/05/2013,"1,672.40","1,674.20","1,683.40","1,666.50",0.35K,-0.17%
02/04/2013,"1,675.30","1,668.00","1,676.50","1,661.60",0.45K,0.35%
02/01/2013,"1,669.40","1,663.90","1,681.20","1,659.90",3.25K,
